order_id,user_id,order_date,status,return_reason,refund_amount
32,3628,2020-01-02 07:00:00,Returned,Wrong Item,22.15
77,28,2020-01-04 04:00:00,Returned,Wrong Item,170.95
83,1032,2020-01-04 10:00:00,Returned,Customer Dissatisfaction,149.55
87,854,2020-01-04 14:00:00,Returned,Damaged,22.09
96,5310,2020-01-04 23:00:00,Returned,Late Delivery,90.45
105,1122,2020-01-05 08:00:00,Returned,Late Delivery,170.87
129,8146,2020-01-06 08:00:00,Returned,Late Delivery,128.28
181,5711,2020-01-08 12:00:00,Returned,Damaged,142.82
187,6044,2020-01-08 18:00:00,Returned,Damaged,166.79
189,1730,2020-01-08 20:00:00,Returned,Damaged,186.13
195,3015,2020-01-09 02:00:00,Returned,Late Delivery,14.33
205,1358,2020-01-09 12:00:00,Returned,Customer Dissatisfaction,27.45
213,9774,2020-01-09 20:00:00,Returned,Wrong Item,167.33
229,9496,2020-01-10 12:00:00,Returned,Customer Dissatisfaction,53.01
267,7397,2020-01-12 02:00:00,Returned,Damaged,141.06
268,3851,2020-01-12 03:00:00,Returned,Wrong Item,27.98
315,7870,2020-01-14 02:00:00,Returned,Customer Dissatisfaction,140.94
340,3064,2020-01-15 03:00:00,Returned,Wrong Item,21.36
346,234,2020-01-15 09:00:00,Returned,Wrong Item,143.94
349,1143,2020-01-15 12:00:00,Returned,Customer Dissatisfaction,186.06
351,6650,2020-01-15 14:00:00,Returned,Customer Dissatisfaction,46.04
356,7596,2020-01-15 19:00:00,Returned,Wrong Item,101.93
364,3609,2020-01-16 03:00:00,Returned,Customer Dissatisfaction,143.33
375,9362,2020-01-16 14:00:00,Returned,Customer Dissatisfaction,167.25
405,3428,2020-01-17 20:00:00,Returned,Customer Dissatisfaction,166.8
406,843,2020-01-17 21:00:00,Returned,Late Delivery,165.15
408,3887,2020-01-17 23:00:00,Returned,Customer Dissatisfaction,107.34
414,4004,2020-01-18 05:00:00,Returned,Wrong Item,137.24
421,7769,2020-01-18 12:00:00,Returned,Damaged,8.24
426,1056,2020-01-18 17:00:00,Returned,Damaged,72.24
443,650,2020-01-19 10:00:00,Returned,Damaged,178.65
457,6388,2020-01-20 00:00:00,Returned,Late Delivery,140.43
469,616,2020-01-20 12:00:00,Returned,Wrong Item,133.07
470,6563,2020-01-20 13:00:00,Returned,Customer Dissatisfaction,100.87
476,6019,2020-01-20 19:00:00,Returned,Customer Dissatisfaction,42.01
485,6676,2020-01-21 04:00:00,Returned,Customer Dissatisfaction,193.12
524,3309,2020-01-22 19:00:00,Returned,Damaged,129.44
529,974,2020-01-23 00:00:00,Returned,Damaged,86.71
531,7826,2020-01-23 02:00:00,Returned,Late Delivery,22.28
536,5213,2020-01-23 07:00:00,Returned,Wrong Item,176.25
551,2190,2020-01-23 22:00:00,Returned,Wrong Item,28.47
561,815,2020-01-24 08:00:00,Returned,Customer Dissatisfaction,60.89
563,4977,2020-01-24 10:00:00,Returned,Customer Dissatisfaction,187.69
573,5725,2020-01-24 20:00:00,Returned,Wrong Item,45.66
574,6370,2020-01-24 21:00:00,Returned,Late Delivery,81.74
580,3305,2020-01-25 03:00:00,Returned,Customer Dissatisfaction,21.7
584,6511,2020-01-25 07:00:00,Returned,Damaged,148.93
593,6048,2020-01-25 16:00:00,Returned,Customer Dissatisfaction,90.0
616,6030,2020-01-26 15:00:00,Returned,Damaged,120.74
631,6160,2020-01-27 06:00:00,Returned,Customer Dissatisfaction,164.95
641,3717,2020-01-27 16:00:00,Returned,Damaged,65.48
642,912,2020-01-27 17:00:00,Returned,Customer Dissatisfaction,167.72
649,3503,2020-01-28 00:00:00,Returned,Damaged,109.3
660,8518,2020-01-28 11:00:00,Returned,Damaged,154.41
682,2786,2020-01-29 09:00:00,Returned,Damaged,112.86
703,1124,2020-01-30 06:00:00,Returned,Damaged,131.05
722,5770,2020-01-31 01:00:00,Returned,Wrong Item,29.9
752,6895,2020-02-01 07:00:00,Returned,Late Delivery,115.65
766,7163,2020-02-01 21:00:00,Returned,Late Delivery,20.75
780,2555,2020-02-02 11:00:00,Returned,Customer Dissatisfaction,153.4
782,9286,2020-02-02 13:00:00,Returned,Customer Dissatisfaction,169.65
786,8085,2020-02-02 17:00:00,Returned,Wrong Item,41.86
791,3001,2020-02-02 22:00:00,Returned,Damaged,131.23
830,4076,2020-02-04 13:00:00,Returned,Late Delivery,114.45
866,7423,2020-02-06 01:00:00,Returned,Customer Dissatisfaction,116.43
867,1806,2020-02-06 02:00:00,Returned,Customer Dissatisfaction,48.77
899,8609,2020-02-07 10:00:00,Returned,Customer Dissatisfaction,27.53
903,3508,2020-02-07 14:00:00,Returned,Damaged,149.05
906,7839,2020-02-07 17:00:00,Returned,Wrong Item,82.88
915,4867,2020-02-08 02:00:00,Returned,Wrong Item,25.19
917,6560,2020-02-08 04:00:00,Returned,Wrong Item,39.06
927,9558,2020-02-08 14:00:00,Returned,Customer Dissatisfaction,119.9
959,4344,2020-02-09 22:00:00,Returned,Damaged,119.91
969,176,2020-02-10 08:00:00,Returned,Damaged,113.43
990,1253,2020-02-11 05:00:00,Returned,Wrong Item,175.07
1001,306,2020-02-11 16:00:00,Returned,Customer Dissatisfaction,135.49
1007,5631,2020-02-11 22:00:00,Returned,Customer Dissatisfaction,115.43
1009,9445,2020-02-12 00:00:00,Returned,Wrong Item,193.83
1010,1406,2020-02-12 01:00:00,Returned,Customer Dissatisfaction,68.12
1032,4585,2020-02-12 23:00:00,Returned,Damaged,46.6
1039,6698,2020-02-13 06:00:00,Returned,Wrong Item,42.74
1043,1977,2020-02-13 10:00:00,Returned,Late Delivery,17.92
1055,3109,2020-02-13 22:00:00,Returned,Late Delivery,9.17
1067,3892,2020-02-14 10:00:00,Returned,Damaged,53.77
1070,4400,2020-02-14 13:00:00,Returned,Damaged,79.6
1072,1310,2020-02-14 15:00:00,Returned,Customer Dissatisfaction,22.65
1077,9340,2020-02-14 20:00:00,Returned,Customer Dissatisfaction,26.39
1084,3321,2020-02-15 03:00:00,Returned,Wrong Item,59.66
1087,7977,2020-02-15 06:00:00,Returned,Customer Dissatisfaction,167.54
1100,7590,2020-02-15 19:00:00,Returned,Late Delivery,163.24
1129,2074,2020-02-17 00:00:00,Returned,Damaged,128.59
1130,9759,2020-02-17 01:00:00,Returned,Late Delivery,67.63
1151,7746,2020-02-17 22:00:00,Returned,Customer Dissatisfaction,84.91
1161,8512,2020-02-18 08:00:00,Returned,Damaged,20.79
1166,5611,2020-02-18 13:00:00,Returned,Customer Dissatisfaction,165.47
1173,8754,2020-02-18 20:00:00,Returned,Damaged,24.05
1183,654,2020-02-19 06:00:00,Returned,Damaged,60.34
1213,2455,2020-02-20 12:00:00,Returned,Damaged,143.74
1215,6165,2020-02-20 14:00:00,Returned,Late Delivery,175.02
1220,1107,2020-02-20 19:00:00,Returned,Wrong Item,28.97
1226,1371,2020-02-21 01:00:00,Returned,Customer Dissatisfaction,99.66
1228,7293,2020-02-21 03:00:00,Returned,Damaged,9.87
1241,3369,2020-02-21 16:00:00,Returned,Late Delivery,84.79
1243,3174,2020-02-21 18:00:00,Returned,Wrong Item,137.19
1248,3034,2020-02-21 23:00:00,Returned,Wrong Item,104.04
1270,9233,2020-02-22 21:00:00,Returned,Late Delivery,44.43
1281,2500,2020-02-23 08:00:00,Returned,Damaged,170.13
1289,3783,2020-02-23 16:00:00,Returned,Damaged,92.19
1298,8712,2020-02-24 01:00:00,Returned,Late Delivery,177.69
1300,6915,2020-02-24 03:00:00,Returned,Late Delivery,130.14
1311,9920,2020-02-24 14:00:00,Returned,Late Delivery,64.59
1314,5819,2020-02-24 17:00:00,Returned,Late Delivery,82.82
1325,5925,2020-02-25 04:00:00,Returned,Wrong Item,76.81
1327,4115,2020-02-25 06:00:00,Returned,Late Delivery,27.48
1334,4204,2020-02-25 13:00:00,Returned,Late Delivery,56.56
1353,9585,2020-02-26 08:00:00,Returned,Customer Dissatisfaction,70.13
1354,4008,2020-02-26 09:00:00,Returned,Late Delivery,74.65
1360,6293,2020-02-26 15:00:00,Returned,Late Delivery,28.3
1365,4096,2020-02-26 20:00:00,Returned,Late Delivery,31.54
1386,4577,2020-02-27 17:00:00,Returned,Late Delivery,180.46
1389,634,2020-02-27 20:00:00,Returned,Damaged,63.48
1401,7791,2020-02-28 08:00:00,Returned,Damaged,190.83
1407,6193,2020-02-28 14:00:00,Returned,Customer Dissatisfaction,10.45
1414,4413,2020-02-28 21:00:00,Returned,Damaged,54.59
1458,4780,2020-03-01 17:00:00,Returned,Customer Dissatisfaction,66.9
1464,3546,2020-03-01 23:00:00,Returned,Wrong Item,54.27
1472,8100,2020-03-02 07:00:00,Returned,Damaged,128.48
1494,5245,2020-03-03 05:00:00,Returned,Late Delivery,109.4
1524,7367,2020-03-04 11:00:00,Returned,Wrong Item,128.18
1533,811,2020-03-04 20:00:00,Returned,Wrong Item,82.44
1538,9444,2020-03-05 01:00:00,Returned,Late Delivery,77.1
1542,4420,2020-03-05 05:00:00,Returned,Late Delivery,148.89
1553,7321,2020-03-05 16:00:00,Returned,Damaged,114.7
1570,7966,2020-03-06 09:00:00,Returned,Wrong Item,23.22
1576,4753,2020-03-06 15:00:00,Returned,Damaged,76.9
1578,759,2020-03-06 17:00:00,Returned,Wrong Item,150.75
1579,6797,2020-03-06 18:00:00,Returned,Wrong Item,58.21
1583,68,2020-03-06 22:00:00,Returned,Customer Dissatisfaction,54.3
1606,6705,2020-03-07 21:00:00,Returned,Customer Dissatisfaction,116.42
1618,3541,2020-03-08 09:00:00,Returned,Damaged,195.64
1622,1330,2020-03-08 13:00:00,Returned,Wrong Item,124.62
1630,6155,2020-03-08 21:00:00,Returned,Wrong Item,191.9
1638,9434,2020-03-09 05:00:00,Returned,Wrong Item,199.07
1643,9117,2020-03-09 10:00:00,Returned,Wrong Item,179.34
1647,7106,2020-03-09 14:00:00,Returned,Customer Dissatisfaction,9.11
1652,5917,2020-03-09 19:00:00,Returned,Damaged,82.58
1654,7384,2020-03-09 21:00:00,Returned,Wrong Item,190.46
1658,3942,2020-03-10 01:00:00,Returned,Late Delivery,198.27
1670,1909,2020-03-10 13:00:00,Returned,Customer Dissatisfaction,14.61
1709,2948,2020-03-12 04:00:00,Returned,Late Delivery,164.55
1716,5950,2020-03-12 11:00:00,Returned,Damaged,52.8
1721,1512,2020-03-12 16:00:00,Returned,Wrong Item,141.76
1734,2088,2020-03-13 05:00:00,Returned,Late Delivery,116.08
1740,3710,2020-03-13 11:00:00,Returned,Wrong Item,23.55
1742,4463,2020-03-13 13:00:00,Returned,Damaged,101.92
1756,796,2020-03-14 03:00:00,Returned,Late Delivery,109.35
1759,2000,2020-03-14 06:00:00,Returned,Late Delivery,162.38
1792,3914,2020-03-15 15:00:00,Returned,Wrong Item,63.3
1795,9122,2020-03-15 18:00:00,Returned,Late Delivery,117.04
1817,9003,2020-03-16 16:00:00,Returned,Wrong Item,125.4
1819,173,2020-03-16 18:00:00,Returned,Customer Dissatisfaction,184.21
1820,6886,2020-03-16 19:00:00,Returned,Damaged,195.25
1870,5894,2020-03-18 21:00:00,Returned,Late Delivery,7.99
1877,9898,2020-03-19 04:00:00,Returned,Damaged,67.34
1881,791,2020-03-19 08:00:00,Returned,Damaged,37.46
1892,8264,2020-03-19 19:00:00,Returned,Wrong Item,39.79
1900,3735,2020-03-20 03:00:00,Returned,Wrong Item,187.54
1902,5470,2020-03-20 05:00:00,Returned,Late Delivery,28.41
1910,2771,2020-03-20 13:00:00,Returned,Damaged,159.93
1917,229,2020-03-20 20:00:00,Returned,Customer Dissatisfaction,87.27
1937,1097,2020-03-21 16:00:00,Returned,Damaged,149.15
1962,6121,2020-03-22 17:00:00,Returned,Customer Dissatisfaction,131.03
1966,9369,2020-03-22 21:00:00,Returned,Customer Dissatisfaction,177.62
1982,856,2020-03-23 13:00:00,Returned,Customer Dissatisfaction,65.18
2016,6753,2020-03-24 23:00:00,Returned,Late Delivery,143.73
2019,1624,2020-03-25 02:00:00,Returned,Late Delivery,63.83
2064,4641,2020-03-26 23:00:00,Returned,Wrong Item,74.53
2065,9575,2020-03-27 00:00:00,Returned,Wrong Item,160.53
2068,3956,2020-03-27 03:00:00,Returned,Late Delivery,89.45
2088,9741,2020-03-27 23:00:00,Returned,Customer Dissatisfaction,5.02
2092,1385,2020-03-28 03:00:00,Returned,Late Delivery,164.46
2095,2689,2020-03-28 06:00:00,Returned,Customer Dissatisfaction,51.25
2096,3137,2020-03-28 07:00:00,Returned,Wrong Item,62.4
2100,8229,2020-03-28 11:00:00,Returned,Customer Dissatisfaction,21.19
2106,3957,2020-03-28 17:00:00,Returned,Wrong Item,94.36
2133,8677,2020-03-29 20:00:00,Returned,Damaged,26.31
2141,5670,2020-03-30 04:00:00,Returned,Customer Dissatisfaction,88.8
2162,4182,2020-03-31 01:00:00,Returned,Wrong Item,51.29
2188,9469,2020-04-01 03:00:00,Returned,Customer Dissatisfaction,20.61
2191,9018,2020-04-01 06:00:00,Returned,Late Delivery,39.74
2198,699,2020-04-01 13:00:00,Returned,Damaged,33.58
2241,7660,2020-04-03 08:00:00,Returned,Late Delivery,180.02
2254,7406,2020-04-03 21:00:00,Returned,Damaged,78.09
2256,4309,2020-04-03 23:00:00,Returned,Damaged,55.23
2265,6594,2020-04-04 08:00:00,Returned,Damaged,50.62
2275,1876,2020-04-04 18:00:00,Returned,Wrong Item,191.05
2280,2807,2020-04-04 23:00:00,Returned,Damaged,120.88
2281,4378,2020-04-05 00:00:00,Returned,Customer Dissatisfaction,148.96
2288,3393,2020-04-05 07:00:00,Returned,Damaged,123.02
2309,5627,2020-04-06 04:00:00,Returned,Customer Dissatisfaction,72.88
2325,8417,2020-04-06 20:00:00,Returned,Late Delivery,159.96
2328,6079,2020-04-06 23:00:00,Returned,Wrong Item,7.35
2338,7390,2020-04-07 09:00:00,Returned,Damaged,82.66
2342,6113,2020-04-07 13:00:00,Returned,Wrong Item,170.05
2345,4656,2020-04-07 16:00:00,Returned,Damaged,69.18
2348,3837,2020-04-07 19:00:00,Returned,Wrong Item,68.42
2372,1277,2020-04-08 19:00:00,Returned,Damaged,186.01
2378,2520,2020-04-09 01:00:00,Returned,Damaged,100.49
2402,8671,2020-04-10 01:00:00,Returned,Damaged,170.71
2406,5902,2020-04-10 05:00:00,Returned,Customer Dissatisfaction,101.13
2410,3623,2020-04-10 09:00:00,Returned,Late Delivery,48.52
2414,2573,2020-04-10 13:00:00,Returned,Wrong Item,163.9
2416,5590,2020-04-10 15:00:00,Returned,Customer Dissatisfaction,136.27
2445,7964,2020-04-11 20:00:00,Returned,Late Delivery,55.33
2457,8700,2020-04-12 08:00:00,Returned,Late Delivery,124.71
2460,1141,2020-04-12 11:00:00,Returned,Wrong Item,21.46
2464,3728,2020-04-12 15:00:00,Returned,Wrong Item,177.04
2471,6017,2020-04-12 22:00:00,Returned,Late Delivery,90.36
2476,3258,2020-04-13 03:00:00,Returned,Late Delivery,44.1
2479,8762,2020-04-13 06:00:00,Returned,Wrong Item,113.4
2501,967,2020-04-14 04:00:00,Returned,Late Delivery,9.29
2516,9580,2020-04-14 19:00:00,Returned,Damaged,126.68
2521,7664,2020-04-15 00:00:00,Returned,Late Delivery,12.94
2524,5386,2020-04-15 03:00:00,Returned,Late Delivery,199.77
2530,1622,2020-04-15 09:00:00,Returned,Customer Dissatisfaction,128.25
2545,9431,2020-04-16 00:00:00,Returned,Wrong Item,168.13
2549,6604,2020-04-16 04:00:00,Returned,Late Delivery,11.46
2551,1564,2020-04-16 06:00:00,Returned,Wrong Item,183.15
2552,7446,2020-04-16 07:00:00,Returned,Late Delivery,81.61
2558,9723,2020-04-16 13:00:00,Returned,Late Delivery,188.86
2567,3764,2020-04-16 22:00:00,Returned,Late Delivery,99.5
2584,5524,2020-04-17 15:00:00,Returned,Customer Dissatisfaction,128.97
2586,1141,2020-04-17 17:00:00,Returned,Damaged,172.15
2605,9927,2020-04-18 12:00:00,Returned,Customer Dissatisfaction,179.29
2607,4938,2020-04-18 14:00:00,Returned,Customer Dissatisfaction,44.3
2623,1386,2020-04-19 06:00:00,Returned,Wrong Item,111.23
2646,3964,2020-04-20 05:00:00,Returned,Damaged,175.09
2650,9364,2020-04-20 09:00:00,Returned,Customer Dissatisfaction,186.82
2655,1950,2020-04-20 14:00:00,Returned,Late Delivery,198.35
2663,5908,2020-04-20 22:00:00,Returned,Late Delivery,57.64
2666,6688,2020-04-21 01:00:00,Returned,Damaged,189.33
2667,5827,2020-04-21 02:00:00,Returned,Late Delivery,85.23
2682,2798,2020-04-21 17:00:00,Returned,Late Delivery,80.72
2688,3812,2020-04-21 23:00:00,Returned,Wrong Item,173.46
2690,6639,2020-04-22 01:00:00,Returned,Wrong Item,37.28
2693,4693,2020-04-22 04:00:00,Returned,Customer Dissatisfaction,189.88
2707,8350,2020-04-22 18:00:00,Returned,Late Delivery,89.89
2725,3410,2020-04-23 12:00:00,Returned,Customer Dissatisfaction,167.65
2748,3441,2020-04-24 11:00:00,Returned,Wrong Item,171.41
2755,1504,2020-04-24 18:00:00,Returned,Wrong Item,50.76
2759,1218,2020-04-24 22:00:00,Returned,Customer Dissatisfaction,138.98
2762,3405,2020-04-25 01:00:00,Returned,Customer Dissatisfaction,66.92
2774,5981,2020-04-25 13:00:00,Returned,Late Delivery,184.83
2775,6227,2020-04-25 14:00:00,Returned,Customer Dissatisfaction,53.86
2776,3143,2020-04-25 15:00:00,Returned,Customer Dissatisfaction,42.34
2788,971,2020-04-26 03:00:00,Returned,Wrong Item,86.65
2813,7342,2020-04-27 04:00:00,Returned,Customer Dissatisfaction,11.4
2817,6836,2020-04-27 08:00:00,Returned,Damaged,168.11
2850,6157,2020-04-28 17:00:00,Returned,Damaged,128.65
2854,9043,2020-04-28 21:00:00,Returned,Late Delivery,38.97
2862,9222,2020-04-29 05:00:00,Returned,Wrong Item,169.23
2896,1819,2020-04-30 15:00:00,Returned,Damaged,38.93
2910,8502,2020-05-01 05:00:00,Returned,Late Delivery,124.64
2924,5805,2020-05-01 19:00:00,Returned,Customer Dissatisfaction,20.54
2940,1423,2020-05-02 11:00:00,Returned,Wrong Item,28.77
2952,5766,2020-05-02 23:00:00,Returned,Customer Dissatisfaction,139.1
2955,2732,2020-05-03 02:00:00,Returned,Customer Dissatisfaction,199.95
2957,4551,2020-05-03 04:00:00,Returned,Wrong Item,199.24
2967,7609,2020-05-03 14:00:00,Returned,Late Delivery,91.2
2984,3268,2020-05-04 07:00:00,Returned,Customer Dissatisfaction,77.11
3018,5205,2020-05-05 17:00:00,Returned,Damaged,40.14
3028,6585,2020-05-06 03:00:00,Returned,Damaged,120.8
3044,4573,2020-05-06 19:00:00,Returned,Wrong Item,33.1
3046,1799,2020-05-06 21:00:00,Returned,Customer Dissatisfaction,198.92
3055,2356,2020-05-07 06:00:00,Returned,Wrong Item,152.48
3058,8306,2020-05-07 09:00:00,Returned,Damaged,107.39
3064,3227,2020-05-07 15:00:00,Returned,Customer Dissatisfaction,65.46
3067,1507,2020-05-07 18:00:00,Returned,Damaged,110.09
3082,8251,2020-05-08 09:00:00,Returned,Damaged,105.62
3097,9347,2020-05-09 00:00:00,Returned,Damaged,194.09
3102,5694,2020-05-09 05:00:00,Returned,Customer Dissatisfaction,140.28
3114,4506,2020-05-09 17:00:00,Returned,Damaged,145.48
3117,2516,2020-05-09 20:00:00,Returned,Late Delivery,76.66
3123,2005,2020-05-10 02:00:00,Returned,Late Delivery,74.77
3131,5170,2020-05-10 10:00:00,Returned,Wrong Item,81.76
3138,9266,2020-05-10 17:00:00,Returned,Wrong Item,138.73
3147,5014,2020-05-11 02:00:00,Returned,Damaged,18.74
3170,6180,2020-05-12 01:00:00,Returned,Wrong Item,70.23
3174,1601,2020-05-12 05:00:00,Returned,Customer Dissatisfaction,34.64
3177,7516,2020-05-12 08:00:00,Returned,Late Delivery,74.21
3186,6688,2020-05-12 17:00:00,Returned,Late Delivery,21.41
3201,7639,2020-05-13 08:00:00,Returned,Late Delivery,133.08
3207,4266,2020-05-13 14:00:00,Returned,Customer Dissatisfaction,181.64
3210,5545,2020-05-13 17:00:00,Returned,Customer Dissatisfaction,161.7
3217,5580,2020-05-14 00:00:00,Returned,Late Delivery,72.95
3218,1439,2020-05-14 01:00:00,Returned,Wrong Item,133.2
3237,3970,2020-05-14 20:00:00,Returned,Damaged,38.57
3241,5427,2020-05-15 00:00:00,Returned,Customer Dissatisfaction,53.67
3245,3890,2020-05-15 04:00:00,Returned,Damaged,81.82
3256,8604,2020-05-15 15:00:00,Returned,Late Delivery,9.85
3259,1617,2020-05-15 18:00:00,Returned,Late Delivery,28.63
3266,7023,2020-05-16 01:00:00,Returned,Customer Dissatisfaction,28.46
3280,9791,2020-05-16 15:00:00,Returned,Late Delivery,24.24
3281,930,2020-05-16 16:00:00,Returned,Wrong Item,57.91
3298,2533,2020-05-17 09:00:00,Returned,Customer Dissatisfaction,83.49
3299,9482,2020-05-17 10:00:00,Returned,Damaged,42.87
3312,255,2020-05-17 23:00:00,Returned,Customer Dissatisfaction,19.66
3318,2125,2020-05-18 05:00:00,Returned,Customer Dissatisfaction,103.91
3348,7467,2020-05-19 11:00:00,Returned,Customer Dissatisfaction,70.43
3351,8502,2020-05-19 14:00:00,Returned,Customer Dissatisfaction,35.44
3355,9528,2020-05-19 18:00:00,Returned,Damaged,149.86
3358,6940,2020-05-19 21:00:00,Returned,Late Delivery,10.13
3365,1257,2020-05-20 04:00:00,Returned,Customer Dissatisfaction,159.97
3367,8708,2020-05-20 06:00:00,Returned,Wrong Item,54.31
3397,7266,2020-05-21 12:00:00,Returned,Wrong Item,23.05
3402,2007,2020-05-21 17:00:00,Returned,Late Delivery,106.29
3433,3542,2020-05-23 00:00:00,Returned,Damaged,14.37
3437,4664,2020-05-23 04:00:00,Returned,Damaged,119.33
3443,6542,2020-05-23 10:00:00,Returned,Customer Dissatisfaction,26.55
3451,6227,2020-05-23 18:00:00,Returned,Late Delivery,102.11
3469,6142,2020-05-24 12:00:00,Returned,Late Delivery,71.75
3491,1002,2020-05-25 10:00:00,Returned,Damaged,118.06
3496,9563,2020-05-25 15:00:00,Returned,Late Delivery,91.15
3510,2496,2020-05-26 05:00:00,Returned,Damaged,43.09
3511,851,2020-05-26 06:00:00,Returned,Customer Dissatisfaction,153.97
3537,2815,2020-05-27 08:00:00,Returned,Customer Dissatisfaction,72.46
3551,2074,2020-05-27 22:00:00,Returned,Customer Dissatisfaction,159.24
3560,7425,2020-05-28 07:00:00,Returned,Late Delivery,166.73
3567,8344,2020-05-28 14:00:00,Returned,Damaged,21.8
3568,2959,2020-05-28 15:00:00,Returned,Wrong Item,57.12
3586,4117,2020-05-29 09:00:00,Returned,Customer Dissatisfaction,156.24
3588,6658,2020-05-29 11:00:00,Returned,Damaged,90.03
3599,3024,2020-05-29 22:00:00,Returned,Customer Dissatisfaction,150.98
3603,9050,2020-05-30 02:00:00,Returned,Customer Dissatisfaction,19.64
3604,9648,2020-05-30 03:00:00,Returned,Wrong Item,61.18
3608,9183,2020-05-30 07:00:00,Returned,Damaged,161.85
3625,6497,2020-05-31 00:00:00,Returned,Customer Dissatisfaction,100.27
3660,9226,2020-06-01 11:00:00,Returned,Customer Dissatisfaction,190.47
3678,7355,2020-06-02 05:00:00,Returned,Customer Dissatisfaction,20.37
3682,2652,2020-06-02 09:00:00,Returned,Damaged,168.45
3683,5204,2020-06-02 10:00:00,Returned,Customer Dissatisfaction,192.89
3687,9497,2020-06-02 14:00:00,Returned,Damaged,178.47
3693,3896,2020-06-02 20:00:00,Returned,Customer Dissatisfaction,112.2
3706,6388,2020-06-03 09:00:00,Returned,Late Delivery,186.89
3708,9158,2020-06-03 11:00:00,Returned,Late Delivery,31.76
3771,8114,2020-06-06 02:00:00,Returned,Customer Dissatisfaction,42.99
3774,3233,2020-06-06 05:00:00,Returned,Late Delivery,97.34
3786,484,2020-06-06 17:00:00,Returned,Customer Dissatisfaction,103.15
3796,4784,2020-06-07 03:00:00,Returned,Customer Dissatisfaction,151.73
3800,3444,2020-06-07 07:00:00,Returned,Damaged,128.26
3814,5990,2020-06-07 21:00:00,Returned,Wrong Item,193.45
3815,2411,2020-06-07 22:00:00,Returned,Late Delivery,51.71
3827,3432,2020-06-08 10:00:00,Returned,Customer Dissatisfaction,109.65
3832,89,2020-06-08 15:00:00,Returned,Wrong Item,89.71
3834,1830,2020-06-08 17:00:00,Returned,Late Delivery,169.26
3846,9332,2020-06-09 05:00:00,Returned,Damaged,15.86
3857,1920,2020-06-09 16:00:00,Returned,Wrong Item,61.05
3867,2852,2020-06-10 02:00:00,Returned,Customer Dissatisfaction,135.09
3877,1314,2020-06-10 12:00:00,Returned,Late Delivery,23.81
3886,6552,2020-06-10 21:00:00,Returned,Damaged,160.94
3901,5275,2020-06-11 12:00:00,Returned,Damaged,90.94
3913,9112,2020-06-12 00:00:00,Returned,Wrong Item,59.95
3918,4724,2020-06-12 05:00:00,Returned,Wrong Item,24.12
3920,488,2020-06-12 07:00:00,Returned,Customer Dissatisfaction,185.09
3930,2618,2020-06-12 17:00:00,Returned,Damaged,149.85
3932,3891,2020-06-12 19:00:00,Returned,Damaged,24.82
3936,2881,2020-06-12 23:00:00,Returned,Customer Dissatisfaction,7.1
3939,7039,2020-06-13 02:00:00,Returned,Customer Dissatisfaction,192.36
3942,9900,2020-06-13 05:00:00,Returned,Damaged,176.6
3947,464,2020-06-13 10:00:00,Returned,Wrong Item,195.61
3959,2301,2020-06-13 22:00:00,Returned,Damaged,91.68
3961,9327,2020-06-14 00:00:00,Returned,Customer Dissatisfaction,58.6
3966,7193,2020-06-14 05:00:00,Returned,Damaged,96.69
3975,7959,2020-06-14 14:00:00,Returned,Customer Dissatisfaction,62.28
3976,7850,2020-06-14 15:00:00,Returned,Wrong Item,108.08
3998,7348,2020-06-15 13:00:00,Returned,Damaged,126.26
4001,8007,2020-06-15 16:00:00,Returned,Damaged,173.45
4002,552,2020-06-15 17:00:00,Returned,Wrong Item,176.45
4005,2055,2020-06-15 20:00:00,Returned,Customer Dissatisfaction,86.88
4008,8765,2020-06-15 23:00:00,Returned,Customer Dissatisfaction,22.62
4041,3966,2020-06-17 08:00:00,Returned,Damaged,62.15
4043,6692,2020-06-17 10:00:00,Returned,Customer Dissatisfaction,100.11
4048,1930,2020-06-17 15:00:00,Returned,Damaged,143.83
4056,65,2020-06-17 23:00:00,Returned,Customer Dissatisfaction,184.56
4074,3899,2020-06-18 17:00:00,Returned,Wrong Item,55.86
4076,3636,2020-06-18 19:00:00,Returned,Customer Dissatisfaction,101.05
4104,2429,2020-06-19 23:00:00,Returned,Damaged,31.31
4114,6009,2020-06-20 09:00:00,Returned,Customer Dissatisfaction,18.95
4120,5193,2020-06-20 15:00:00,Returned,Wrong Item,82.24
4126,1979,2020-06-20 21:00:00,Returned,Damaged,166.72
4135,6917,2020-06-21 06:00:00,Returned,Wrong Item,116.61
4140,723,2020-06-21 11:00:00,Returned,Customer Dissatisfaction,58.33
4161,8649,2020-06-22 08:00:00,Returned,Customer Dissatisfaction,159.44
4162,4947,2020-06-22 09:00:00,Returned,Wrong Item,198.17
4163,605,2020-06-22 10:00:00,Returned,Wrong Item,23.56
4169,2960,2020-06-22 16:00:00,Returned,Damaged,76.59
4170,7627,2020-06-22 17:00:00,Returned,Wrong Item,185.52
4181,401,2020-06-23 04:00:00,Returned,Damaged,161.02
4213,1891,2020-06-24 12:00:00,Returned,Damaged,21.22
4226,5043,2020-06-25 01:00:00,Returned,Customer Dissatisfaction,21.75
4230,3229,2020-06-25 05:00:00,Returned,Wrong Item,128.43
4237,7816,2020-06-25 12:00:00,Returned,Wrong Item,138.96
4272,6993,2020-06-26 23:00:00,Returned,Late Delivery,163.65
4280,7501,2020-06-27 07:00:00,Returned,Customer Dissatisfaction,198.84
4291,4836,2020-06-27 18:00:00,Returned,Customer Dissatisfaction,48.7
4312,7364,2020-06-28 15:00:00,Returned,Late Delivery,139.69
4314,2152,2020-06-28 17:00:00,Returned,Late Delivery,9.27
4315,1745,2020-06-28 18:00:00,Returned,Late Delivery,70.32
4330,7575,2020-06-29 09:00:00,Returned,Customer Dissatisfaction,103.56
4349,5120,2020-06-30 04:00:00,Returned,Damaged,27.69
4374,6393,2020-07-01 05:00:00,Returned,Customer Dissatisfaction,116.13
4382,6996,2020-07-01 13:00:00,Returned,Customer Dissatisfaction,177.31
4390,9087,2020-07-01 21:00:00,Returned,Damaged,116.84
4391,6050,2020-07-01 22:00:00,Returned,Wrong Item,145.28
4445,6985,2020-07-04 04:00:00,Returned,Customer Dissatisfaction,126.77
4460,1229,2020-07-04 19:00:00,Returned,Damaged,23.4
4467,4799,2020-07-05 02:00:00,Returned,Damaged,65.9
4468,1357,2020-07-05 03:00:00,Returned,Late Delivery,159.82
4477,3647,2020-07-05 12:00:00,Returned,Wrong Item,136.93
4499,406,2020-07-06 10:00:00,Returned,Customer Dissatisfaction,140.93
4514,7111,2020-07-07 01:00:00,Returned,Customer Dissatisfaction,189.86
4515,3283,2020-07-07 02:00:00,Returned,Customer Dissatisfaction,123.84
4517,1084,2020-07-07 04:00:00,Returned,Customer Dissatisfaction,146.2
4522,3820,2020-07-07 09:00:00,Returned,Late Delivery,39.92
4526,5944,2020-07-07 13:00:00,Returned,Wrong Item,99.38
4533,1631,2020-07-07 20:00:00,Returned,Late Delivery,85.98
4539,4200,2020-07-08 02:00:00,Returned,Late Delivery,132.74
4544,4407,2020-07-08 07:00:00,Returned,Damaged,45.98
4571,7008,2020-07-09 10:00:00,Returned,Wrong Item,77.84
4580,5550,2020-07-09 19:00:00,Returned,Wrong Item,82.69
4582,804,2020-07-09 21:00:00,Returned,Late Delivery,115.35
4611,1196,2020-07-11 02:00:00,Returned,Damaged,79.58
4631,2302,2020-07-11 22:00:00,Returned,Late Delivery,28.58
4639,5452,2020-07-12 06:00:00,Returned,Customer Dissatisfaction,151.64
4650,7683,2020-07-12 17:00:00,Returned,Wrong Item,179.53
4651,5521,2020-07-12 18:00:00,Returned,Late Delivery,168.02
4652,8324,2020-07-12 19:00:00,Returned,Late Delivery,189.43
4662,180,2020-07-13 05:00:00,Returned,Customer Dissatisfaction,73.45
4669,6560,2020-07-13 12:00:00,Returned,Damaged,149.56
4671,3940,2020-07-13 14:00:00,Returned,Late Delivery,28.14
4732,5131,2020-07-16 03:00:00,Returned,Damaged,187.63
4735,4224,2020-07-16 06:00:00,Returned,Damaged,93.78
4736,8904,2020-07-16 07:00:00,Returned,Customer Dissatisfaction,63.22
4739,4354,2020-07-16 10:00:00,Returned,Damaged,123.53
4741,5371,2020-07-16 12:00:00,Returned,Damaged,76.85
4742,4763,2020-07-16 13:00:00,Returned,Late Delivery,183.41
4745,3180,2020-07-16 16:00:00,Returned,Wrong Item,94.6
4757,3591,2020-07-17 04:00:00,Returned,Customer Dissatisfaction,67.9
4765,7347,2020-07-17 12:00:00,Returned,Damaged,90.84
4771,5913,2020-07-17 18:00:00,Returned,Damaged,156.41
4777,5037,2020-07-18 00:00:00,Returned,Late Delivery,136.18
4787,1248,2020-07-18 10:00:00,Returned,Damaged,46.45
4797,6679,2020-07-18 20:00:00,Returned,Late Delivery,30.83
4811,732,2020-07-19 10:00:00,Returned,Wrong Item,105.86
4817,3916,2020-07-19 16:00:00,Returned,Damaged,190.69
4818,4303,2020-07-19 17:00:00,Returned,Damaged,72.52
4822,1923,2020-07-19 21:00:00,Returned,Customer Dissatisfaction,72.03
4846,4184,2020-07-20 21:00:00,Returned,Damaged,179.68
4851,1001,2020-07-21 02:00:00,Returned,Customer Dissatisfaction,199.53
4861,1970,2020-07-21 12:00:00,Returned,Late Delivery,51.54
4875,8964,2020-07-22 02:00:00,Returned,Customer Dissatisfaction,178.05
4888,1568,2020-07-22 15:00:00,Returned,Damaged,17.03
4914,2434,2020-07-23 17:00:00,Returned,Wrong Item,114.51
4916,8657,2020-07-23 19:00:00,Returned,Late Delivery,96.88
4920,831,2020-07-23 23:00:00,Returned,Damaged,126.8
4941,2994,2020-07-24 20:00:00,Returned,Customer Dissatisfaction,97.36
4945,1476,2020-07-25 00:00:00,Returned,Damaged,167.1
4946,5792,2020-07-25 01:00:00,Returned,Customer Dissatisfaction,130.27
4977,8540,2020-07-26 08:00:00,Returned,Customer Dissatisfaction,34.97
4986,7718,2020-07-26 17:00:00,Returned,Damaged,104.41
4988,8469,2020-07-26 19:00:00,Returned,Late Delivery,92.52
5003,1155,2020-07-27 10:00:00,Returned,Damaged,62.57
5029,3330,2020-07-28 12:00:00,Returned,Damaged,175.19
5032,412,2020-07-28 15:00:00,Returned,Customer Dissatisfaction,112.67
5056,6257,2020-07-29 15:00:00,Returned,Late Delivery,48.83
5061,4316,2020-07-29 20:00:00,Returned,Customer Dissatisfaction,85.79
5070,3171,2020-07-30 05:00:00,Returned,Late Delivery,41.3
5071,2156,2020-07-30 06:00:00,Returned,Late Delivery,139.76
5072,1720,2020-07-30 07:00:00,Returned,Wrong Item,88.92
5089,756,2020-07-31 00:00:00,Returned,Late Delivery,56.01
5098,4980,2020-07-31 09:00:00,Returned,Wrong Item,134.44
5117,1178,2020-08-01 04:00:00,Returned,Late Delivery,165.45
5127,33,2020-08-01 14:00:00,Returned,Late Delivery,18.33
5151,8113,2020-08-02 14:00:00,Returned,Late Delivery,176.56
5155,623,2020-08-02 18:00:00,Returned,Customer Dissatisfaction,106.32
5166,4777,2020-08-03 05:00:00,Returned,Late Delivery,14.82
5174,2184,2020-08-03 13:00:00,Returned,Late Delivery,67.41
5175,3330,2020-08-03 14:00:00,Returned,Damaged,155.41
5178,789,2020-08-03 17:00:00,Returned,Damaged,11.95
5192,678,2020-08-04 07:00:00,Returned,Late Delivery,136.19
5216,6329,2020-08-05 07:00:00,Returned,Wrong Item,185.5
5217,6450,2020-08-05 08:00:00,Returned,Wrong Item,162.49
5229,1143,2020-08-05 20:00:00,Returned,Customer Dissatisfaction,87.03
5252,2131,2020-08-06 19:00:00,Returned,Customer Dissatisfaction,15.19
5254,1346,2020-08-06 21:00:00,Returned,Wrong Item,125.58
5255,5806,2020-08-06 22:00:00,Returned,Damaged,129.4
5276,3207,2020-08-07 19:00:00,Returned,Damaged,116.61
5294,2331,2020-08-08 13:00:00,Returned,Wrong Item,159.55
5299,1093,2020-08-08 18:00:00,Returned,Customer Dissatisfaction,7.89
5300,7945,2020-08-08 19:00:00,Returned,Damaged,37.15
5304,7426,2020-08-08 23:00:00,Returned,Late Delivery,40.57
5352,8887,2020-08-10 23:00:00,Returned,Damaged,114.28
5363,9716,2020-08-11 10:00:00,Returned,Damaged,140.3
5371,3184,2020-08-11 18:00:00,Returned,Damaged,184.03
5389,8358,2020-08-12 12:00:00,Returned,Damaged,141.2
5398,5319,2020-08-12 21:00:00,Returned,Damaged,178.7
5410,8307,2020-08-13 09:00:00,Returned,Customer Dissatisfaction,96.04
5413,4821,2020-08-13 12:00:00,Returned,Damaged,106.89
5430,3877,2020-08-14 05:00:00,Returned,Damaged,10.55
5441,6245,2020-08-14 16:00:00,Returned,Late Delivery,5.27
5444,9535,2020-08-14 19:00:00,Returned,Wrong Item,175.42
5453,5794,2020-08-15 04:00:00,Returned,Late Delivery,155.89
5462,5483,2020-08-15 13:00:00,Returned,Damaged,15.42
5472,5792,2020-08-15 23:00:00,Returned,Late Delivery,21.45
5480,2512,2020-08-16 07:00:00,Returned,Wrong Item,96.5
5483,3263,2020-08-16 10:00:00,Returned,Damaged,28.75
5520,4689,2020-08-17 23:00:00,Returned,Damaged,7.98
5521,8690,2020-08-18 00:00:00,Returned,Damaged,132.59
5539,790,2020-08-18 18:00:00,Returned,Damaged,137.53
5594,3400,2020-08-21 01:00:00,Returned,Customer Dissatisfaction,152.28
5595,3891,2020-08-21 02:00:00,Returned,Wrong Item,59.69
5598,7051,2020-08-21 05:00:00,Returned,Damaged,14.44
5606,9591,2020-08-21 13:00:00,Returned,Customer Dissatisfaction,116.34
5610,7558,2020-08-21 17:00:00,Returned,Late Delivery,23.55
5628,2991,2020-08-22 11:00:00,Returned,Damaged,34.4
5641,2959,2020-08-23 00:00:00,Returned,Wrong Item,198.54
5659,762,2020-08-23 18:00:00,Returned,Damaged,126.38
5662,1641,2020-08-23 21:00:00,Returned,Damaged,94.81
5672,9045,2020-08-24 07:00:00,Returned,Wrong Item,111.61
5673,3751,2020-08-24 08:00:00,Returned,Customer Dissatisfaction,95.31
5677,1917,2020-08-24 12:00:00,Returned,Damaged,100.6
5712,7469,2020-08-25 23:00:00,Returned,Damaged,133.95
5747,2150,2020-08-27 10:00:00,Returned,Late Delivery,94.23
5749,8801,2020-08-27 12:00:00,Returned,Damaged,181.68
5754,1908,2020-08-27 17:00:00,Returned,Late Delivery,71.76
5782,6640,2020-08-28 21:00:00,Returned,Wrong Item,146.25
5807,1937,2020-08-29 22:00:00,Returned,Wrong Item,90.3
5831,8106,2020-08-30 22:00:00,Returned,Wrong Item,13.15
5849,5039,2020-08-31 16:00:00,Returned,Late Delivery,137.05
5863,9313,2020-09-01 06:00:00,Returned,Damaged,71.05
5870,3696,2020-09-01 13:00:00,Returned,Late Delivery,146.92
5891,5198,2020-09-02 10:00:00,Returned,Customer Dissatisfaction,88.24
5900,9024,2020-09-02 19:00:00,Returned,Wrong Item,30.0
5905,6386,2020-09-03 00:00:00,Returned,Damaged,93.82
5911,9895,2020-09-03 06:00:00,Returned,Customer Dissatisfaction,122.99
5921,346,2020-09-03 16:00:00,Returned,Damaged,131.53
5922,6754,2020-09-03 17:00:00,Returned,Customer Dissatisfaction,152.35
5925,7875,2020-09-03 20:00:00,Returned,Customer Dissatisfaction,70.36
5926,5091,2020-09-03 21:00:00,Returned,Damaged,41.46
5930,6364,2020-09-04 01:00:00,Returned,Damaged,94.28
5944,4945,2020-09-04 15:00:00,Returned,Late Delivery,189.18
5946,8517,2020-09-04 17:00:00,Returned,Customer Dissatisfaction,186.0
5954,9180,2020-09-05 01:00:00,Returned,Damaged,178.12
5969,8511,2020-09-05 16:00:00,Returned,Late Delivery,37.17
5971,9562,2020-09-05 18:00:00,Returned,Late Delivery,47.28
5985,7450,2020-09-06 08:00:00,Returned,Wrong Item,49.29
5991,8483,2020-09-06 14:00:00,Returned,Late Delivery,10.22
5995,1441,2020-09-06 18:00:00,Returned,Late Delivery,91.35
5996,4354,2020-09-06 19:00:00,Returned,Wrong Item,91.75
5997,9621,2020-09-06 20:00:00,Returned,Late Delivery,94.07
6001,132,2020-09-07 00:00:00,Returned,Customer Dissatisfaction,142.7
6002,452,2020-09-07 01:00:00,Returned,Damaged,193.07
6005,8735,2020-09-07 04:00:00,Returned,Wrong Item,66.07
6015,535,2020-09-07 14:00:00,Returned,Late Delivery,70.86
6042,5758,2020-09-08 17:00:00,Returned,Damaged,32.84
6059,8377,2020-09-09 10:00:00,Returned,Late Delivery,162.66
6070,7577,2020-09-09 21:00:00,Returned,Wrong Item,85.83
6075,5840,2020-09-10 02:00:00,Returned,Late Delivery,25.93
6076,3655,2020-09-10 03:00:00,Returned,Damaged,100.05
6078,2440,2020-09-10 05:00:00,Returned,Wrong Item,122.88
6083,6144,2020-09-10 10:00:00,Returned,Late Delivery,129.4
6111,4527,2020-09-11 14:00:00,Returned,Damaged,103.8
6113,2826,2020-09-11 16:00:00,Returned,Customer Dissatisfaction,30.78
6127,4397,2020-09-12 06:00:00,Returned,Customer Dissatisfaction,185.88
6135,9299,2020-09-12 14:00:00,Returned,Customer Dissatisfaction,198.15
6137,1394,2020-09-12 16:00:00,Returned,Damaged,120.55
6138,2298,2020-09-12 17:00:00,Returned,Customer Dissatisfaction,16.75
6143,6783,2020-09-12 22:00:00,Returned,Customer Dissatisfaction,111.97
6145,8680,2020-09-13 00:00:00,Returned,Customer Dissatisfaction,34.75
6152,257,2020-09-13 07:00:00,Returned,Customer Dissatisfaction,77.31
6188,1078,2020-09-14 19:00:00,Returned,Damaged,92.17
6192,4233,2020-09-14 23:00:00,Returned,Late Delivery,41.65
6195,3468,2020-09-15 02:00:00,Returned,Wrong Item,89.69
6196,6355,2020-09-15 03:00:00,Returned,Wrong Item,158.67
6201,9708,2020-09-15 08:00:00,Returned,Damaged,108.35
6230,1977,2020-09-16 13:00:00,Returned,Late Delivery,193.86
6233,5342,2020-09-16 16:00:00,Returned,Late Delivery,174.72
6235,5063,2020-09-16 18:00:00,Returned,Wrong Item,133.77
6237,2585,2020-09-16 20:00:00,Returned,Late Delivery,80.14
6238,2206,2020-09-16 21:00:00,Returned,Damaged,184.25
6239,3884,2020-09-16 22:00:00,Returned,Customer Dissatisfaction,91.81
6240,8850,2020-09-16 23:00:00,Returned,Damaged,135.65
6241,468,2020-09-17 00:00:00,Returned,Wrong Item,110.49
6259,8557,2020-09-17 18:00:00,Returned,Late Delivery,13.66
6263,5079,2020-09-17 22:00:00,Returned,Damaged,186.1
6267,1994,2020-09-18 02:00:00,Returned,Damaged,12.01
6281,9961,2020-09-18 16:00:00,Returned,Damaged,110.65
6309,7974,2020-09-19 20:00:00,Returned,Late Delivery,56.17
6311,4943,2020-09-19 22:00:00,Returned,Customer Dissatisfaction,156.07
6314,361,2020-09-20 01:00:00,Returned,Late Delivery,146.83
6335,4299,2020-09-20 22:00:00,Returned,Wrong Item,169.19
6345,5350,2020-09-21 08:00:00,Returned,Customer Dissatisfaction,107.12
6355,128,2020-09-21 18:00:00,Returned,Wrong Item,32.56
6356,3497,2020-09-21 19:00:00,Returned,Late Delivery,98.26
6373,7227,2020-09-22 12:00:00,Returned,Damaged,92.47
6392,1141,2020-09-23 07:00:00,Returned,Damaged,102.63
6393,9792,2020-09-23 08:00:00,Returned,Late Delivery,118.8
6398,1150,2020-09-23 13:00:00,Returned,Late Delivery,178.69
6410,6778,2020-09-24 01:00:00,Returned,Customer Dissatisfaction,117.9
6412,8692,2020-09-24 03:00:00,Returned,Late Delivery,86.46
6413,9186,2020-09-24 04:00:00,Returned,Wrong Item,24.18
6415,263,2020-09-24 06:00:00,Returned,Late Delivery,33.19
6426,1269,2020-09-24 17:00:00,Returned,Customer Dissatisfaction,70.75
6429,5941,2020-09-24 20:00:00,Returned,Wrong Item,7.34
6431,3446,2020-09-24 22:00:00,Returned,Late Delivery,168.23
6438,6815,2020-09-25 05:00:00,Returned,Damaged,188.78
6440,9795,2020-09-25 07:00:00,Returned,Wrong Item,144.61
6450,3357,2020-09-25 17:00:00,Returned,Late Delivery,127.82
6468,857,2020-09-26 11:00:00,Returned,Customer Dissatisfaction,117.87
6499,5499,2020-09-27 18:00:00,Returned,Late Delivery,185.39
6504,7062,2020-09-27 23:00:00,Returned,Customer Dissatisfaction,178.36
6510,2643,2020-09-28 05:00:00,Returned,Customer Dissatisfaction,61.07
6512,9168,2020-09-28 07:00:00,Returned,Customer Dissatisfaction,28.22
6525,5473,2020-09-28 20:00:00,Returned,Wrong Item,92.26
6534,7670,2020-09-29 05:00:00,Returned,Wrong Item,38.87
6538,9881,2020-09-29 09:00:00,Returned,Late Delivery,131.21
6546,8938,2020-09-29 17:00:00,Returned,Damaged,98.7
6566,5201,2020-09-30 13:00:00,Returned,Damaged,59.25
6570,5519,2020-09-30 17:00:00,Returned,Customer Dissatisfaction,118.41
6584,3514,2020-10-01 07:00:00,Returned,Customer Dissatisfaction,139.99
6609,1363,2020-10-02 08:00:00,Returned,Damaged,57.56
6615,841,2020-10-02 14:00:00,Returned,Wrong Item,54.91
6616,7876,2020-10-02 15:00:00,Returned,Damaged,31.38
6629,3907,2020-10-03 04:00:00,Returned,Wrong Item,141.91
6638,6682,2020-10-03 13:00:00,Returned,Damaged,29.25
6644,777,2020-10-03 19:00:00,Returned,Wrong Item,123.61
6660,7484,2020-10-04 11:00:00,Returned,Damaged,188.23
6662,9469,2020-10-04 13:00:00,Returned,Damaged,153.15
6674,1672,2020-10-05 01:00:00,Returned,Wrong Item,184.79
6684,7181,2020-10-05 11:00:00,Returned,Wrong Item,152.8
6688,8697,2020-10-05 15:00:00,Returned,Late Delivery,27.88
6700,4773,2020-10-06 03:00:00,Returned,Damaged,177.1
6701,4805,2020-10-06 04:00:00,Returned,Customer Dissatisfaction,62.28
6726,6695,2020-10-07 05:00:00,Returned,Damaged,101.28
6736,1819,2020-10-07 15:00:00,Returned,Late Delivery,75.44
6754,5063,2020-10-08 09:00:00,Returned,Late Delivery,105.25
6756,3555,2020-10-08 11:00:00,Returned,Customer Dissatisfaction,127.42
6763,7945,2020-10-08 18:00:00,Returned,Damaged,107.36
6770,1062,2020-10-09 01:00:00,Returned,Late Delivery,57.35
6786,7793,2020-10-09 17:00:00,Returned,Damaged,8.72
6800,4094,2020-10-10 07:00:00,Returned,Late Delivery,88.42
6808,8149,2020-10-10 15:00:00,Returned,Damaged,86.05
6828,6544,2020-10-11 11:00:00,Returned,Late Delivery,157.95
6841,7652,2020-10-12 00:00:00,Returned,Damaged,174.63
6843,8224,2020-10-12 02:00:00,Returned,Wrong Item,61.49
6858,6496,2020-10-12 17:00:00,Returned,Damaged,169.49
6868,1877,2020-10-13 03:00:00,Returned,Damaged,13.95
6891,5917,2020-10-14 02:00:00,Returned,Late Delivery,70.79
6917,4868,2020-10-15 04:00:00,Returned,Wrong Item,111.48
6920,2757,2020-10-15 07:00:00,Returned,Customer Dissatisfaction,199.62
6934,2699,2020-10-15 21:00:00,Returned,Wrong Item,104.68
6938,949,2020-10-16 01:00:00,Returned,Wrong Item,169.93
6946,3940,2020-10-16 09:00:00,Returned,Customer Dissatisfaction,164.94
6953,2913,2020-10-16 16:00:00,Returned,Wrong Item,38.13
6973,8709,2020-10-17 12:00:00,Returned,Late Delivery,162.37
6977,5634,2020-10-17 16:00:00,Returned,Customer Dissatisfaction,156.97
6984,7977,2020-10-17 23:00:00,Returned,Late Delivery,24.08
6988,4850,2020-10-18 03:00:00,Returned,Customer Dissatisfaction,192.96
6993,1460,2020-10-18 08:00:00,Returned,Wrong Item,125.83
6999,9983,2020-10-18 14:00:00,Returned,Damaged,73.42
7020,9195,2020-10-19 11:00:00,Returned,Damaged,108.27
7035,6803,2020-10-20 02:00:00,Returned,Damaged,16.68
7047,4491,2020-10-20 14:00:00,Returned,Customer Dissatisfaction,28.58
7055,9239,2020-10-20 22:00:00,Returned,Customer Dissatisfaction,156.21
7062,6025,2020-10-21 05:00:00,Returned,Damaged,37.13
7066,7231,2020-10-21 09:00:00,Returned,Damaged,40.87
7105,6170,2020-10-23 00:00:00,Returned,Damaged,187.21
7111,8897,2020-10-23 06:00:00,Returned,Customer Dissatisfaction,93.18
7117,2021,2020-10-23 12:00:00,Returned,Late Delivery,92.49
7134,5803,2020-10-24 05:00:00,Returned,Wrong Item,112.16
7145,3598,2020-10-24 16:00:00,Returned,Damaged,108.23
7155,8432,2020-10-25 02:00:00,Returned,Damaged,71.58
7158,931,2020-10-25 05:00:00,Returned,Late Delivery,153.3
7177,9821,2020-10-26 00:00:00,Returned,Late Delivery,192.63
7191,9558,2020-10-26 14:00:00,Returned,Wrong Item,147.7
7194,2374,2020-10-26 17:00:00,Returned,Customer Dissatisfaction,11.24
7200,5928,2020-10-26 23:00:00,Returned,Late Delivery,132.4
7232,2088,2020-10-28 07:00:00,Returned,Late Delivery,64.73
7234,9960,2020-10-28 09:00:00,Returned,Late Delivery,112.19
7235,2181,2020-10-28 10:00:00,Returned,Customer Dissatisfaction,75.94
7241,6034,2020-10-28 16:00:00,Returned,Late Delivery,44.87
7245,2255,2020-10-28 20:00:00,Returned,Wrong Item,130.23
7270,8185,2020-10-29 21:00:00,Returned,Late Delivery,30.65
7281,8507,2020-10-30 08:00:00,Returned,Late Delivery,102.05
7319,6113,2020-10-31 22:00:00,Returned,Damaged,77.08
7322,3976,2020-11-01 01:00:00,Returned,Damaged,35.97
7330,8070,2020-11-01 09:00:00,Returned,Wrong Item,174.84
7335,6591,2020-11-01 14:00:00,Returned,Late Delivery,166.51
7342,1780,2020-11-01 21:00:00,Returned,Wrong Item,96.39
7344,6093,2020-11-01 23:00:00,Returned,Wrong Item,171.16
7353,3898,2020-11-02 08:00:00,Returned,Customer Dissatisfaction,46.48
7371,6602,2020-11-03 02:00:00,Returned,Damaged,43.81
7377,2506,2020-11-03 08:00:00,Returned,Wrong Item,97.11
7382,6570,2020-11-03 13:00:00,Returned,Wrong Item,50.13
7384,2253,2020-11-03 15:00:00,Returned,Wrong Item,151.54
7385,2304,2020-11-03 16:00:00,Returned,Wrong Item,92.5
7392,2738,2020-11-03 23:00:00,Returned,Late Delivery,130.76
7399,9057,2020-11-04 06:00:00,Returned,Wrong Item,150.37
7421,4445,2020-11-05 04:00:00,Returned,Damaged,130.3
7436,1880,2020-11-05 19:00:00,Returned,Damaged,178.29
7442,6776,2020-11-06 01:00:00,Returned,Wrong Item,177.71
7448,9667,2020-11-06 07:00:00,Returned,Damaged,40.76
7451,9553,2020-11-06 10:00:00,Returned,Damaged,103.89
7467,3553,2020-11-07 02:00:00,Returned,Late Delivery,5.01
7473,5119,2020-11-07 08:00:00,Returned,Wrong Item,84.43
7474,6231,2020-11-07 09:00:00,Returned,Customer Dissatisfaction,174.36
7485,1348,2020-11-07 20:00:00,Returned,Customer Dissatisfaction,174.57
7488,1718,2020-11-07 23:00:00,Returned,Late Delivery,30.55
7489,6942,2020-11-08 00:00:00,Returned,Damaged,133.76
7496,1686,2020-11-08 07:00:00,Returned,Damaged,126.96
7502,9942,2020-11-08 13:00:00,Returned,Customer Dissatisfaction,116.89
7506,475,2020-11-08 17:00:00,Returned,Customer Dissatisfaction,187.86
7511,594,2020-11-08 22:00:00,Returned,Late Delivery,61.12
7561,3182,2020-11-11 00:00:00,Returned,Wrong Item,24.64
7585,6411,2020-11-12 00:00:00,Returned,Damaged,25.49
7594,1108,2020-11-12 09:00:00,Returned,Late Delivery,176.35
7597,3819,2020-11-12 12:00:00,Returned,Customer Dissatisfaction,120.9
7605,4344,2020-11-12 20:00:00,Returned,Damaged,133.98
7614,373,2020-11-13 05:00:00,Returned,Wrong Item,118.37
7626,1140,2020-11-13 17:00:00,Returned,Damaged,147.27
7643,4404,2020-11-14 10:00:00,Returned,Damaged,21.3
7647,504,2020-11-14 14:00:00,Returned,Late Delivery,82.88
7660,952,2020-11-15 03:00:00,Returned,Damaged,97.37
7672,4443,2020-11-15 15:00:00,Returned,Late Delivery,78.35
7684,9619,2020-11-16 03:00:00,Returned,Damaged,166.46
7693,4382,2020-11-16 12:00:00,Returned,Late Delivery,106.92
7695,4029,2020-11-16 14:00:00,Returned,Wrong Item,177.51
7701,3298,2020-11-16 20:00:00,Returned,Late Delivery,39.28
7710,4547,2020-11-17 05:00:00,Returned,Customer Dissatisfaction,51.42
7714,5090,2020-11-17 09:00:00,Returned,Wrong Item,119.69
7726,3795,2020-11-17 21:00:00,Returned,Customer Dissatisfaction,162.03
7747,8176,2020-11-18 18:00:00,Returned,Late Delivery,157.29
7749,2417,2020-11-18 20:00:00,Returned,Wrong Item,18.53
7750,1076,2020-11-18 21:00:00,Returned,Damaged,48.79
7755,7438,2020-11-19 02:00:00,Returned,Customer Dissatisfaction,197.69
7756,470,2020-11-19 03:00:00,Returned,Damaged,183.39
7772,2065,2020-11-19 19:00:00,Returned,Late Delivery,127.06
7775,5683,2020-11-19 22:00:00,Returned,Customer Dissatisfaction,127.0
7777,7216,2020-11-20 00:00:00,Returned,Wrong Item,168.55
7781,150,2020-11-20 04:00:00,Returned,Damaged,128.93
7793,1394,2020-11-20 16:00:00,Returned,Customer Dissatisfaction,168.39
7795,9662,2020-11-20 18:00:00,Returned,Customer Dissatisfaction,66.04
7796,6130,2020-11-20 19:00:00,Returned,Customer Dissatisfaction,148.12
7801,8128,2020-11-21 00:00:00,Returned,Customer Dissatisfaction,34.93
7803,6607,2020-11-21 02:00:00,Returned,Damaged,98.54
7810,7266,2020-11-21 09:00:00,Returned,Customer Dissatisfaction,132.88
7821,6042,2020-11-21 20:00:00,Returned,Late Delivery,122.59
7826,5002,2020-11-22 01:00:00,Returned,Customer Dissatisfaction,133.93
7833,2429,2020-11-22 08:00:00,Returned,Wrong Item,32.93
7838,6293,2020-11-22 13:00:00,Returned,Wrong Item,93.47
7862,2922,2020-11-23 13:00:00,Returned,Damaged,170.4
7869,1819,2020-11-23 20:00:00,Returned,Customer Dissatisfaction,18.35
7891,8141,2020-11-24 18:00:00,Returned,Wrong Item,50.1
7894,5286,2020-11-24 21:00:00,Returned,Wrong Item,37.07
7909,2541,2020-11-25 12:00:00,Returned,Late Delivery,158.34
7932,8634,2020-11-26 11:00:00,Returned,Customer Dissatisfaction,13.7
7939,792,2020-11-26 18:00:00,Returned,Damaged,140.03
7943,5312,2020-11-26 22:00:00,Returned,Customer Dissatisfaction,42.81
7957,1562,2020-11-27 12:00:00,Returned,Late Delivery,21.78
7959,1631,2020-11-27 14:00:00,Returned,Wrong Item,66.84
7964,2392,2020-11-27 19:00:00,Returned,Damaged,197.52
7967,4783,2020-11-27 22:00:00,Returned,Damaged,110.54
7986,3051,2020-11-28 17:00:00,Returned,Customer Dissatisfaction,8.22
8013,1638,2020-11-29 20:00:00,Returned,Late Delivery,41.07
8029,963,2020-11-30 12:00:00,Returned,Wrong Item,44.99
8032,3483,2020-11-30 15:00:00,Returned,Late Delivery,44.25
8038,5560,2020-11-30 21:00:00,Returned,Damaged,170.9
8065,2694,2020-12-02 00:00:00,Returned,Wrong Item,43.92
8073,4638,2020-12-02 08:00:00,Returned,Late Delivery,35.65
8081,8328,2020-12-02 16:00:00,Returned,Late Delivery,153.58
8117,31,2020-12-04 04:00:00,Returned,Customer Dissatisfaction,44.18
8132,6431,2020-12-04 19:00:00,Returned,Late Delivery,78.08
8138,3174,2020-12-05 01:00:00,Returned,Wrong Item,169.76
8139,8108,2020-12-05 02:00:00,Returned,Customer Dissatisfaction,176.99
8142,2571,2020-12-05 05:00:00,Returned,Wrong Item,5.89
8158,6443,2020-12-05 21:00:00,Returned,Late Delivery,193.54
8161,2125,2020-12-06 00:00:00,Returned,Damaged,121.55
8171,1536,2020-12-06 10:00:00,Returned,Wrong Item,164.56
8181,1738,2020-12-06 20:00:00,Returned,Late Delivery,168.93
8182,8940,2020-12-06 21:00:00,Returned,Damaged,91.43
8193,901,2020-12-07 08:00:00,Returned,Damaged,151.59
8202,9661,2020-12-07 17:00:00,Returned,Damaged,145.07
8214,628,2020-12-08 05:00:00,Returned,Late Delivery,186.3
8220,7276,2020-12-08 11:00:00,Returned,Customer Dissatisfaction,111.93
8222,6447,2020-12-08 13:00:00,Returned,Late Delivery,177.52
8224,7864,2020-12-08 15:00:00,Returned,Late Delivery,52.2
8232,1241,2020-12-08 23:00:00,Returned,Wrong Item,153.04
8252,5612,2020-12-09 19:00:00,Returned,Late Delivery,5.97
8255,5905,2020-12-09 22:00:00,Returned,Damaged,124.22
8260,4478,2020-12-10 03:00:00,Returned,Damaged,80.29
8261,7512,2020-12-10 04:00:00,Returned,Wrong Item,116.5
8279,1751,2020-12-10 22:00:00,Returned,Wrong Item,125.37
8286,3567,2020-12-11 05:00:00,Returned,Damaged,134.15
8288,2196,2020-12-11 07:00:00,Returned,Late Delivery,122.63
8308,3516,2020-12-12 03:00:00,Returned,Wrong Item,149.68
8338,1883,2020-12-13 09:00:00,Returned,Customer Dissatisfaction,171.75
8363,4698,2020-12-14 10:00:00,Returned,Wrong Item,130.86
8364,5133,2020-12-14 11:00:00,Returned,Wrong Item,45.5
8372,6004,2020-12-14 19:00:00,Returned,Damaged,60.17
8396,5482,2020-12-15 19:00:00,Returned,Customer Dissatisfaction,88.22
8403,483,2020-12-16 02:00:00,Returned,Late Delivery,122.54
8407,7422,2020-12-16 06:00:00,Returned,Wrong Item,86.77
8409,4471,2020-12-16 08:00:00,Returned,Wrong Item,140.62
8413,5720,2020-12-16 12:00:00,Returned,Damaged,193.82
8425,578,2020-12-17 00:00:00,Returned,Customer Dissatisfaction,25.75
8427,9341,2020-12-17 02:00:00,Returned,Customer Dissatisfaction,185.71
8429,5363,2020-12-17 04:00:00,Returned,Damaged,97.34
8432,5943,2020-12-17 07:00:00,Returned,Customer Dissatisfaction,137.69
8437,4402,2020-12-17 12:00:00,Returned,Customer Dissatisfaction,14.49
8451,3038,2020-12-18 02:00:00,Returned,Late Delivery,179.67
8454,4395,2020-12-18 05:00:00,Returned,Damaged,146.33
8465,1408,2020-12-18 16:00:00,Returned,Wrong Item,154.41
8466,9297,2020-12-18 17:00:00,Returned,Customer Dissatisfaction,179.16
8488,1530,2020-12-19 15:00:00,Returned,Customer Dissatisfaction,136.18
8497,3373,2020-12-20 00:00:00,Returned,Damaged,95.4
8504,717,2020-12-20 07:00:00,Returned,Damaged,192.13
8506,3040,2020-12-20 09:00:00,Returned,Damaged,198.95
8545,7132,2020-12-22 00:00:00,Returned,Wrong Item,124.01
8551,2869,2020-12-22 06:00:00,Returned,Late Delivery,102.55
8552,9717,2020-12-22 07:00:00,Returned,Late Delivery,136.89
8564,5332,2020-12-22 19:00:00,Returned,Wrong Item,104.25
8578,1898,2020-12-23 09:00:00,Returned,Wrong Item,199.16
8580,5491,2020-12-23 11:00:00,Returned,Wrong Item,45.8
8583,7049,2020-12-23 14:00:00,Returned,Damaged,42.3
8605,109,2020-12-24 12:00:00,Returned,Wrong Item,195.01
8610,8208,2020-12-24 17:00:00,Returned,Late Delivery,30.64
8616,7533,2020-12-24 23:00:00,Returned,Customer Dissatisfaction,25.64
8652,4982,2020-12-26 11:00:00,Returned,Damaged,63.48
8656,9845,2020-12-26 15:00:00,Returned,Wrong Item,123.02
8679,8262,2020-12-27 14:00:00,Returned,Customer Dissatisfaction,41.98
8680,1782,2020-12-27 15:00:00,Returned,Wrong Item,31.96
8689,2622,2020-12-28 00:00:00,Returned,Wrong Item,101.68
8690,9418,2020-12-28 01:00:00,Returned,Damaged,113.04
8691,7540,2020-12-28 02:00:00,Returned,Late Delivery,154.13
8694,5369,2020-12-28 05:00:00,Returned,Damaged,112.6
8708,2647,2020-12-28 19:00:00,Returned,Damaged,73.23
8711,957,2020-12-28 22:00:00,Returned,Late Delivery,24.85
8734,1503,2020-12-29 21:00:00,Returned,Late Delivery,31.39
8740,4894,2020-12-30 03:00:00,Returned,Late Delivery,12.4
8746,339,2020-12-30 09:00:00,Returned,Customer Dissatisfaction,198.62
8753,7631,2020-12-30 16:00:00,Returned,Damaged,196.52
8755,8837,2020-12-30 18:00:00,Returned,Customer Dissatisfaction,37.66
8756,2539,2020-12-30 19:00:00,Returned,Damaged,76.75
8783,6305,2020-12-31 22:00:00,Returned,Customer Dissatisfaction,7.59
8804,1523,2021-01-01 19:00:00,Returned,Damaged,95.77
8809,6453,2021-01-02 00:00:00,Returned,Damaged,129.65
8816,6881,2021-01-02 07:00:00,Returned,Wrong Item,10.65
8826,7227,2021-01-02 17:00:00,Returned,Late Delivery,168.69
8839,456,2021-01-03 06:00:00,Returned,Wrong Item,162.46
8846,2907,2021-01-03 13:00:00,Returned,Wrong Item,101.98
8850,7711,2021-01-03 17:00:00,Returned,Late Delivery,51.93
8887,6064,2021-01-05 06:00:00,Returned,Late Delivery,123.17
8893,6821,2021-01-05 12:00:00,Returned,Late Delivery,81.49
8894,1847,2021-01-05 13:00:00,Returned,Late Delivery,97.39
8931,908,2021-01-07 02:00:00,Returned,Damaged,32.56
8932,9033,2021-01-07 03:00:00,Returned,Customer Dissatisfaction,84.39
8943,8053,2021-01-07 14:00:00,Returned,Customer Dissatisfaction,147.21
8960,9429,2021-01-08 07:00:00,Returned,Wrong Item,86.95
8963,3651,2021-01-08 10:00:00,Returned,Wrong Item,26.03
8977,3921,2021-01-09 00:00:00,Returned,Wrong Item,70.57
8980,8271,2021-01-09 03:00:00,Returned,Damaged,187.28
8991,9063,2021-01-09 14:00:00,Returned,Late Delivery,106.43
9001,1165,2021-01-10 00:00:00,Returned,Damaged,165.74
9009,4848,2021-01-10 08:00:00,Returned,Damaged,106.53
9011,6040,2021-01-10 10:00:00,Returned,Damaged,8.46
9024,942,2021-01-10 23:00:00,Returned,Damaged,184.17
9030,313,2021-01-11 05:00:00,Returned,Damaged,41.58
9049,5963,2021-01-12 00:00:00,Returned,Late Delivery,79.66
9053,8428,2021-01-12 04:00:00,Returned,Customer Dissatisfaction,195.2
9083,342,2021-01-13 10:00:00,Returned,Late Delivery,16.26
9093,7287,2021-01-13 20:00:00,Returned,Damaged,105.1
9098,4376,2021-01-14 01:00:00,Returned,Late Delivery,104.71
9107,1581,2021-01-14 10:00:00,Returned,Customer Dissatisfaction,37.14
9113,589,2021-01-14 16:00:00,Returned,Late Delivery,108.87
9117,1807,2021-01-14 20:00:00,Returned,Damaged,9.22
9136,7948,2021-01-15 15:00:00,Returned,Customer Dissatisfaction,143.31
9146,3219,2021-01-16 01:00:00,Returned,Wrong Item,199.53
9161,115,2021-01-16 16:00:00,Returned,Damaged,69.73
9163,8933,2021-01-16 18:00:00,Returned,Wrong Item,108.32
9174,101,2021-01-17 05:00:00,Returned,Late Delivery,55.67
9179,1853,2021-01-17 10:00:00,Returned,Late Delivery,21.9
9197,3527,2021-01-18 04:00:00,Returned,Damaged,34.58
9207,2871,2021-01-18 14:00:00,Returned,Late Delivery,42.56
9210,2531,2021-01-18 17:00:00,Returned,Late Delivery,195.67
9221,1478,2021-01-19 04:00:00,Returned,Wrong Item,103.58
9236,1542,2021-01-19 19:00:00,Returned,Late Delivery,35.23
9239,4207,2021-01-19 22:00:00,Returned,Late Delivery,55.82
9242,8015,2021-01-20 01:00:00,Returned,Late Delivery,61.22
9248,1223,2021-01-20 07:00:00,Returned,Wrong Item,124.66
9252,7798,2021-01-20 11:00:00,Returned,Damaged,120.25
9255,6507,2021-01-20 14:00:00,Returned,Wrong Item,177.05
9258,6603,2021-01-20 17:00:00,Returned,Customer Dissatisfaction,137.36
9260,9486,2021-01-20 19:00:00,Returned,Damaged,106.1
9292,2669,2021-01-22 03:00:00,Returned,Customer Dissatisfaction,39.22
9294,4208,2021-01-22 05:00:00,Returned,Customer Dissatisfaction,30.97
9296,7415,2021-01-22 07:00:00,Returned,Customer Dissatisfaction,102.34
9310,1418,2021-01-22 21:00:00,Returned,Damaged,93.93
9311,6350,2021-01-22 22:00:00,Returned,Customer Dissatisfaction,147.44
9321,5612,2021-01-23 08:00:00,Returned,Late Delivery,166.36
9336,6090,2021-01-23 23:00:00,Returned,Damaged,127.79
9337,9183,2021-01-24 00:00:00,Returned,Late Delivery,126.81
9348,8053,2021-01-24 11:00:00,Returned,Wrong Item,113.84
9356,9894,2021-01-24 19:00:00,Returned,Wrong Item,160.06
9370,8599,2021-01-25 09:00:00,Returned,Customer Dissatisfaction,194.17
9390,2792,2021-01-26 05:00:00,Returned,Wrong Item,158.91
9392,6877,2021-01-26 07:00:00,Returned,Damaged,154.57
9396,6959,2021-01-26 11:00:00,Returned,Damaged,149.64
9399,5852,2021-01-26 14:00:00,Returned,Customer Dissatisfaction,188.64
9400,1771,2021-01-26 15:00:00,Returned,Wrong Item,99.46
9418,8955,2021-01-27 09:00:00,Returned,Customer Dissatisfaction,152.76
9425,7968,2021-01-27 16:00:00,Returned,Wrong Item,111.63
9448,1939,2021-01-28 15:00:00,Returned,Late Delivery,8.26
9449,4972,2021-01-28 16:00:00,Returned,Wrong Item,105.63
9450,6580,2021-01-28 17:00:00,Returned,Customer Dissatisfaction,80.16
9480,6224,2021-01-29 23:00:00,Returned,Wrong Item,48.7
9481,3174,2021-01-30 00:00:00,Returned,Customer Dissatisfaction,15.61
9484,8092,2021-01-30 03:00:00,Returned,Wrong Item,45.55
9508,2626,2021-01-31 03:00:00,Returned,Late Delivery,138.95
9515,9915,2021-01-31 10:00:00,Returned,Wrong Item,140.98
9520,6776,2021-01-31 15:00:00,Returned,Wrong Item,198.7
9522,9200,2021-01-31 17:00:00,Returned,Wrong Item,106.92
9530,8737,2021-02-01 01:00:00,Returned,Late Delivery,71.2
9535,4438,2021-02-01 06:00:00,Returned,Customer Dissatisfaction,181.78
9548,9887,2021-02-01 19:00:00,Returned,Damaged,171.24
9559,8763,2021-02-02 06:00:00,Returned,Damaged,168.53
9561,3920,2021-02-02 08:00:00,Returned,Wrong Item,105.29
9572,6717,2021-02-02 19:00:00,Returned,Damaged,50.94
9585,2566,2021-02-03 08:00:00,Returned,Damaged,166.38
9593,5375,2021-02-03 16:00:00,Returned,Damaged,149.34
9609,8561,2021-02-04 08:00:00,Returned,Late Delivery,149.18
9614,383,2021-02-04 13:00:00,Returned,Wrong Item,60.28
9619,4345,2021-02-04 18:00:00,Returned,Customer Dissatisfaction,161.95
9620,121,2021-02-04 19:00:00,Returned,Damaged,92.97
9626,7059,2021-02-05 01:00:00,Returned,Late Delivery,94.82
9628,8765,2021-02-05 03:00:00,Returned,Wrong Item,139.56
9652,275,2021-02-06 03:00:00,Returned,Wrong Item,32.37
9660,2109,2021-02-06 11:00:00,Returned,Customer Dissatisfaction,169.06
9665,8652,2021-02-06 16:00:00,Returned,Damaged,108.34
9668,2617,2021-02-06 19:00:00,Returned,Wrong Item,139.34
9671,932,2021-02-06 22:00:00,Returned,Late Delivery,153.4
9673,8407,2021-02-07 00:00:00,Returned,Wrong Item,47.16
9689,6629,2021-02-07 16:00:00,Returned,Customer Dissatisfaction,80.86
9704,6584,2021-02-08 07:00:00,Returned,Late Delivery,59.32
9731,6595,2021-02-09 10:00:00,Returned,Wrong Item,9.72
9761,9446,2021-02-10 16:00:00,Returned,Wrong Item,194.41
9771,4981,2021-02-11 02:00:00,Returned,Late Delivery,47.82
9774,4770,2021-02-11 05:00:00,Returned,Late Delivery,109.77
9785,606,2021-02-11 16:00:00,Returned,Customer Dissatisfaction,169.19
9786,5141,2021-02-11 17:00:00,Returned,Customer Dissatisfaction,36.56
9801,5819,2021-02-12 08:00:00,Returned,Wrong Item,133.71
9805,6574,2021-02-12 12:00:00,Returned,Damaged,146.52
9812,1546,2021-02-12 19:00:00,Returned,Customer Dissatisfaction,83.64
9821,3226,2021-02-13 04:00:00,Returned,Damaged,66.15
9854,5973,2021-02-14 13:00:00,Returned,Late Delivery,158.63
9869,8854,2021-02-15 04:00:00,Returned,Wrong Item,103.82
9872,5234,2021-02-15 07:00:00,Returned,Damaged,41.91
9907,4996,2021-02-16 18:00:00,Returned,Customer Dissatisfaction,91.1
9911,5347,2021-02-16 22:00:00,Returned,Customer Dissatisfaction,6.65
9914,6974,2021-02-17 01:00:00,Returned,Damaged,11.49
9926,6823,2021-02-17 13:00:00,Returned,Customer Dissatisfaction,81.61
9943,7687,2021-02-18 06:00:00,Returned,Damaged,38.03
9950,9153,2021-02-18 13:00:00,Returned,Late Delivery,63.8
9957,4362,2021-02-18 20:00:00,Returned,Damaged,123.11
9961,5084,2021-02-19 00:00:00,Returned,Late Delivery,141.96
9985,1367,2021-02-20 00:00:00,Returned,Damaged,43.65
9992,1170,2021-02-20 07:00:00,Returned,Customer Dissatisfaction,71.06
10001,5449,2021-02-20 16:00:00,Returned,Wrong Item,48.6
10013,234,2021-02-21 04:00:00,Returned,Wrong Item,22.71
10024,1685,2021-02-21 15:00:00,Returned,Damaged,17.29
10033,7645,2021-02-22 00:00:00,Returned,Damaged,143.6
10059,5386,2021-02-23 02:00:00,Returned,Late Delivery,63.68
10075,7482,2021-02-23 18:00:00,Returned,Damaged,33.75
10087,9533,2021-02-24 06:00:00,Returned,Damaged,86.58
10088,4274,2021-02-24 07:00:00,Returned,Late Delivery,31.83
10090,288,2021-02-24 09:00:00,Returned,Damaged,157.83
10102,9438,2021-02-24 21:00:00,Returned,Wrong Item,149.12
10104,4899,2021-02-24 23:00:00,Returned,Late Delivery,25.88
10127,4023,2021-02-25 22:00:00,Returned,Customer Dissatisfaction,91.86
10128,4935,2021-02-25 23:00:00,Returned,Wrong Item,160.82
10132,612,2021-02-26 03:00:00,Returned,Late Delivery,160.83
10135,3867,2021-02-26 06:00:00,Returned,Customer Dissatisfaction,182.04
10141,526,2021-02-26 12:00:00,Returned,Late Delivery,195.49
10147,821,2021-02-26 18:00:00,Returned,Damaged,61.73
10152,4631,2021-02-26 23:00:00,Returned,Customer Dissatisfaction,152.92
10154,268,2021-02-27 01:00:00,Returned,Wrong Item,41.34
10165,5160,2021-02-27 12:00:00,Returned,Customer Dissatisfaction,58.89
10193,5042,2021-02-28 16:00:00,Returned,Customer Dissatisfaction,28.32
10227,9129,2021-03-02 02:00:00,Returned,Wrong Item,153.75
10234,9153,2021-03-02 09:00:00,Returned,Customer Dissatisfaction,23.68
10235,7123,2021-03-02 10:00:00,Returned,Wrong Item,34.11
10236,2520,2021-03-02 11:00:00,Returned,Wrong Item,198.67
10240,1088,2021-03-02 15:00:00,Returned,Wrong Item,152.15
10254,853,2021-03-03 05:00:00,Returned,Damaged,35.02
10261,7770,2021-03-03 12:00:00,Returned,Damaged,103.22
10270,1900,2021-03-03 21:00:00,Returned,Customer Dissatisfaction,95.46
10278,9375,2021-03-04 05:00:00,Returned,Late Delivery,10.11
10280,4987,2021-03-04 07:00:00,Returned,Late Delivery,114.93
10290,6843,2021-03-04 17:00:00,Returned,Late Delivery,112.87
10294,1163,2021-03-04 21:00:00,Returned,Customer Dissatisfaction,165.53
10307,2371,2021-03-05 10:00:00,Returned,Wrong Item,177.46
10311,6400,2021-03-05 14:00:00,Returned,Wrong Item,129.66
10326,5664,2021-03-06 05:00:00,Returned,Late Delivery,52.24
10327,9512,2021-03-06 06:00:00,Returned,Damaged,186.75
10354,7681,2021-03-07 09:00:00,Returned,Late Delivery,73.3
10369,7293,2021-03-08 00:00:00,Returned,Wrong Item,126.22
10380,9596,2021-03-08 11:00:00,Returned,Damaged,120.77
10408,8476,2021-03-09 15:00:00,Returned,Damaged,99.13
10435,8136,2021-03-10 18:00:00,Returned,Customer Dissatisfaction,192.81
10439,190,2021-03-10 22:00:00,Returned,Late Delivery,29.61
10447,4235,2021-03-11 06:00:00,Returned,Damaged,141.2
10462,9148,2021-03-11 21:00:00,Returned,Late Delivery,23.8
10468,6389,2021-03-12 03:00:00,Returned,Late Delivery,184.87
10496,1918,2021-03-13 07:00:00,Returned,Wrong Item,8.45
10500,5184,2021-03-13 11:00:00,Returned,Damaged,125.97
10503,9512,2021-03-13 14:00:00,Returned,Wrong Item,161.36
10507,3362,2021-03-13 18:00:00,Returned,Damaged,78.85
10529,5190,2021-03-14 16:00:00,Returned,Customer Dissatisfaction,60.09
10546,7218,2021-03-15 09:00:00,Returned,Damaged,162.88
10548,2445,2021-03-15 11:00:00,Returned,Damaged,124.57
10568,6498,2021-03-16 07:00:00,Returned,Wrong Item,76.9
10607,7649,2021-03-17 22:00:00,Returned,Customer Dissatisfaction,21.38
10622,5794,2021-03-18 13:00:00,Returned,Customer Dissatisfaction,13.92
10635,7037,2021-03-19 02:00:00,Returned,Late Delivery,171.44
10643,4635,2021-03-19 10:00:00,Returned,Customer Dissatisfaction,173.35
10652,2921,2021-03-19 19:00:00,Returned,Customer Dissatisfaction,174.03
10656,8766,2021-03-19 23:00:00,Returned,Damaged,18.79
10660,2276,2021-03-20 03:00:00,Returned,Late Delivery,48.27
10664,9408,2021-03-20 07:00:00,Returned,Customer Dissatisfaction,39.39
10687,3954,2021-03-21 06:00:00,Returned,Damaged,53.88
10689,6699,2021-03-21 08:00:00,Returned,Customer Dissatisfaction,30.63
10696,5082,2021-03-21 15:00:00,Returned,Damaged,73.07
10704,3944,2021-03-21 23:00:00,Returned,Customer Dissatisfaction,8.59
10732,5102,2021-03-23 03:00:00,Returned,Wrong Item,43.43
10744,4229,2021-03-23 15:00:00,Returned,Late Delivery,196.97
10749,7747,2021-03-23 20:00:00,Returned,Late Delivery,125.82
10753,6664,2021-03-24 00:00:00,Returned,Wrong Item,143.25
10759,7450,2021-03-24 06:00:00,Returned,Late Delivery,138.11
10761,7313,2021-03-24 08:00:00,Returned,Late Delivery,156.6
10790,4145,2021-03-25 13:00:00,Returned,Late Delivery,73.79
10797,7464,2021-03-25 20:00:00,Returned,Customer Dissatisfaction,150.41
10805,9673,2021-03-26 04:00:00,Returned,Late Delivery,185.44
10816,2131,2021-03-26 15:00:00,Returned,Customer Dissatisfaction,157.89
10819,2922,2021-03-26 18:00:00,Returned,Damaged,36.9
10822,5273,2021-03-26 21:00:00,Returned,Late Delivery,98.75
10825,7415,2021-03-27 00:00:00,Returned,Wrong Item,153.13
10832,2664,2021-03-27 07:00:00,Returned,Damaged,92.09
10837,1519,2021-03-27 12:00:00,Returned,Late Delivery,72.22
10845,3465,2021-03-27 20:00:00,Returned,Customer Dissatisfaction,154.18
10846,4058,2021-03-27 21:00:00,Returned,Damaged,19.92
10857,6074,2021-03-28 08:00:00,Returned,Wrong Item,81.88
10874,5428,2021-03-29 01:00:00,Returned,Customer Dissatisfaction,86.53
10876,9705,2021-03-29 03:00:00,Returned,Customer Dissatisfaction,93.83
10898,7510,2021-03-30 01:00:00,Returned,Customer Dissatisfaction,73.25
10903,9838,2021-03-30 06:00:00,Returned,Late Delivery,112.9
10920,187,2021-03-30 23:00:00,Returned,Customer Dissatisfaction,126.2
10921,9455,2021-03-31 00:00:00,Returned,Damaged,55.03
10922,2516,2021-03-31 01:00:00,Returned,Customer Dissatisfaction,38.57
10961,4711,2021-04-01 16:00:00,Returned,Wrong Item,70.33
10972,4060,2021-04-02 03:00:00,Returned,Late Delivery,17.86
10979,1539,2021-04-02 10:00:00,Returned,Damaged,58.49
10989,3524,2021-04-02 20:00:00,Returned,Customer Dissatisfaction,130.78
10999,5704,2021-04-03 06:00:00,Returned,Damaged,116.62
11000,1797,2021-04-03 07:00:00,Returned,Wrong Item,154.9
11031,4859,2021-04-04 14:00:00,Returned,Wrong Item,67.32
11034,3418,2021-04-04 17:00:00,Returned,Late Delivery,112.89
11053,442,2021-04-05 12:00:00,Returned,Wrong Item,169.85
11064,1252,2021-04-05 23:00:00,Returned,Customer Dissatisfaction,163.46
11098,2952,2021-04-07 09:00:00,Returned,Customer Dissatisfaction,61.36
11100,6278,2021-04-07 11:00:00,Returned,Damaged,180.08
11105,8454,2021-04-07 16:00:00,Returned,Customer Dissatisfaction,182.54
11115,2315,2021-04-08 02:00:00,Returned,Damaged,27.48
11118,8060,2021-04-08 05:00:00,Returned,Wrong Item,109.08
11122,126,2021-04-08 09:00:00,Returned,Damaged,81.36
11138,5814,2021-04-09 01:00:00,Returned,Damaged,42.0
11157,9522,2021-04-09 20:00:00,Returned,Customer Dissatisfaction,195.67
11163,7558,2021-04-10 02:00:00,Returned,Late Delivery,69.21
11190,435,2021-04-11 05:00:00,Returned,Damaged,146.33
11228,5481,2021-04-12 19:00:00,Returned,Customer Dissatisfaction,195.58
11234,495,2021-04-13 01:00:00,Returned,Late Delivery,80.91
11250,6020,2021-04-13 17:00:00,Returned,Wrong Item,26.42
11264,914,2021-04-14 07:00:00,Returned,Customer Dissatisfaction,35.03
11284,617,2021-04-15 03:00:00,Returned,Wrong Item,25.89
11287,4948,2021-04-15 06:00:00,Returned,Late Delivery,38.11
11290,1036,2021-04-15 09:00:00,Returned,Wrong Item,91.26
11293,3364,2021-04-15 12:00:00,Returned,Late Delivery,191.57
11296,835,2021-04-15 15:00:00,Returned,Customer Dissatisfaction,160.83
11334,5179,2021-04-17 05:00:00,Returned,Customer Dissatisfaction,197.34
11344,8193,2021-04-17 15:00:00,Returned,Wrong Item,186.25
11363,2098,2021-04-18 10:00:00,Returned,Customer Dissatisfaction,17.01
11371,4254,2021-04-18 18:00:00,Returned,Wrong Item,194.13
11392,1863,2021-04-19 15:00:00,Returned,Customer Dissatisfaction,15.99
11415,1607,2021-04-20 14:00:00,Returned,Wrong Item,152.07
11422,4981,2021-04-20 21:00:00,Returned,Wrong Item,148.48
11444,5198,2021-04-21 19:00:00,Returned,Late Delivery,150.21
11447,1306,2021-04-21 22:00:00,Returned,Late Delivery,54.61
11465,1661,2021-04-22 16:00:00,Returned,Wrong Item,6.26
11469,818,2021-04-22 20:00:00,Returned,Damaged,50.3
11478,5023,2021-04-23 05:00:00,Returned,Damaged,138.1
11480,9279,2021-04-23 07:00:00,Returned,Late Delivery,187.41
11492,7371,2021-04-23 19:00:00,Returned,Wrong Item,38.31
11494,9862,2021-04-23 21:00:00,Returned,Late Delivery,33.33
11496,5197,2021-04-23 23:00:00,Returned,Customer Dissatisfaction,147.99
11524,3750,2021-04-25 03:00:00,Returned,Damaged,164.91
11536,5057,2021-04-25 15:00:00,Returned,Customer Dissatisfaction,163.22
11551,211,2021-04-26 06:00:00,Returned,Wrong Item,105.03
11555,4604,2021-04-26 10:00:00,Returned,Late Delivery,5.17
11565,2822,2021-04-26 20:00:00,Returned,Damaged,193.17
11568,4783,2021-04-26 23:00:00,Returned,Customer Dissatisfaction,171.17
11575,3462,2021-04-27 06:00:00,Returned,Wrong Item,178.88
11585,4228,2021-04-27 16:00:00,Returned,Late Delivery,95.58
11595,3841,2021-04-28 02:00:00,Returned,Damaged,9.33
11612,7699,2021-04-28 19:00:00,Returned,Late Delivery,89.63
11668,80,2021-05-01 03:00:00,Returned,Late Delivery,111.34
11671,4478,2021-05-01 06:00:00,Returned,Wrong Item,184.34
11676,4393,2021-05-01 11:00:00,Returned,Customer Dissatisfaction,28.93
11684,6355,2021-05-01 19:00:00,Returned,Late Delivery,110.83
11695,1383,2021-05-02 06:00:00,Returned,Late Delivery,20.87
11696,9194,2021-05-02 07:00:00,Returned,Customer Dissatisfaction,51.78
11700,1916,2021-05-02 11:00:00,Returned,Damaged,125.88
11709,1628,2021-05-02 20:00:00,Returned,Late Delivery,20.46
11721,3374,2021-05-03 08:00:00,Returned,Late Delivery,61.22
11724,9355,2021-05-03 11:00:00,Returned,Damaged,11.2
11725,1133,2021-05-03 12:00:00,Returned,Late Delivery,94.1
11726,3034,2021-05-03 13:00:00,Returned,Customer Dissatisfaction,88.7
11730,3909,2021-05-03 17:00:00,Returned,Late Delivery,29.29
11755,2809,2021-05-04 18:00:00,Returned,Damaged,110.05
11759,691,2021-05-04 22:00:00,Returned,Wrong Item,66.96
11760,3276,2021-05-04 23:00:00,Returned,Wrong Item,127.94
11765,6917,2021-05-05 04:00:00,Returned,Damaged,150.11
11768,420,2021-05-05 07:00:00,Returned,Wrong Item,40.12
11773,2045,2021-05-05 12:00:00,Returned,Late Delivery,189.6
11783,2744,2021-05-05 22:00:00,Returned,Wrong Item,90.25
11786,5870,2021-05-06 01:00:00,Returned,Wrong Item,87.88
11788,8925,2021-05-06 03:00:00,Returned,Damaged,15.13
11791,446,2021-05-06 06:00:00,Returned,Customer Dissatisfaction,80.96
11806,1077,2021-05-06 21:00:00,Returned,Late Delivery,116.78
11807,841,2021-05-06 22:00:00,Returned,Wrong Item,141.73
11816,2076,2021-05-07 07:00:00,Returned,Damaged,60.91
11821,1898,2021-05-07 12:00:00,Returned,Customer Dissatisfaction,90.23
11822,7556,2021-05-07 13:00:00,Returned,Late Delivery,114.6
11824,9699,2021-05-07 15:00:00,Returned,Customer Dissatisfaction,20.12
11827,6156,2021-05-07 18:00:00,Returned,Late Delivery,48.79
11841,5195,2021-05-08 08:00:00,Returned,Wrong Item,103.87
11859,355,2021-05-09 02:00:00,Returned,Customer Dissatisfaction,86.76
11878,2715,2021-05-09 21:00:00,Returned,Wrong Item,142.36
11881,9125,2021-05-10 00:00:00,Returned,Damaged,77.41
11893,6812,2021-05-10 12:00:00,Returned,Wrong Item,174.66
11904,5145,2021-05-10 23:00:00,Returned,Customer Dissatisfaction,49.74
11909,9152,2021-05-11 04:00:00,Returned,Late Delivery,126.34
11910,6414,2021-05-11 05:00:00,Returned,Customer Dissatisfaction,61.21
11911,5137,2021-05-11 06:00:00,Returned,Customer Dissatisfaction,35.91
11915,3394,2021-05-11 10:00:00,Returned,Wrong Item,133.97
11917,7114,2021-05-11 12:00:00,Returned,Damaged,79.88
11930,765,2021-05-12 01:00:00,Returned,Damaged,43.6
11940,2087,2021-05-12 11:00:00,Returned,Late Delivery,120.59
11947,1874,2021-05-12 18:00:00,Returned,Damaged,124.73
11969,6692,2021-05-13 16:00:00,Returned,Late Delivery,34.06
11992,217,2021-05-14 15:00:00,Returned,Damaged,178.48
12000,1800,2021-05-14 23:00:00,Returned,Customer Dissatisfaction,119.76
12006,2280,2021-05-15 05:00:00,Returned,Wrong Item,163.27
12014,8319,2021-05-15 13:00:00,Returned,Damaged,89.15
12016,5671,2021-05-15 15:00:00,Returned,Wrong Item,130.4
12019,4710,2021-05-15 18:00:00,Returned,Customer Dissatisfaction,30.28
12036,860,2021-05-16 11:00:00,Returned,Wrong Item,198.14
12041,2077,2021-05-16 16:00:00,Returned,Late Delivery,85.87
12044,4728,2021-05-16 19:00:00,Returned,Customer Dissatisfaction,73.33
12069,9860,2021-05-17 20:00:00,Returned,Customer Dissatisfaction,91.28
12074,9434,2021-05-18 01:00:00,Returned,Late Delivery,150.58
12080,8386,2021-05-18 07:00:00,Returned,Late Delivery,70.83
12105,502,2021-05-19 08:00:00,Returned,Customer Dissatisfaction,116.1
12114,6217,2021-05-19 17:00:00,Returned,Customer Dissatisfaction,41.23
12115,7150,2021-05-19 18:00:00,Returned,Damaged,47.58
12118,9354,2021-05-19 21:00:00,Returned,Late Delivery,199.34
12125,3149,2021-05-20 04:00:00,Returned,Late Delivery,128.88
12127,633,2021-05-20 06:00:00,Returned,Late Delivery,145.13
12131,8700,2021-05-20 10:00:00,Returned,Customer Dissatisfaction,58.0
12145,7299,2021-05-21 00:00:00,Returned,Damaged,170.45
12148,9449,2021-05-21 03:00:00,Returned,Wrong Item,149.03
12154,1639,2021-05-21 09:00:00,Returned,Damaged,103.14
12163,282,2021-05-21 18:00:00,Returned,Damaged,161.47
12166,5425,2021-05-21 21:00:00,Returned,Late Delivery,47.0
12179,9339,2021-05-22 10:00:00,Returned,Customer Dissatisfaction,118.52
12187,5640,2021-05-22 18:00:00,Returned,Damaged,107.53
12190,2992,2021-05-22 21:00:00,Returned,Damaged,33.73
12202,880,2021-05-23 09:00:00,Returned,Late Delivery,173.71
12206,4736,2021-05-23 13:00:00,Returned,Wrong Item,15.35
12231,1308,2021-05-24 14:00:00,Returned,Late Delivery,188.22
12251,5240,2021-05-25 10:00:00,Returned,Customer Dissatisfaction,117.69
12255,8024,2021-05-25 14:00:00,Returned,Late Delivery,70.83
12256,9605,2021-05-25 15:00:00,Returned,Customer Dissatisfaction,142.36
12268,5896,2021-05-26 03:00:00,Returned,Customer Dissatisfaction,119.0
12305,5056,2021-05-27 16:00:00,Returned,Damaged,182.28
12313,8360,2021-05-28 00:00:00,Returned,Damaged,42.03
12322,7334,2021-05-28 09:00:00,Returned,Wrong Item,130.54
12330,6553,2021-05-28 17:00:00,Returned,Customer Dissatisfaction,175.55
12345,8029,2021-05-29 08:00:00,Returned,Late Delivery,172.48
12349,7842,2021-05-29 12:00:00,Returned,Damaged,180.36
12364,1059,2021-05-30 03:00:00,Returned,Damaged,59.13
12380,5277,2021-05-30 19:00:00,Returned,Damaged,163.46
12384,9910,2021-05-30 23:00:00,Returned,Customer Dissatisfaction,64.48
12389,9356,2021-05-31 04:00:00,Returned,Wrong Item,153.93
12415,7713,2021-06-01 06:00:00,Returned,Customer Dissatisfaction,114.7
12421,6009,2021-06-01 12:00:00,Returned,Customer Dissatisfaction,48.92
12423,8191,2021-06-01 14:00:00,Returned,Late Delivery,120.16
12437,9138,2021-06-02 04:00:00,Returned,Damaged,116.09
12447,3720,2021-06-02 14:00:00,Returned,Wrong Item,188.49
12451,4681,2021-06-02 18:00:00,Returned,Customer Dissatisfaction,183.9
12465,6939,2021-06-03 08:00:00,Returned,Customer Dissatisfaction,57.11
12484,4358,2021-06-04 03:00:00,Returned,Customer Dissatisfaction,109.13
12488,7952,2021-06-04 07:00:00,Returned,Customer Dissatisfaction,40.78
12494,1648,2021-06-04 13:00:00,Returned,Customer Dissatisfaction,69.71
12500,6980,2021-06-04 19:00:00,Returned,Wrong Item,157.19
12503,8814,2021-06-04 22:00:00,Returned,Customer Dissatisfaction,183.69
12511,9031,2021-06-05 06:00:00,Returned,Wrong Item,24.68
12513,1901,2021-06-05 08:00:00,Returned,Damaged,129.95
12523,3089,2021-06-05 18:00:00,Returned,Customer Dissatisfaction,26.52
12526,2373,2021-06-05 21:00:00,Returned,Customer Dissatisfaction,138.18
12537,1555,2021-06-06 08:00:00,Returned,Customer Dissatisfaction,110.95
12552,2703,2021-06-06 23:00:00,Returned,Wrong Item,93.29
12564,1728,2021-06-07 11:00:00,Returned,Late Delivery,128.63
12576,4735,2021-06-07 23:00:00,Returned,Damaged,58.53
12585,6383,2021-06-08 08:00:00,Returned,Customer Dissatisfaction,43.01
12597,5204,2021-06-08 20:00:00,Returned,Damaged,143.56
12612,8947,2021-06-09 11:00:00,Returned,Damaged,185.74
12626,9472,2021-06-10 01:00:00,Returned,Customer Dissatisfaction,29.44
12634,9096,2021-06-10 09:00:00,Returned,Damaged,7.84
12636,1458,2021-06-10 11:00:00,Returned,Wrong Item,111.32
12644,5687,2021-06-10 19:00:00,Returned,Customer Dissatisfaction,196.75
12655,7441,2021-06-11 06:00:00,Returned,Customer Dissatisfaction,31.95
12702,3171,2021-06-13 05:00:00,Returned,Late Delivery,160.59
12708,9483,2021-06-13 11:00:00,Returned,Customer Dissatisfaction,66.33
12731,41,2021-06-14 10:00:00,Returned,Late Delivery,133.57
12735,1152,2021-06-14 14:00:00,Returned,Customer Dissatisfaction,144.51
12740,9055,2021-06-14 19:00:00,Returned,Damaged,151.6
12745,9527,2021-06-15 00:00:00,Returned,Damaged,198.61
12765,7109,2021-06-15 20:00:00,Returned,Customer Dissatisfaction,152.71
12785,6232,2021-06-16 16:00:00,Returned,Customer Dissatisfaction,155.6
12787,1457,2021-06-16 18:00:00,Returned,Late Delivery,104.44
12794,333,2021-06-17 01:00:00,Returned,Late Delivery,55.09
12799,2346,2021-06-17 06:00:00,Returned,Late Delivery,190.57
12814,5163,2021-06-17 21:00:00,Returned,Damaged,99.24
12844,1997,2021-06-19 03:00:00,Returned,Damaged,67.23
12852,1089,2021-06-19 11:00:00,Returned,Wrong Item,12.9
12864,3913,2021-06-19 23:00:00,Returned,Wrong Item,102.51
12878,9862,2021-06-20 13:00:00,Returned,Customer Dissatisfaction,65.67
12880,807,2021-06-20 15:00:00,Returned,Late Delivery,158.8
12895,8982,2021-06-21 06:00:00,Returned,Damaged,132.24
12897,3075,2021-06-21 08:00:00,Returned,Customer Dissatisfaction,13.88
12905,4831,2021-06-21 16:00:00,Returned,Wrong Item,53.05
12910,2297,2021-06-21 21:00:00,Returned,Late Delivery,164.79
12913,3281,2021-06-22 00:00:00,Returned,Wrong Item,193.32
12925,2404,2021-06-22 12:00:00,Returned,Damaged,69.18
12939,8863,2021-06-23 02:00:00,Returned,Damaged,45.25
12944,693,2021-06-23 07:00:00,Returned,Wrong Item,195.73
12969,5198,2021-06-24 08:00:00,Returned,Late Delivery,82.91
12978,6835,2021-06-24 17:00:00,Returned,Wrong Item,39.65
12981,382,2021-06-24 20:00:00,Returned,Late Delivery,150.68
13002,1483,2021-06-25 17:00:00,Returned,Wrong Item,139.28
13011,4544,2021-06-26 02:00:00,Returned,Damaged,165.41
13012,7500,2021-06-26 03:00:00,Returned,Customer Dissatisfaction,68.83
13029,5097,2021-06-26 20:00:00,Returned,Damaged,146.41
13036,5458,2021-06-27 03:00:00,Returned,Customer Dissatisfaction,112.94
13044,4009,2021-06-27 11:00:00,Returned,Damaged,119.64
13056,5509,2021-06-27 23:00:00,Returned,Late Delivery,126.84
13076,7252,2021-06-28 19:00:00,Returned,Customer Dissatisfaction,97.75
13080,8719,2021-06-28 23:00:00,Returned,Customer Dissatisfaction,122.41
13094,1232,2021-06-29 13:00:00,Returned,Late Delivery,154.1
13098,947,2021-06-29 17:00:00,Returned,Customer Dissatisfaction,132.28
13101,1082,2021-06-29 20:00:00,Returned,Wrong Item,107.3
13103,1866,2021-06-29 22:00:00,Returned,Customer Dissatisfaction,103.61
13111,7602,2021-06-30 06:00:00,Returned,Wrong Item,97.24
13114,992,2021-06-30 09:00:00,Returned,Wrong Item,33.36
13121,9142,2021-06-30 16:00:00,Returned,Wrong Item,54.82
13123,8760,2021-06-30 18:00:00,Returned,Wrong Item,130.93
13129,1629,2021-07-01 00:00:00,Returned,Customer Dissatisfaction,126.03
13136,1554,2021-07-01 07:00:00,Returned,Customer Dissatisfaction,11.32
13158,965,2021-07-02 05:00:00,Returned,Damaged,149.17
13163,3480,2021-07-02 10:00:00,Returned,Late Delivery,27.77
13180,9320,2021-07-03 03:00:00,Returned,Customer Dissatisfaction,47.27
13181,3246,2021-07-03 04:00:00,Returned,Damaged,151.54
13192,8999,2021-07-03 15:00:00,Returned,Damaged,147.24
13210,9101,2021-07-04 09:00:00,Returned,Damaged,28.03
13212,2659,2021-07-04 11:00:00,Returned,Damaged,150.64
13221,3683,2021-07-04 20:00:00,Returned,Late Delivery,37.46
13227,7480,2021-07-05 02:00:00,Returned,Customer Dissatisfaction,24.97
13233,315,2021-07-05 08:00:00,Returned,Late Delivery,18.9
13249,4833,2021-07-06 00:00:00,Returned,Customer Dissatisfaction,88.35
13254,72,2021-07-06 05:00:00,Returned,Wrong Item,50.25
13258,946,2021-07-06 09:00:00,Returned,Customer Dissatisfaction,6.79
13266,3387,2021-07-06 17:00:00,Returned,Late Delivery,105.8
13274,3007,2021-07-07 01:00:00,Returned,Late Delivery,14.54
13300,7871,2021-07-08 03:00:00,Returned,Damaged,141.75
13301,9686,2021-07-08 04:00:00,Returned,Late Delivery,139.91
13302,6430,2021-07-08 05:00:00,Returned,Customer Dissatisfaction,144.23
13303,2586,2021-07-08 06:00:00,Returned,Customer Dissatisfaction,31.88
13318,7200,2021-07-08 21:00:00,Returned,Customer Dissatisfaction,160.96
13326,2577,2021-07-09 05:00:00,Returned,Customer Dissatisfaction,30.2
13334,4592,2021-07-09 13:00:00,Returned,Wrong Item,169.59
13335,2171,2021-07-09 14:00:00,Returned,Wrong Item,176.45
13336,2119,2021-07-09 15:00:00,Returned,Late Delivery,8.94
13351,1954,2021-07-10 06:00:00,Returned,Wrong Item,65.66
13359,4825,2021-07-10 14:00:00,Returned,Wrong Item,158.2
13371,5614,2021-07-11 02:00:00,Returned,Customer Dissatisfaction,112.4
13400,3250,2021-07-12 07:00:00,Returned,Late Delivery,134.39
13402,8740,2021-07-12 09:00:00,Returned,Damaged,130.66
13411,6498,2021-07-12 18:00:00,Returned,Wrong Item,124.12
13429,1176,2021-07-13 12:00:00,Returned,Wrong Item,48.53
13440,4142,2021-07-13 23:00:00,Returned,Late Delivery,162.93
13443,1641,2021-07-14 02:00:00,Returned,Late Delivery,71.68
13469,9452,2021-07-15 04:00:00,Returned,Wrong Item,139.47
13472,397,2021-07-15 07:00:00,Returned,Wrong Item,185.74
13477,7653,2021-07-15 12:00:00,Returned,Late Delivery,159.74
13480,8984,2021-07-15 15:00:00,Returned,Customer Dissatisfaction,175.72
13484,4552,2021-07-15 19:00:00,Returned,Late Delivery,8.56
13485,6954,2021-07-15 20:00:00,Returned,Customer Dissatisfaction,103.63
13486,1825,2021-07-15 21:00:00,Returned,Wrong Item,55.89
13507,9811,2021-07-16 18:00:00,Returned,Damaged,179.54
13509,3927,2021-07-16 20:00:00,Returned,Damaged,13.41
13527,614,2021-07-17 14:00:00,Returned,Late Delivery,111.06
13532,410,2021-07-17 19:00:00,Returned,Damaged,13.19
13536,5639,2021-07-17 23:00:00,Returned,Damaged,58.16
13560,3865,2021-07-18 23:00:00,Returned,Customer Dissatisfaction,96.0
13561,436,2021-07-19 00:00:00,Returned,Damaged,119.42
13569,6730,2021-07-19 08:00:00,Returned,Late Delivery,56.41
13571,9611,2021-07-19 10:00:00,Returned,Customer Dissatisfaction,194.01
13586,486,2021-07-20 01:00:00,Returned,Late Delivery,131.17
13591,2004,2021-07-20 06:00:00,Returned,Customer Dissatisfaction,67.84
13596,6939,2021-07-20 11:00:00,Returned,Wrong Item,106.36
13598,6989,2021-07-20 13:00:00,Returned,Customer Dissatisfaction,186.67
13601,5947,2021-07-20 16:00:00,Returned,Damaged,82.05
13613,9088,2021-07-21 04:00:00,Returned,Customer Dissatisfaction,87.02
13625,5849,2021-07-21 16:00:00,Returned,Late Delivery,102.89
13627,3974,2021-07-21 18:00:00,Returned,Late Delivery,80.83
13636,7922,2021-07-22 03:00:00,Returned,Late Delivery,148.96
13637,6764,2021-07-22 04:00:00,Returned,Late Delivery,177.35
13644,135,2021-07-22 11:00:00,Returned,Wrong Item,63.71
13648,2907,2021-07-22 15:00:00,Returned,Wrong Item,21.7
13649,74,2021-07-22 16:00:00,Returned,Damaged,126.17
13654,767,2021-07-22 21:00:00,Returned,Wrong Item,79.42
13658,8433,2021-07-23 01:00:00,Returned,Customer Dissatisfaction,175.02
13663,9496,2021-07-23 06:00:00,Returned,Customer Dissatisfaction,162.9
13664,7201,2021-07-23 07:00:00,Returned,Customer Dissatisfaction,101.08
13687,958,2021-07-24 06:00:00,Returned,Customer Dissatisfaction,58.43
13688,7401,2021-07-24 07:00:00,Returned,Wrong Item,81.45
13697,758,2021-07-24 16:00:00,Returned,Late Delivery,123.62
13702,8636,2021-07-24 21:00:00,Returned,Customer Dissatisfaction,35.24
13728,2128,2021-07-25 23:00:00,Returned,Wrong Item,95.25
13748,9942,2021-07-26 19:00:00,Returned,Damaged,185.19
13754,3186,2021-07-27 01:00:00,Returned,Late Delivery,122.23
13757,8705,2021-07-27 04:00:00,Returned,Late Delivery,46.05
13759,734,2021-07-27 06:00:00,Returned,Late Delivery,52.88
13760,5330,2021-07-27 07:00:00,Returned,Customer Dissatisfaction,103.48
13771,8210,2021-07-27 18:00:00,Returned,Wrong Item,49.57
13778,5685,2021-07-28 01:00:00,Returned,Wrong Item,72.55
13780,8942,2021-07-28 03:00:00,Returned,Wrong Item,59.27
13803,4341,2021-07-29 02:00:00,Returned,Customer Dissatisfaction,185.82
13811,9907,2021-07-29 10:00:00,Returned,Wrong Item,147.18
13820,8241,2021-07-29 19:00:00,Returned,Customer Dissatisfaction,189.38
13860,8321,2021-07-31 11:00:00,Returned,Late Delivery,44.16
13861,8475,2021-07-31 12:00:00,Returned,Customer Dissatisfaction,157.49
13869,1923,2021-07-31 20:00:00,Returned,Damaged,36.47
13870,8192,2021-07-31 21:00:00,Returned,Wrong Item,91.22
13899,8164,2021-08-02 02:00:00,Returned,Wrong Item,62.67
13903,333,2021-08-02 06:00:00,Returned,Wrong Item,93.73
13904,8345,2021-08-02 07:00:00,Returned,Late Delivery,136.31
13927,7498,2021-08-03 06:00:00,Returned,Wrong Item,196.56
13928,5598,2021-08-03 07:00:00,Returned,Late Delivery,38.51
13932,1517,2021-08-03 11:00:00,Returned,Customer Dissatisfaction,69.03
13934,6170,2021-08-03 13:00:00,Returned,Damaged,53.02
13937,8393,2021-08-03 16:00:00,Returned,Wrong Item,68.6
13959,5198,2021-08-04 14:00:00,Returned,Customer Dissatisfaction,116.96
13960,1275,2021-08-04 15:00:00,Returned,Damaged,23.34
13968,272,2021-08-04 23:00:00,Returned,Customer Dissatisfaction,184.16
13977,9330,2021-08-05 08:00:00,Returned,Wrong Item,131.17
13988,312,2021-08-05 19:00:00,Returned,Customer Dissatisfaction,173.72
13993,3430,2021-08-06 00:00:00,Returned,Customer Dissatisfaction,59.37
13998,4207,2021-08-06 05:00:00,Returned,Damaged,83.66
14018,1214,2021-08-07 01:00:00,Returned,Damaged,156.15
14019,9382,2021-08-07 02:00:00,Returned,Damaged,161.76
14031,8872,2021-08-07 14:00:00,Returned,Wrong Item,148.62
14046,1109,2021-08-08 05:00:00,Returned,Customer Dissatisfaction,199.57
14052,6777,2021-08-08 11:00:00,Returned,Customer Dissatisfaction,38.57
14053,1819,2021-08-08 12:00:00,Returned,Damaged,194.99
14060,6167,2021-08-08 19:00:00,Returned,Damaged,145.55
14063,29,2021-08-08 22:00:00,Returned,Wrong Item,168.03
14080,5631,2021-08-09 15:00:00,Returned,Damaged,172.67
14103,2107,2021-08-10 14:00:00,Returned,Late Delivery,80.36
14108,5383,2021-08-10 19:00:00,Returned,Late Delivery,163.79
14118,3028,2021-08-11 05:00:00,Returned,Wrong Item,72.59
14122,9489,2021-08-11 09:00:00,Returned,Customer Dissatisfaction,28.64
14132,3779,2021-08-11 19:00:00,Returned,Customer Dissatisfaction,16.62
14146,3219,2021-08-12 09:00:00,Returned,Customer Dissatisfaction,30.24
14148,942,2021-08-12 11:00:00,Returned,Late Delivery,106.05
14168,9168,2021-08-13 07:00:00,Returned,Customer Dissatisfaction,60.74
14171,2814,2021-08-13 10:00:00,Returned,Customer Dissatisfaction,157.42
14201,780,2021-08-14 16:00:00,Returned,Customer Dissatisfaction,120.04
14203,4823,2021-08-14 18:00:00,Returned,Wrong Item,188.79
14207,1906,2021-08-14 22:00:00,Returned,Damaged,68.04
14210,2005,2021-08-15 01:00:00,Returned,Damaged,99.55
14213,1667,2021-08-15 04:00:00,Returned,Late Delivery,133.95
14215,9212,2021-08-15 06:00:00,Returned,Damaged,29.25
14222,6286,2021-08-15 13:00:00,Returned,Late Delivery,112.16
14235,1432,2021-08-16 02:00:00,Returned,Late Delivery,86.93
14244,3171,2021-08-16 11:00:00,Returned,Late Delivery,72.31
14246,765,2021-08-16 13:00:00,Returned,Damaged,65.56
14252,9974,2021-08-16 19:00:00,Returned,Customer Dissatisfaction,190.62
14285,1294,2021-08-18 04:00:00,Returned,Late Delivery,161.47
14301,9295,2021-08-18 20:00:00,Returned,Customer Dissatisfaction,167.03
14315,1872,2021-08-19 10:00:00,Returned,Customer Dissatisfaction,53.03
14324,4706,2021-08-19 19:00:00,Returned,Damaged,198.21
14350,4607,2021-08-20 21:00:00,Returned,Customer Dissatisfaction,50.05
14358,8631,2021-08-21 05:00:00,Returned,Late Delivery,68.25
14384,5559,2021-08-22 07:00:00,Returned,Damaged,155.71
14385,3857,2021-08-22 08:00:00,Returned,Customer Dissatisfaction,174.54
14399,5043,2021-08-22 22:00:00,Returned,Late Delivery,199.91
14402,3887,2021-08-23 01:00:00,Returned,Damaged,71.04
14427,3442,2021-08-24 02:00:00,Returned,Damaged,148.51
14437,2779,2021-08-24 12:00:00,Returned,Damaged,118.19
14438,9324,2021-08-24 13:00:00,Returned,Damaged,102.1
14439,3688,2021-08-24 14:00:00,Returned,Damaged,150.67
14448,918,2021-08-24 23:00:00,Returned,Late Delivery,75.62
14450,9379,2021-08-25 01:00:00,Returned,Late Delivery,126.51
14452,1743,2021-08-25 03:00:00,Returned,Customer Dissatisfaction,81.08
14454,8436,2021-08-25 05:00:00,Returned,Wrong Item,17.71
14456,2014,2021-08-25 07:00:00,Returned,Customer Dissatisfaction,150.94
14457,7802,2021-08-25 08:00:00,Returned,Wrong Item,155.02
14470,9119,2021-08-25 21:00:00,Returned,Wrong Item,172.98
14497,8725,2021-08-27 00:00:00,Returned,Damaged,109.24
14519,3738,2021-08-27 22:00:00,Returned,Customer Dissatisfaction,165.11
14521,8902,2021-08-28 00:00:00,Returned,Wrong Item,160.66
14523,1623,2021-08-28 02:00:00,Returned,Late Delivery,134.42
14537,3637,2021-08-28 16:00:00,Returned,Damaged,46.7
14541,2393,2021-08-28 20:00:00,Returned,Late Delivery,58.57
14560,1270,2021-08-29 15:00:00,Returned,Late Delivery,153.59
14567,5772,2021-08-29 22:00:00,Returned,Customer Dissatisfaction,181.79
14569,6960,2021-08-30 00:00:00,Returned,Damaged,117.34
14586,1715,2021-08-30 17:00:00,Returned,Damaged,7.37
14595,3741,2021-08-31 02:00:00,Returned,Wrong Item,135.62
14596,1257,2021-08-31 03:00:00,Returned,Customer Dissatisfaction,179.91
14606,410,2021-08-31 13:00:00,Returned,Damaged,90.94
14631,5773,2021-09-01 14:00:00,Returned,Damaged,133.89
14647,4113,2021-09-02 06:00:00,Returned,Damaged,169.72
14664,7920,2021-09-02 23:00:00,Returned,Late Delivery,162.79
14687,7212,2021-09-03 22:00:00,Returned,Late Delivery,28.41
14706,1016,2021-09-04 17:00:00,Returned,Customer Dissatisfaction,148.11
14708,6158,2021-09-04 19:00:00,Returned,Late Delivery,32.04
14710,4843,2021-09-04 21:00:00,Returned,Late Delivery,194.14
14711,2903,2021-09-04 22:00:00,Returned,Damaged,120.92
14715,8138,2021-09-05 02:00:00,Returned,Wrong Item,183.55
14733,8796,2021-09-05 20:00:00,Returned,Late Delivery,132.69
14738,6028,2021-09-06 01:00:00,Returned,Damaged,43.9
14742,666,2021-09-06 05:00:00,Returned,Late Delivery,40.27
14752,347,2021-09-06 15:00:00,Returned,Damaged,144.42
14755,4520,2021-09-06 18:00:00,Returned,Late Delivery,172.96
14767,651,2021-09-07 06:00:00,Returned,Late Delivery,66.48
14776,6036,2021-09-07 15:00:00,Returned,Wrong Item,138.75
14780,8982,2021-09-07 19:00:00,Returned,Customer Dissatisfaction,107.52
14786,5430,2021-09-08 01:00:00,Returned,Wrong Item,123.59
14794,4696,2021-09-08 09:00:00,Returned,Late Delivery,185.64
14816,9217,2021-09-09 07:00:00,Returned,Damaged,174.07
14830,415,2021-09-09 21:00:00,Returned,Wrong Item,140.25
14838,5631,2021-09-10 05:00:00,Returned,Damaged,52.93
14841,8976,2021-09-10 08:00:00,Returned,Wrong Item,79.13
14848,9140,2021-09-10 15:00:00,Returned,Customer Dissatisfaction,71.67
14861,5986,2021-09-11 04:00:00,Returned,Late Delivery,93.26
14867,2631,2021-09-11 10:00:00,Returned,Wrong Item,175.74
14880,3318,2021-09-11 23:00:00,Returned,Late Delivery,151.2
14882,4158,2021-09-12 01:00:00,Returned,Late Delivery,153.03
14883,5151,2021-09-12 02:00:00,Returned,Customer Dissatisfaction,176.7
14931,5911,2021-09-14 02:00:00,Returned,Late Delivery,100.12
14941,594,2021-09-14 12:00:00,Returned,Late Delivery,177.74
14971,3681,2021-09-15 18:00:00,Returned,Wrong Item,153.32
14979,9333,2021-09-16 02:00:00,Returned,Customer Dissatisfaction,165.19
14981,7523,2021-09-16 04:00:00,Returned,Customer Dissatisfaction,114.95
14982,4695,2021-09-16 05:00:00,Returned,Wrong Item,112.9
14988,7541,2021-09-16 11:00:00,Returned,Late Delivery,186.2
15003,9220,2021-09-17 02:00:00,Returned,Late Delivery,154.94
15005,9652,2021-09-17 04:00:00,Returned,Wrong Item,50.58
15025,4045,2021-09-18 00:00:00,Returned,Customer Dissatisfaction,197.55
15052,3709,2021-09-19 03:00:00,Returned,Damaged,90.11
15056,4586,2021-09-19 07:00:00,Returned,Late Delivery,161.62
15063,6420,2021-09-19 14:00:00,Returned,Late Delivery,29.97
15068,4521,2021-09-19 19:00:00,Returned,Late Delivery,192.79
15083,6211,2021-09-20 10:00:00,Returned,Customer Dissatisfaction,114.39
15092,8652,2021-09-20 19:00:00,Returned,Late Delivery,148.37
15103,9416,2021-09-21 06:00:00,Returned,Customer Dissatisfaction,117.34
15105,9305,2021-09-21 08:00:00,Returned,Customer Dissatisfaction,17.98
15111,4027,2021-09-21 14:00:00,Returned,Damaged,12.64
15128,4183,2021-09-22 07:00:00,Returned,Wrong Item,13.8
15130,7149,2021-09-22 09:00:00,Returned,Customer Dissatisfaction,123.59
15133,6878,2021-09-22 12:00:00,Returned,Customer Dissatisfaction,145.93
15140,8366,2021-09-22 19:00:00,Returned,Late Delivery,135.72
15158,4271,2021-09-23 13:00:00,Returned,Late Delivery,96.61
15161,5786,2021-09-23 16:00:00,Returned,Customer Dissatisfaction,56.12
15173,2122,2021-09-24 04:00:00,Returned,Wrong Item,52.05
15188,5832,2021-09-24 19:00:00,Returned,Wrong Item,103.63
15192,5571,2021-09-24 23:00:00,Returned,Damaged,137.19
15194,1989,2021-09-25 01:00:00,Returned,Late Delivery,30.25
15195,7174,2021-09-25 02:00:00,Returned,Damaged,111.32
15213,6756,2021-09-25 20:00:00,Returned,Damaged,124.05
15218,5131,2021-09-26 01:00:00,Returned,Damaged,127.98
15222,8698,2021-09-26 05:00:00,Returned,Late Delivery,121.09
15228,436,2021-09-26 11:00:00,Returned,Customer Dissatisfaction,33.17
15254,69,2021-09-27 13:00:00,Returned,Wrong Item,17.36
15268,9164,2021-09-28 03:00:00,Returned,Damaged,45.6
15278,7076,2021-09-28 13:00:00,Returned,Late Delivery,42.65
15325,1458,2021-09-30 12:00:00,Returned,Customer Dissatisfaction,196.59
15334,1728,2021-09-30 21:00:00,Returned,Damaged,50.67
15379,8115,2021-10-02 18:00:00,Returned,Late Delivery,112.32
15384,5290,2021-10-02 23:00:00,Returned,Late Delivery,136.48
15395,9420,2021-10-03 10:00:00,Returned,Damaged,83.56
15420,6372,2021-10-04 11:00:00,Returned,Wrong Item,5.7
15423,6047,2021-10-04 14:00:00,Returned,Customer Dissatisfaction,159.43
15430,5756,2021-10-04 21:00:00,Returned,Damaged,10.56
15448,2879,2021-10-05 15:00:00,Returned,Wrong Item,189.83
15452,1432,2021-10-05 19:00:00,Returned,Customer Dissatisfaction,56.13
15456,3012,2021-10-05 23:00:00,Returned,Late Delivery,41.44
15466,4556,2021-10-06 09:00:00,Returned,Late Delivery,94.34
15481,8697,2021-10-07 00:00:00,Returned,Damaged,38.36
15491,4974,2021-10-07 10:00:00,Returned,Damaged,196.83
15495,56,2021-10-07 14:00:00,Returned,Wrong Item,78.77
15498,7378,2021-10-07 17:00:00,Returned,Damaged,31.6
15501,7267,2021-10-07 20:00:00,Returned,Wrong Item,119.08
15502,9938,2021-10-07 21:00:00,Returned,Late Delivery,39.4
15505,7090,2021-10-08 00:00:00,Returned,Customer Dissatisfaction,115.59
15511,2918,2021-10-08 06:00:00,Returned,Customer Dissatisfaction,155.15
15521,8736,2021-10-08 16:00:00,Returned,Customer Dissatisfaction,166.34
15527,1593,2021-10-08 22:00:00,Returned,Late Delivery,54.98
15554,4204,2021-10-10 01:00:00,Returned,Damaged,180.79
15556,3299,2021-10-10 03:00:00,Returned,Late Delivery,44.6
15567,5457,2021-10-10 14:00:00,Returned,Late Delivery,161.67
15569,8560,2021-10-10 16:00:00,Returned,Damaged,35.29
15587,6212,2021-10-11 10:00:00,Returned,Late Delivery,73.48
15589,8498,2021-10-11 12:00:00,Returned,Customer Dissatisfaction,37.67
15591,7696,2021-10-11 14:00:00,Returned,Late Delivery,7.39
15600,4477,2021-10-11 23:00:00,Returned,Wrong Item,180.3
15605,1431,2021-10-12 04:00:00,Returned,Wrong Item,91.81
15608,7960,2021-10-12 07:00:00,Returned,Late Delivery,148.29
15611,9677,2021-10-12 10:00:00,Returned,Customer Dissatisfaction,185.64
15617,69,2021-10-12 16:00:00,Returned,Damaged,121.66
15620,9620,2021-10-12 19:00:00,Returned,Customer Dissatisfaction,110.25
15622,7728,2021-10-12 21:00:00,Returned,Customer Dissatisfaction,59.57
15626,511,2021-10-13 01:00:00,Returned,Wrong Item,37.69
15647,9503,2021-10-13 22:00:00,Returned,Late Delivery,101.8
15650,3984,2021-10-14 01:00:00,Returned,Late Delivery,14.57
15651,1360,2021-10-14 02:00:00,Returned,Late Delivery,78.76
15652,6878,2021-10-14 03:00:00,Returned,Customer Dissatisfaction,48.18
15655,7232,2021-10-14 06:00:00,Returned,Customer Dissatisfaction,132.71
15664,8396,2021-10-14 15:00:00,Returned,Wrong Item,127.51
15685,4741,2021-10-15 12:00:00,Returned,Damaged,5.71
15702,7974,2021-10-16 05:00:00,Returned,Damaged,189.61
15712,1631,2021-10-16 15:00:00,Returned,Wrong Item,190.31
15718,547,2021-10-16 21:00:00,Returned,Late Delivery,86.06
15724,7298,2021-10-17 03:00:00,Returned,Late Delivery,100.68
15726,5679,2021-10-17 05:00:00,Returned,Damaged,145.68
15734,1461,2021-10-17 13:00:00,Returned,Wrong Item,64.26
15757,5625,2021-10-18 12:00:00,Returned,Wrong Item,106.93
15760,5268,2021-10-18 15:00:00,Returned,Wrong Item,61.91
15777,6002,2021-10-19 08:00:00,Returned,Late Delivery,177.43
15778,1174,2021-10-19 09:00:00,Returned,Late Delivery,155.29
15782,1972,2021-10-19 13:00:00,Returned,Damaged,11.53
15786,6840,2021-10-19 17:00:00,Returned,Customer Dissatisfaction,81.63
15794,9568,2021-10-20 01:00:00,Returned,Wrong Item,108.5
15797,2801,2021-10-20 04:00:00,Returned,Wrong Item,169.14
15815,3067,2021-10-20 22:00:00,Returned,Late Delivery,113.87
15817,2779,2021-10-21 00:00:00,Returned,Damaged,51.89
15831,275,2021-10-21 14:00:00,Returned,Late Delivery,122.85
15841,3364,2021-10-22 00:00:00,Returned,Customer Dissatisfaction,194.0
15865,2916,2021-10-23 00:00:00,Returned,Damaged,155.54
15869,6188,2021-10-23 04:00:00,Returned,Customer Dissatisfaction,23.81
15874,7532,2021-10-23 09:00:00,Returned,Late Delivery,63.96
15894,8740,2021-10-24 05:00:00,Returned,Late Delivery,135.86
15906,8945,2021-10-24 17:00:00,Returned,Late Delivery,187.42
15910,3325,2021-10-24 21:00:00,Returned,Customer Dissatisfaction,158.08
15921,9764,2021-10-25 08:00:00,Returned,Wrong Item,186.75
15928,2141,2021-10-25 15:00:00,Returned,Customer Dissatisfaction,75.79
15952,7093,2021-10-26 15:00:00,Returned,Late Delivery,101.71
15965,5170,2021-10-27 04:00:00,Returned,Customer Dissatisfaction,191.06
15969,1882,2021-10-27 08:00:00,Returned,Late Delivery,139.33
15973,3451,2021-10-27 12:00:00,Returned,Wrong Item,56.84
15977,2440,2021-10-27 16:00:00,Returned,Wrong Item,12.85
15986,8091,2021-10-28 01:00:00,Returned,Wrong Item,195.22
15995,880,2021-10-28 10:00:00,Returned,Damaged,19.69
16010,510,2021-10-29 01:00:00,Returned,Damaged,25.55
16033,7005,2021-10-30 00:00:00,Returned,Damaged,137.13
16037,9954,2021-10-30 04:00:00,Returned,Late Delivery,32.94
16038,8180,2021-10-30 05:00:00,Returned,Late Delivery,174.12
16042,7319,2021-10-30 09:00:00,Returned,Customer Dissatisfaction,41.73
16081,2481,2021-11-01 00:00:00,Returned,Damaged,45.33
16095,7519,2021-11-01 14:00:00,Returned,Damaged,90.38
16143,6305,2021-11-03 14:00:00,Returned,Customer Dissatisfaction,179.61
16148,865,2021-11-03 19:00:00,Returned,Wrong Item,146.8
16150,2987,2021-11-03 21:00:00,Returned,Late Delivery,126.72
16165,1754,2021-11-04 12:00:00,Returned,Wrong Item,33.11
16183,9373,2021-11-05 06:00:00,Returned,Customer Dissatisfaction,104.46
16194,9466,2021-11-05 17:00:00,Returned,Damaged,19.58
16196,9358,2021-11-05 19:00:00,Returned,Wrong Item,101.5
16206,5267,2021-11-06 05:00:00,Returned,Wrong Item,191.4
16207,2856,2021-11-06 06:00:00,Returned,Wrong Item,82.12
16209,2379,2021-11-06 08:00:00,Returned,Customer Dissatisfaction,13.54
16211,3855,2021-11-06 10:00:00,Returned,Late Delivery,71.33
16218,2567,2021-11-06 17:00:00,Returned,Damaged,170.35
16230,2110,2021-11-07 05:00:00,Returned,Wrong Item,74.48
16236,9875,2021-11-07 11:00:00,Returned,Damaged,60.61
16247,1622,2021-11-07 22:00:00,Returned,Customer Dissatisfaction,99.18
16253,9670,2021-11-08 04:00:00,Returned,Customer Dissatisfaction,8.58
16260,8566,2021-11-08 11:00:00,Returned,Customer Dissatisfaction,28.64
16263,8097,2021-11-08 14:00:00,Returned,Late Delivery,177.75
16270,7897,2021-11-08 21:00:00,Returned,Late Delivery,95.88
16300,7552,2021-11-10 03:00:00,Returned,Damaged,178.95
16357,1008,2021-11-12 12:00:00,Returned,Late Delivery,22.42
16390,5227,2021-11-13 21:00:00,Returned,Customer Dissatisfaction,56.24
16392,4722,2021-11-13 23:00:00,Returned,Damaged,22.38
16396,5580,2021-11-14 03:00:00,Returned,Wrong Item,60.16
16401,7226,2021-11-14 08:00:00,Returned,Late Delivery,17.63
16405,8259,2021-11-14 12:00:00,Returned,Damaged,179.13
16407,3256,2021-11-14 14:00:00,Returned,Wrong Item,198.0
16410,7942,2021-11-14 17:00:00,Returned,Damaged,30.13
16419,4712,2021-11-15 02:00:00,Returned,Wrong Item,186.72
16425,8307,2021-11-15 08:00:00,Returned,Late Delivery,112.0
16437,8585,2021-11-15 20:00:00,Returned,Late Delivery,17.54
16478,3505,2021-11-17 13:00:00,Returned,Late Delivery,46.27
16484,6672,2021-11-17 19:00:00,Returned,Damaged,133.37
16490,3781,2021-11-18 01:00:00,Returned,Late Delivery,166.65
16497,974,2021-11-18 08:00:00,Returned,Damaged,79.8
16499,3134,2021-11-18 10:00:00,Returned,Wrong Item,119.37
16501,3359,2021-11-18 12:00:00,Returned,Damaged,22.03
16516,1460,2021-11-19 03:00:00,Returned,Late Delivery,107.39
16530,4869,2021-11-19 17:00:00,Returned,Late Delivery,118.39
16533,8464,2021-11-19 20:00:00,Returned,Wrong Item,129.16
16552,2609,2021-11-20 15:00:00,Returned,Customer Dissatisfaction,22.61
16553,3307,2021-11-20 16:00:00,Returned,Wrong Item,54.63
16562,700,2021-11-21 01:00:00,Returned,Wrong Item,194.39
16565,7532,2021-11-21 04:00:00,Returned,Customer Dissatisfaction,126.33
16567,3017,2021-11-21 06:00:00,Returned,Wrong Item,111.83
16568,137,2021-11-21 07:00:00,Returned,Customer Dissatisfaction,7.38
16571,7212,2021-11-21 10:00:00,Returned,Customer Dissatisfaction,162.6
16589,8240,2021-11-22 04:00:00,Returned,Late Delivery,196.5
16592,387,2021-11-22 07:00:00,Returned,Wrong Item,89.79
16597,9038,2021-11-22 12:00:00,Returned,Customer Dissatisfaction,62.26
16603,463,2021-11-22 18:00:00,Returned,Wrong Item,73.83
16609,9174,2021-11-23 00:00:00,Returned,Damaged,69.32
16621,5120,2021-11-23 12:00:00,Returned,Wrong Item,193.2
16626,206,2021-11-23 17:00:00,Returned,Wrong Item,81.16
16628,4529,2021-11-23 19:00:00,Returned,Late Delivery,5.55
16629,5457,2021-11-23 20:00:00,Returned,Wrong Item,184.25
16644,4833,2021-11-24 11:00:00,Returned,Customer Dissatisfaction,11.74
16661,7024,2021-11-25 04:00:00,Returned,Damaged,114.92
16669,9412,2021-11-25 12:00:00,Returned,Customer Dissatisfaction,116.11
16675,8930,2021-11-25 18:00:00,Returned,Late Delivery,59.14
16678,2197,2021-11-25 21:00:00,Returned,Damaged,50.47
16684,9458,2021-11-26 03:00:00,Returned,Wrong Item,169.37
16694,4777,2021-11-26 13:00:00,Returned,Customer Dissatisfaction,90.73
16697,6845,2021-11-26 16:00:00,Returned,Late Delivery,56.12
16708,4458,2021-11-27 03:00:00,Returned,Damaged,57.77
16714,884,2021-11-27 09:00:00,Returned,Damaged,97.03
16717,393,2021-11-27 12:00:00,Returned,Wrong Item,83.51
16722,8177,2021-11-27 17:00:00,Returned,Late Delivery,43.47
16726,9436,2021-11-27 21:00:00,Returned,Late Delivery,13.66
16730,1848,2021-11-28 01:00:00,Returned,Damaged,111.43
16770,8592,2021-11-29 17:00:00,Returned,Damaged,129.43
16783,3837,2021-11-30 06:00:00,Returned,Customer Dissatisfaction,121.33
16796,4989,2021-11-30 19:00:00,Returned,Late Delivery,116.44
16813,9865,2021-12-01 12:00:00,Returned,Wrong Item,33.14
16814,6826,2021-12-01 13:00:00,Returned,Late Delivery,14.59
16822,6463,2021-12-01 21:00:00,Returned,Wrong Item,109.6
16831,2417,2021-12-02 06:00:00,Returned,Wrong Item,95.02
16836,1711,2021-12-02 11:00:00,Returned,Late Delivery,66.99
16861,1026,2021-12-03 12:00:00,Returned,Late Delivery,72.72
16888,7055,2021-12-04 15:00:00,Returned,Wrong Item,110.52
16893,1092,2021-12-04 20:00:00,Returned,Customer Dissatisfaction,191.26
16894,1853,2021-12-04 21:00:00,Returned,Wrong Item,150.03
16900,1799,2021-12-05 03:00:00,Returned,Wrong Item,43.22
16908,407,2021-12-05 11:00:00,Returned,Wrong Item,78.51
16919,2475,2021-12-05 22:00:00,Returned,Wrong Item,111.69
16921,2720,2021-12-06 00:00:00,Returned,Customer Dissatisfaction,134.06
16933,4293,2021-12-06 12:00:00,Returned,Wrong Item,61.17
16944,377,2021-12-06 23:00:00,Returned,Customer Dissatisfaction,184.97
16948,6818,2021-12-07 03:00:00,Returned,Customer Dissatisfaction,126.21
16951,8904,2021-12-07 06:00:00,Returned,Customer Dissatisfaction,133.68
16968,6605,2021-12-07 23:00:00,Returned,Wrong Item,33.94
16986,8042,2021-12-08 17:00:00,Returned,Customer Dissatisfaction,165.11
16987,3560,2021-12-08 18:00:00,Returned,Late Delivery,36.41
17019,6049,2021-12-10 02:00:00,Returned,Customer Dissatisfaction,149.04
17026,1562,2021-12-10 09:00:00,Returned,Damaged,88.18
17027,9385,2021-12-10 10:00:00,Returned,Late Delivery,165.41
17030,9667,2021-12-10 13:00:00,Returned,Damaged,89.34
17045,8005,2021-12-11 04:00:00,Returned,Damaged,16.99
17049,7249,2021-12-11 08:00:00,Returned,Customer Dissatisfaction,137.29
17060,3404,2021-12-11 19:00:00,Returned,Late Delivery,62.84
17069,7709,2021-12-12 04:00:00,Returned,Damaged,152.43
17071,6688,2021-12-12 06:00:00,Returned,Wrong Item,11.15
17082,6224,2021-12-12 17:00:00,Returned,Late Delivery,8.97
17084,945,2021-12-12 19:00:00,Returned,Customer Dissatisfaction,97.57
17093,4906,2021-12-13 04:00:00,Returned,Damaged,172.49
17100,8550,2021-12-13 11:00:00,Returned,Damaged,183.36
17121,8823,2021-12-14 08:00:00,Returned,Late Delivery,196.51
17130,5119,2021-12-14 17:00:00,Returned,Late Delivery,162.71
17138,5109,2021-12-15 01:00:00,Returned,Late Delivery,35.89
17140,1822,2021-12-15 03:00:00,Returned,Late Delivery,191.32
17148,8878,2021-12-15 11:00:00,Returned,Late Delivery,110.96
17151,6373,2021-12-15 14:00:00,Returned,Late Delivery,69.4
17159,961,2021-12-15 22:00:00,Returned,Damaged,68.58
17165,2644,2021-12-16 04:00:00,Returned,Damaged,58.08
17166,1127,2021-12-16 05:00:00,Returned,Damaged,193.56
17204,4032,2021-12-17 19:00:00,Returned,Damaged,90.02
17217,6877,2021-12-18 08:00:00,Returned,Wrong Item,63.18
17230,6279,2021-12-18 21:00:00,Returned,Late Delivery,50.44
17251,2284,2021-12-19 18:00:00,Returned,Damaged,75.07
17268,8428,2021-12-20 11:00:00,Returned,Wrong Item,41.49
17273,5565,2021-12-20 16:00:00,Returned,Damaged,33.07
17276,6024,2021-12-20 19:00:00,Returned,Late Delivery,58.43
17301,1195,2021-12-21 20:00:00,Returned,Wrong Item,107.27
17302,4282,2021-12-21 21:00:00,Returned,Damaged,112.21
17304,3849,2021-12-21 23:00:00,Returned,Customer Dissatisfaction,159.27
17307,1798,2021-12-22 02:00:00,Returned,Customer Dissatisfaction,146.92
17318,1538,2021-12-22 13:00:00,Returned,Late Delivery,34.7
17321,5760,2021-12-22 16:00:00,Returned,Damaged,6.51
17322,3555,2021-12-22 17:00:00,Returned,Late Delivery,68.54
17325,2504,2021-12-22 20:00:00,Returned,Late Delivery,128.53
17329,1706,2021-12-23 00:00:00,Returned,Late Delivery,179.36
17330,9521,2021-12-23 01:00:00,Returned,Wrong Item,141.19
17354,5069,2021-12-24 01:00:00,Returned,Late Delivery,141.86
17375,976,2021-12-24 22:00:00,Returned,Wrong Item,14.39
17377,7500,2021-12-25 00:00:00,Returned,Wrong Item,53.84
17382,9918,2021-12-25 05:00:00,Returned,Wrong Item,18.08
17402,2143,2021-12-26 01:00:00,Returned,Late Delivery,62.08
17423,8739,2021-12-26 22:00:00,Returned,Damaged,83.04
17429,592,2021-12-27 04:00:00,Returned,Wrong Item,67.44
17444,3334,2021-12-27 19:00:00,Returned,Wrong Item,52.75
17473,4884,2021-12-29 00:00:00,Returned,Late Delivery,14.95
17492,1922,2021-12-29 19:00:00,Returned,Customer Dissatisfaction,98.91
17503,8152,2021-12-30 06:00:00,Returned,Late Delivery,20.7
17505,7710,2021-12-30 08:00:00,Returned,Wrong Item,69.16
17525,1966,2021-12-31 04:00:00,Returned,Customer Dissatisfaction,174.53
17527,9940,2021-12-31 06:00:00,Returned,Wrong Item,190.86
17528,9297,2021-12-31 07:00:00,Returned,Late Delivery,171.74
17532,3372,2021-12-31 11:00:00,Returned,Late Delivery,36.7
17549,2549,2022-01-01 04:00:00,Returned,Wrong Item,131.58
17552,9945,2022-01-01 07:00:00,Returned,Damaged,155.26
17554,7671,2022-01-01 09:00:00,Returned,Customer Dissatisfaction,158.63
17566,8580,2022-01-01 21:00:00,Returned,Customer Dissatisfaction,151.47
17577,8183,2022-01-02 08:00:00,Returned,Late Delivery,92.78
17579,8114,2022-01-02 10:00:00,Returned,Customer Dissatisfaction,165.75
17588,2379,2022-01-02 19:00:00,Returned,Damaged,72.68
17591,3825,2022-01-02 22:00:00,Returned,Late Delivery,151.94
17593,659,2022-01-03 00:00:00,Returned,Customer Dissatisfaction,143.24
17596,7999,2022-01-03 03:00:00,Returned,Wrong Item,22.52
17597,8776,2022-01-03 04:00:00,Returned,Wrong Item,63.45
17604,8032,2022-01-03 11:00:00,Returned,Customer Dissatisfaction,106.6
17616,9398,2022-01-03 23:00:00,Returned,Customer Dissatisfaction,112.2
17626,6630,2022-01-04 09:00:00,Returned,Wrong Item,160.91
17633,2891,2022-01-04 16:00:00,Returned,Damaged,9.69
17640,2378,2022-01-04 23:00:00,Returned,Wrong Item,28.11
17641,4129,2022-01-05 00:00:00,Returned,Wrong Item,121.9
17658,9131,2022-01-05 17:00:00,Returned,Late Delivery,69.07
17674,1253,2022-01-06 09:00:00,Returned,Late Delivery,20.71
17680,8129,2022-01-06 15:00:00,Returned,Damaged,40.49
17681,6772,2022-01-06 16:00:00,Returned,Customer Dissatisfaction,182.19
17695,5444,2022-01-07 06:00:00,Returned,Wrong Item,126.85
17715,7655,2022-01-08 02:00:00,Returned,Customer Dissatisfaction,159.84
17718,8735,2022-01-08 05:00:00,Returned,Damaged,129.5
17724,4122,2022-01-08 11:00:00,Returned,Wrong Item,140.02
17728,6419,2022-01-08 15:00:00,Returned,Damaged,109.97
17735,165,2022-01-08 22:00:00,Returned,Wrong Item,16.54
17739,8583,2022-01-09 02:00:00,Returned,Wrong Item,132.18
17746,6151,2022-01-09 09:00:00,Returned,Wrong Item,118.62
17768,4906,2022-01-10 07:00:00,Returned,Wrong Item,67.67
17780,9968,2022-01-10 19:00:00,Returned,Damaged,51.14
17783,5165,2022-01-10 22:00:00,Returned,Damaged,61.18
17784,8127,2022-01-10 23:00:00,Returned,Late Delivery,188.63
17826,1782,2022-01-12 17:00:00,Returned,Customer Dissatisfaction,25.2
17847,1828,2022-01-13 14:00:00,Returned,Late Delivery,76.52
17850,4095,2022-01-13 17:00:00,Returned,Damaged,142.68
17860,9513,2022-01-14 03:00:00,Returned,Late Delivery,21.75
17862,2566,2022-01-14 05:00:00,Returned,Customer Dissatisfaction,72.86
17869,258,2022-01-14 12:00:00,Returned,Damaged,156.06
17884,1222,2022-01-15 03:00:00,Returned,Damaged,164.35
17890,2137,2022-01-15 09:00:00,Returned,Wrong Item,105.36
17892,5364,2022-01-15 11:00:00,Returned,Late Delivery,137.69
17895,2532,2022-01-15 14:00:00,Returned,Customer Dissatisfaction,114.87
17902,1377,2022-01-15 21:00:00,Returned,Wrong Item,46.02
17903,6347,2022-01-15 22:00:00,Returned,Customer Dissatisfaction,35.25
17905,9199,2022-01-16 00:00:00,Returned,Late Delivery,14.0
17910,3350,2022-01-16 05:00:00,Returned,Customer Dissatisfaction,108.71
17920,8589,2022-01-16 15:00:00,Returned,Late Delivery,142.68
17922,6742,2022-01-16 17:00:00,Returned,Late Delivery,27.39
17923,287,2022-01-16 18:00:00,Returned,Wrong Item,67.75
17929,6286,2022-01-17 00:00:00,Returned,Wrong Item,94.75
17941,5267,2022-01-17 12:00:00,Returned,Customer Dissatisfaction,116.58
17945,9230,2022-01-17 16:00:00,Returned,Wrong Item,193.66
17967,3969,2022-01-18 14:00:00,Returned,Wrong Item,51.41
17995,3705,2022-01-19 18:00:00,Returned,Customer Dissatisfaction,63.96
18009,9157,2022-01-20 08:00:00,Returned,Customer Dissatisfaction,184.51
18024,6805,2022-01-20 23:00:00,Returned,Late Delivery,189.48
18040,4765,2022-01-21 15:00:00,Returned,Late Delivery,162.61
18049,4482,2022-01-22 00:00:00,Returned,Wrong Item,155.99
18064,6506,2022-01-22 15:00:00,Returned,Customer Dissatisfaction,81.65
18074,1275,2022-01-23 01:00:00,Returned,Wrong Item,137.08
18077,2898,2022-01-23 04:00:00,Returned,Customer Dissatisfaction,96.25
18081,6436,2022-01-23 08:00:00,Returned,Customer Dissatisfaction,95.82
18101,1567,2022-01-24 04:00:00,Returned,Late Delivery,174.16
18106,1492,2022-01-24 09:00:00,Returned,Late Delivery,80.56
18114,2914,2022-01-24 17:00:00,Returned,Customer Dissatisfaction,117.24
18121,9116,2022-01-25 00:00:00,Returned,Customer Dissatisfaction,59.01
18124,3942,2022-01-25 03:00:00,Returned,Late Delivery,108.2
18135,9947,2022-01-25 14:00:00,Returned,Customer Dissatisfaction,120.91
18143,1289,2022-01-25 22:00:00,Returned,Wrong Item,48.24
18152,1203,2022-01-26 07:00:00,Returned,Late Delivery,143.07
18155,967,2022-01-26 10:00:00,Returned,Customer Dissatisfaction,9.62
18167,2429,2022-01-26 22:00:00,Returned,Wrong Item,134.01
18183,7028,2022-01-27 14:00:00,Returned,Customer Dissatisfaction,175.22
18184,9064,2022-01-27 15:00:00,Returned,Customer Dissatisfaction,128.66
18190,7713,2022-01-27 21:00:00,Returned,Damaged,61.37
18195,9515,2022-01-28 02:00:00,Returned,Damaged,133.12
18200,4002,2022-01-28 07:00:00,Returned,Late Delivery,83.01
18202,2752,2022-01-28 09:00:00,Returned,Damaged,144.01
18204,7091,2022-01-28 11:00:00,Returned,Wrong Item,74.89
18205,643,2022-01-28 12:00:00,Returned,Customer Dissatisfaction,162.72
18206,1831,2022-01-28 13:00:00,Returned,Late Delivery,87.71
18235,9464,2022-01-29 18:00:00,Returned,Damaged,90.01
18250,1782,2022-01-30 09:00:00,Returned,Damaged,32.98
18252,9195,2022-01-30 11:00:00,Returned,Late Delivery,43.68
18255,1381,2022-01-30 14:00:00,Returned,Damaged,143.52
18258,6016,2022-01-30 17:00:00,Returned,Late Delivery,128.45
18259,389,2022-01-30 18:00:00,Returned,Customer Dissatisfaction,67.01
18267,1283,2022-01-31 02:00:00,Returned,Customer Dissatisfaction,171.79
18286,1259,2022-01-31 21:00:00,Returned,Customer Dissatisfaction,146.24
18290,1782,2022-02-01 01:00:00,Returned,Customer Dissatisfaction,138.34
18295,3120,2022-02-01 06:00:00,Returned,Damaged,25.4
18316,7225,2022-02-02 03:00:00,Returned,Customer Dissatisfaction,27.1
18322,4326,2022-02-02 09:00:00,Returned,Damaged,46.79
18333,2162,2022-02-02 20:00:00,Returned,Wrong Item,74.86
18334,7983,2022-02-02 21:00:00,Returned,Wrong Item,88.52
18336,1229,2022-02-02 23:00:00,Returned,Customer Dissatisfaction,117.38
18340,687,2022-02-03 03:00:00,Returned,Late Delivery,171.93
18348,5438,2022-02-03 11:00:00,Returned,Late Delivery,53.27
18361,6260,2022-02-04 00:00:00,Returned,Damaged,66.17
18369,1538,2022-02-04 08:00:00,Returned,Damaged,5.98
18391,977,2022-02-05 06:00:00,Returned,Wrong Item,22.43
18392,936,2022-02-05 07:00:00,Returned,Customer Dissatisfaction,24.95
18422,460,2022-02-06 13:00:00,Returned,Customer Dissatisfaction,166.2
18434,5713,2022-02-07 01:00:00,Returned,Late Delivery,22.54
18445,8478,2022-02-07 12:00:00,Returned,Wrong Item,44.88
18457,6191,2022-02-08 00:00:00,Returned,Customer Dissatisfaction,46.64
18479,8974,2022-02-08 22:00:00,Returned,Customer Dissatisfaction,10.52
18486,5778,2022-02-09 05:00:00,Returned,Wrong Item,145.57
18507,7972,2022-02-10 02:00:00,Returned,Late Delivery,184.94
18517,8913,2022-02-10 12:00:00,Returned,Wrong Item,130.44
18520,5217,2022-02-10 15:00:00,Returned,Late Delivery,14.45
18533,6985,2022-02-11 04:00:00,Returned,Damaged,8.0
18540,5138,2022-02-11 11:00:00,Returned,Wrong Item,186.73
18551,439,2022-02-11 22:00:00,Returned,Damaged,174.86
18560,4544,2022-02-12 07:00:00,Returned,Customer Dissatisfaction,197.44
18563,2993,2022-02-12 10:00:00,Returned,Customer Dissatisfaction,159.25
18569,5106,2022-02-12 16:00:00,Returned,Late Delivery,173.53
18580,895,2022-02-13 03:00:00,Returned,Damaged,6.23
18586,8434,2022-02-13 09:00:00,Returned,Customer Dissatisfaction,136.67
18613,3152,2022-02-14 12:00:00,Returned,Wrong Item,137.3
18622,170,2022-02-14 21:00:00,Returned,Wrong Item,107.69
18623,9549,2022-02-14 22:00:00,Returned,Customer Dissatisfaction,37.21
18632,6752,2022-02-15 07:00:00,Returned,Late Delivery,199.77
18660,3326,2022-02-16 11:00:00,Returned,Damaged,146.93
18663,4391,2022-02-16 14:00:00,Returned,Customer Dissatisfaction,60.6
18672,6878,2022-02-16 23:00:00,Returned,Wrong Item,159.36
18678,2204,2022-02-17 05:00:00,Returned,Wrong Item,45.81
18703,5509,2022-02-18 06:00:00,Returned,Late Delivery,29.55
18732,2575,2022-02-19 11:00:00,Returned,Late Delivery,127.39
18762,8134,2022-02-20 17:00:00,Returned,Customer Dissatisfaction,96.91
18768,7064,2022-02-20 23:00:00,Returned,Wrong Item,79.28
18774,2099,2022-02-21 05:00:00,Returned,Wrong Item,34.32
18779,5312,2022-02-21 10:00:00,Returned,Late Delivery,176.3
18784,2249,2022-02-21 15:00:00,Returned,Damaged,156.21
18790,6987,2022-02-21 21:00:00,Returned,Late Delivery,198.31
18796,7415,2022-02-22 03:00:00,Returned,Damaged,191.27
18801,2770,2022-02-22 08:00:00,Returned,Wrong Item,179.17
18802,9150,2022-02-22 09:00:00,Returned,Damaged,134.75
18814,9213,2022-02-22 21:00:00,Returned,Customer Dissatisfaction,142.74
18823,4391,2022-02-23 06:00:00,Returned,Late Delivery,57.74
18840,4627,2022-02-23 23:00:00,Returned,Customer Dissatisfaction,174.02
18848,77,2022-02-24 07:00:00,Returned,Customer Dissatisfaction,146.54
18858,8321,2022-02-24 17:00:00,Returned,Wrong Item,89.14
18868,4273,2022-02-25 03:00:00,Returned,Damaged,126.17
18871,1727,2022-02-25 06:00:00,Returned,Late Delivery,57.58
18899,1447,2022-02-26 10:00:00,Returned,Damaged,81.23
18922,2120,2022-02-27 09:00:00,Returned,Customer Dissatisfaction,51.16
18924,8039,2022-02-27 11:00:00,Returned,Customer Dissatisfaction,184.0
18961,1277,2022-03-01 00:00:00,Returned,Damaged,106.51
18977,5734,2022-03-01 16:00:00,Returned,Customer Dissatisfaction,160.66
18983,8655,2022-03-01 22:00:00,Returned,Customer Dissatisfaction,81.76
18994,9665,2022-03-02 09:00:00,Returned,Damaged,43.92
19006,8342,2022-03-02 21:00:00,Returned,Late Delivery,29.48
19007,677,2022-03-02 22:00:00,Returned,Customer Dissatisfaction,192.13
19010,7824,2022-03-03 01:00:00,Returned,Wrong Item,30.3
19054,461,2022-03-04 21:00:00,Returned,Late Delivery,27.51
19079,7292,2022-03-05 22:00:00,Returned,Late Delivery,160.78
19089,2998,2022-03-06 08:00:00,Returned,Wrong Item,136.19
19108,4850,2022-03-07 03:00:00,Returned,Wrong Item,102.9
19126,4838,2022-03-07 21:00:00,Returned,Late Delivery,183.36
19140,828,2022-03-08 11:00:00,Returned,Wrong Item,146.53
19150,8437,2022-03-08 21:00:00,Returned,Wrong Item,56.94
19152,9415,2022-03-08 23:00:00,Returned,Late Delivery,7.64
19157,2654,2022-03-09 04:00:00,Returned,Damaged,108.2
19158,6748,2022-03-09 05:00:00,Returned,Late Delivery,157.04
19176,2848,2022-03-09 23:00:00,Returned,Damaged,161.84
19188,1491,2022-03-10 11:00:00,Returned,Customer Dissatisfaction,77.82
19204,3938,2022-03-11 03:00:00,Returned,Wrong Item,174.64
19215,8589,2022-03-11 14:00:00,Returned,Damaged,196.48
19218,7507,2022-03-11 17:00:00,Returned,Customer Dissatisfaction,195.76
19238,7605,2022-03-12 13:00:00,Returned,Late Delivery,28.26
19243,6315,2022-03-12 18:00:00,Returned,Wrong Item,58.48
19244,5945,2022-03-12 19:00:00,Returned,Damaged,159.51
19257,1869,2022-03-13 08:00:00,Returned,Damaged,137.26
19268,885,2022-03-13 19:00:00,Returned,Wrong Item,192.78
19284,541,2022-03-14 11:00:00,Returned,Damaged,40.52
19292,9595,2022-03-14 19:00:00,Returned,Customer Dissatisfaction,67.96
19295,6571,2022-03-14 22:00:00,Returned,Damaged,95.49
19303,6932,2022-03-15 06:00:00,Returned,Wrong Item,99.47
19309,6567,2022-03-15 12:00:00,Returned,Wrong Item,36.7
19313,1178,2022-03-15 16:00:00,Returned,Late Delivery,175.14
19316,8270,2022-03-15 19:00:00,Returned,Damaged,57.55
19322,7223,2022-03-16 01:00:00,Returned,Late Delivery,122.73
19329,8592,2022-03-16 08:00:00,Returned,Customer Dissatisfaction,157.74
19344,1540,2022-03-16 23:00:00,Returned,Damaged,101.94
19369,7339,2022-03-18 00:00:00,Returned,Wrong Item,149.45
19380,1904,2022-03-18 11:00:00,Returned,Late Delivery,157.64
19403,2229,2022-03-19 10:00:00,Returned,Customer Dissatisfaction,80.92
19405,868,2022-03-19 12:00:00,Returned,Customer Dissatisfaction,195.25
19423,5854,2022-03-20 06:00:00,Returned,Late Delivery,80.42
19429,5665,2022-03-20 12:00:00,Returned,Wrong Item,157.78
19434,9526,2022-03-20 17:00:00,Returned,Wrong Item,124.76
19438,6626,2022-03-20 21:00:00,Returned,Late Delivery,82.81
19441,8527,2022-03-21 00:00:00,Returned,Damaged,23.18
19450,5596,2022-03-21 09:00:00,Returned,Damaged,86.94
19452,5938,2022-03-21 11:00:00,Returned,Wrong Item,45.92
19462,2259,2022-03-21 21:00:00,Returned,Damaged,184.58
19477,2693,2022-03-22 12:00:00,Returned,Late Delivery,123.85
19484,1186,2022-03-22 19:00:00,Returned,Late Delivery,110.13
19489,1747,2022-03-23 00:00:00,Returned,Late Delivery,155.93
19490,4581,2022-03-23 01:00:00,Returned,Late Delivery,160.9
19507,5976,2022-03-23 18:00:00,Returned,Late Delivery,169.81
19523,5282,2022-03-24 10:00:00,Returned,Customer Dissatisfaction,191.21
19580,8157,2022-03-26 19:00:00,Returned,Damaged,129.39
19582,5033,2022-03-26 21:00:00,Returned,Late Delivery,183.64
19619,8581,2022-03-28 10:00:00,Returned,Damaged,123.91
19624,6266,2022-03-28 15:00:00,Returned,Late Delivery,12.79
19631,4439,2022-03-28 22:00:00,Returned,Customer Dissatisfaction,22.16
19637,7073,2022-03-29 04:00:00,Returned,Customer Dissatisfaction,177.42
19641,5695,2022-03-29 08:00:00,Returned,Damaged,75.47
19649,5560,2022-03-29 16:00:00,Returned,Wrong Item,68.24
19662,8590,2022-03-30 05:00:00,Returned,Damaged,15.16
19669,8456,2022-03-30 12:00:00,Returned,Damaged,99.89
19691,1094,2022-03-31 10:00:00,Returned,Customer Dissatisfaction,81.61
19693,8777,2022-03-31 12:00:00,Returned,Customer Dissatisfaction,119.96
19697,6377,2022-03-31 16:00:00,Returned,Late Delivery,74.44
19700,9615,2022-03-31 19:00:00,Returned,Customer Dissatisfaction,157.25
19705,8060,2022-04-01 00:00:00,Returned,Customer Dissatisfaction,11.11
19707,2545,2022-04-01 02:00:00,Returned,Customer Dissatisfaction,179.36
19720,6818,2022-04-01 15:00:00,Returned,Late Delivery,45.71
19729,8289,2022-04-02 00:00:00,Returned,Damaged,42.19
19730,5694,2022-04-02 01:00:00,Returned,Damaged,188.94
19738,7612,2022-04-02 09:00:00,Returned,Damaged,49.81
19765,4855,2022-04-03 12:00:00,Returned,Customer Dissatisfaction,196.3
19779,1736,2022-04-04 02:00:00,Returned,Customer Dissatisfaction,51.49
19780,8350,2022-04-04 03:00:00,Returned,Damaged,172.11
19792,9427,2022-04-04 15:00:00,Returned,Customer Dissatisfaction,174.35
19795,2023,2022-04-04 18:00:00,Returned,Late Delivery,74.89
19796,7477,2022-04-04 19:00:00,Returned,Damaged,158.87
19803,4018,2022-04-05 02:00:00,Returned,Wrong Item,12.92
19816,1955,2022-04-05 15:00:00,Returned,Damaged,64.08
19820,3128,2022-04-05 19:00:00,Returned,Late Delivery,151.99
19836,3312,2022-04-06 11:00:00,Returned,Damaged,73.15
19845,311,2022-04-06 20:00:00,Returned,Customer Dissatisfaction,59.65
19864,8196,2022-04-07 15:00:00,Returned,Customer Dissatisfaction,88.59
19866,8741,2022-04-07 17:00:00,Returned,Damaged,32.22
19867,5785,2022-04-07 18:00:00,Returned,Customer Dissatisfaction,32.32
19894,7242,2022-04-08 21:00:00,Returned,Customer Dissatisfaction,16.78
19903,2950,2022-04-09 06:00:00,Returned,Customer Dissatisfaction,199.78
19905,4288,2022-04-09 08:00:00,Returned,Late Delivery,196.0
19907,3376,2022-04-09 10:00:00,Returned,Customer Dissatisfaction,58.03
19910,7744,2022-04-09 13:00:00,Returned,Customer Dissatisfaction,21.74
19918,7546,2022-04-09 21:00:00,Returned,Late Delivery,61.41
19928,9301,2022-04-10 07:00:00,Returned,Damaged,79.32
19933,7366,2022-04-10 12:00:00,Returned,Customer Dissatisfaction,192.78
19939,5704,2022-04-10 18:00:00,Returned,Late Delivery,12.65
19944,1596,2022-04-10 23:00:00,Returned,Damaged,38.8
19949,9748,2022-04-11 04:00:00,Returned,Damaged,48.54
19961,1434,2022-04-11 16:00:00,Returned,Damaged,62.21
19988,3305,2022-04-12 19:00:00,Returned,Customer Dissatisfaction,85.72
20005,3664,2022-04-13 12:00:00,Returned,Damaged,13.7
20023,2532,2022-04-14 06:00:00,Returned,Damaged,141.44
20033,6378,2022-04-14 16:00:00,Returned,Customer Dissatisfaction,14.22
20038,6327,2022-04-14 21:00:00,Returned,Wrong Item,138.14
20039,3817,2022-04-14 22:00:00,Returned,Damaged,8.07
20041,2777,2022-04-15 00:00:00,Returned,Damaged,21.42
20054,1571,2022-04-15 13:00:00,Returned,Late Delivery,113.75
20079,334,2022-04-16 14:00:00,Returned,Late Delivery,39.26
20084,2077,2022-04-16 19:00:00,Returned,Wrong Item,18.58
20086,6623,2022-04-16 21:00:00,Returned,Customer Dissatisfaction,20.95
20091,3255,2022-04-17 02:00:00,Returned,Wrong Item,37.65
20105,5100,2022-04-17 16:00:00,Returned,Damaged,120.31
20106,9027,2022-04-17 17:00:00,Returned,Damaged,107.06
20123,5469,2022-04-18 10:00:00,Returned,Customer Dissatisfaction,150.51
20128,1884,2022-04-18 15:00:00,Returned,Customer Dissatisfaction,97.73
20129,3917,2022-04-18 16:00:00,Returned,Damaged,33.96
20130,1894,2022-04-18 17:00:00,Returned,Late Delivery,27.97
20133,1120,2022-04-18 20:00:00,Returned,Wrong Item,191.8
20134,550,2022-04-18 21:00:00,Returned,Customer Dissatisfaction,111.67
20145,9865,2022-04-19 08:00:00,Returned,Damaged,191.6
20155,4667,2022-04-19 18:00:00,Returned,Wrong Item,88.84
20178,5438,2022-04-20 17:00:00,Returned,Wrong Item,38.4
20183,1511,2022-04-20 22:00:00,Returned,Damaged,34.89
20185,3059,2022-04-21 00:00:00,Returned,Wrong Item,174.66
20195,3856,2022-04-21 10:00:00,Returned,Late Delivery,84.93
20200,6269,2022-04-21 15:00:00,Returned,Wrong Item,146.37
20205,1848,2022-04-21 20:00:00,Returned,Damaged,89.75
20228,1700,2022-04-22 19:00:00,Returned,Wrong Item,103.32
20234,1572,2022-04-23 01:00:00,Returned,Damaged,87.43
20260,8068,2022-04-24 03:00:00,Returned,Damaged,84.83
20263,4081,2022-04-24 06:00:00,Returned,Damaged,102.1
20265,8417,2022-04-24 08:00:00,Returned,Customer Dissatisfaction,170.3
20267,225,2022-04-24 10:00:00,Returned,Wrong Item,75.16
20288,717,2022-04-25 07:00:00,Returned,Late Delivery,27.84
20289,4009,2022-04-25 08:00:00,Returned,Customer Dissatisfaction,109.29
20295,4511,2022-04-25 14:00:00,Returned,Damaged,76.94
20305,9814,2022-04-26 00:00:00,Returned,Wrong Item,59.56
20320,3155,2022-04-26 15:00:00,Returned,Late Delivery,198.44
20325,7669,2022-04-26 20:00:00,Returned,Wrong Item,179.11
20326,9231,2022-04-26 21:00:00,Returned,Customer Dissatisfaction,169.95
20327,8802,2022-04-26 22:00:00,Returned,Late Delivery,71.35
20329,7329,2022-04-27 00:00:00,Returned,Customer Dissatisfaction,9.54
20340,6776,2022-04-27 11:00:00,Returned,Damaged,72.64
20349,603,2022-04-27 20:00:00,Returned,Customer Dissatisfaction,77.35
20389,2516,2022-04-29 12:00:00,Returned,Late Delivery,8.45
20427,9540,2022-05-01 02:00:00,Returned,Wrong Item,132.83
20440,3683,2022-05-01 15:00:00,Returned,Wrong Item,116.6
20447,7624,2022-05-01 22:00:00,Returned,Damaged,23.18
20459,3007,2022-05-02 10:00:00,Returned,Damaged,138.62
20473,2845,2022-05-03 00:00:00,Returned,Customer Dissatisfaction,26.86
20488,889,2022-05-03 15:00:00,Returned,Late Delivery,17.14
20491,919,2022-05-03 18:00:00,Returned,Damaged,118.95
20493,7745,2022-05-03 20:00:00,Returned,Wrong Item,154.47
20494,5005,2022-05-03 21:00:00,Returned,Wrong Item,33.25
20506,8567,2022-05-04 09:00:00,Returned,Damaged,196.84
20526,4202,2022-05-05 05:00:00,Returned,Late Delivery,175.16
20538,3454,2022-05-05 17:00:00,Returned,Late Delivery,77.82
20567,7945,2022-05-06 22:00:00,Returned,Damaged,167.36
20581,1090,2022-05-07 12:00:00,Returned,Late Delivery,28.06
20607,4840,2022-05-08 14:00:00,Returned,Late Delivery,128.46
20608,5205,2022-05-08 15:00:00,Returned,Customer Dissatisfaction,76.09
20609,1866,2022-05-08 16:00:00,Returned,Damaged,27.03
20614,4733,2022-05-08 21:00:00,Returned,Late Delivery,177.5
20623,3361,2022-05-09 06:00:00,Returned,Customer Dissatisfaction,145.71
20641,3066,2022-05-10 00:00:00,Returned,Late Delivery,132.99
20643,5483,2022-05-10 02:00:00,Returned,Late Delivery,176.22
20646,1725,2022-05-10 05:00:00,Returned,Wrong Item,55.84
20650,1566,2022-05-10 09:00:00,Returned,Customer Dissatisfaction,30.33
20680,2132,2022-05-11 15:00:00,Returned,Late Delivery,121.82
20683,7062,2022-05-11 18:00:00,Returned,Late Delivery,58.87
20690,8730,2022-05-12 01:00:00,Returned,Late Delivery,111.03
20691,8414,2022-05-12 02:00:00,Returned,Late Delivery,68.25
20694,9707,2022-05-12 05:00:00,Returned,Customer Dissatisfaction,158.59
20704,4507,2022-05-12 15:00:00,Returned,Damaged,108.84
20713,8712,2022-05-13 00:00:00,Returned,Damaged,16.78
20723,5491,2022-05-13 10:00:00,Returned,Late Delivery,63.35
20744,2729,2022-05-14 07:00:00,Returned,Wrong Item,78.23
20745,6617,2022-05-14 08:00:00,Returned,Late Delivery,80.62
20776,8538,2022-05-15 15:00:00,Returned,Late Delivery,32.84
20778,1343,2022-05-15 17:00:00,Returned,Customer Dissatisfaction,57.08
20788,9095,2022-05-16 03:00:00,Returned,Late Delivery,87.27
20847,6847,2022-05-18 14:00:00,Returned,Customer Dissatisfaction,127.52
20854,785,2022-05-18 21:00:00,Returned,Late Delivery,119.6
20858,5645,2022-05-19 01:00:00,Returned,Customer Dissatisfaction,182.82
20863,5449,2022-05-19 06:00:00,Returned,Damaged,36.85
20864,2908,2022-05-19 07:00:00,Returned,Late Delivery,175.55
20870,1462,2022-05-19 13:00:00,Returned,Damaged,139.99
20876,9939,2022-05-19 19:00:00,Returned,Late Delivery,91.79
20897,6420,2022-05-20 16:00:00,Returned,Wrong Item,121.03
20908,3375,2022-05-21 03:00:00,Returned,Customer Dissatisfaction,138.15
20934,3272,2022-05-22 05:00:00,Returned,Customer Dissatisfaction,184.47
20937,6760,2022-05-22 08:00:00,Returned,Damaged,119.05
20938,8969,2022-05-22 09:00:00,Returned,Damaged,40.95
20943,5555,2022-05-22 14:00:00,Returned,Wrong Item,132.04
20944,1197,2022-05-22 15:00:00,Returned,Wrong Item,80.43
20945,4141,2022-05-22 16:00:00,Returned,Damaged,152.47
20951,8968,2022-05-22 22:00:00,Returned,Damaged,90.56
20969,3743,2022-05-23 16:00:00,Returned,Late Delivery,31.71
20971,6340,2022-05-23 18:00:00,Returned,Customer Dissatisfaction,136.01
20990,1555,2022-05-24 13:00:00,Returned,Customer Dissatisfaction,118.09
20999,6120,2022-05-24 22:00:00,Returned,Late Delivery,193.11
21039,5365,2022-05-26 14:00:00,Returned,Damaged,176.51
21040,7561,2022-05-26 15:00:00,Returned,Damaged,106.15
21051,6236,2022-05-27 02:00:00,Returned,Wrong Item,194.36
21053,575,2022-05-27 04:00:00,Returned,Late Delivery,172.95
21061,1892,2022-05-27 12:00:00,Returned,Customer Dissatisfaction,161.03
21071,2859,2022-05-27 22:00:00,Returned,Wrong Item,172.11
21079,3992,2022-05-28 06:00:00,Returned,Customer Dissatisfaction,57.3
21081,9899,2022-05-28 08:00:00,Returned,Customer Dissatisfaction,10.8
21096,3208,2022-05-28 23:00:00,Returned,Damaged,109.18
21129,4450,2022-05-30 08:00:00,Returned,Wrong Item,181.79
21143,3879,2022-05-30 22:00:00,Returned,Wrong Item,114.56
21149,5070,2022-05-31 04:00:00,Returned,Wrong Item,199.54
21162,7590,2022-05-31 17:00:00,Returned,Damaged,105.31
21163,4508,2022-05-31 18:00:00,Returned,Late Delivery,93.58
21168,7530,2022-05-31 23:00:00,Returned,Late Delivery,179.92
21172,7002,2022-06-01 03:00:00,Returned,Damaged,198.54
21181,7967,2022-06-01 12:00:00,Returned,Late Delivery,192.46
21183,351,2022-06-01 14:00:00,Returned,Wrong Item,197.75
21191,5906,2022-06-01 22:00:00,Returned,Customer Dissatisfaction,143.25
21214,542,2022-06-02 21:00:00,Returned,Damaged,50.11
21239,7800,2022-06-03 22:00:00,Returned,Customer Dissatisfaction,72.5
21241,7149,2022-06-04 00:00:00,Returned,Damaged,176.16
21246,935,2022-06-04 05:00:00,Returned,Customer Dissatisfaction,81.08
21249,1696,2022-06-04 08:00:00,Returned,Damaged,195.91
21263,523,2022-06-04 22:00:00,Returned,Damaged,52.63
21295,6129,2022-06-06 06:00:00,Returned,Damaged,26.93
21322,5465,2022-06-07 09:00:00,Returned,Wrong Item,139.55
21325,596,2022-06-07 12:00:00,Returned,Damaged,182.36
21326,1067,2022-06-07 13:00:00,Returned,Customer Dissatisfaction,11.28
21335,93,2022-06-07 22:00:00,Returned,Damaged,84.34
21353,8064,2022-06-08 16:00:00,Returned,Customer Dissatisfaction,101.51
21359,116,2022-06-08 22:00:00,Returned,Late Delivery,148.98
21364,8935,2022-06-09 03:00:00,Returned,Damaged,15.14
21377,8545,2022-06-09 16:00:00,Returned,Customer Dissatisfaction,70.87
21379,5630,2022-06-09 18:00:00,Returned,Customer Dissatisfaction,54.73
21380,3053,2022-06-09 19:00:00,Returned,Damaged,175.05
21399,4696,2022-06-10 14:00:00,Returned,Customer Dissatisfaction,13.89
21405,7726,2022-06-10 20:00:00,Returned,Damaged,166.07
21427,3620,2022-06-11 18:00:00,Returned,Damaged,72.69
21461,8515,2022-06-13 04:00:00,Returned,Wrong Item,73.55
21472,6280,2022-06-13 15:00:00,Returned,Late Delivery,42.62
21476,5550,2022-06-13 19:00:00,Returned,Late Delivery,183.43
21477,4613,2022-06-13 20:00:00,Returned,Late Delivery,43.61
21487,6631,2022-06-14 06:00:00,Returned,Late Delivery,126.62
21506,2388,2022-06-15 01:00:00,Returned,Wrong Item,47.24
21535,9926,2022-06-16 06:00:00,Returned,Damaged,53.22
21545,7935,2022-06-16 16:00:00,Returned,Wrong Item,56.85
21590,5999,2022-06-18 13:00:00,Returned,Customer Dissatisfaction,125.5
21592,2494,2022-06-18 15:00:00,Returned,Damaged,42.18
21614,4815,2022-06-19 13:00:00,Returned,Wrong Item,105.48
21615,9556,2022-06-19 14:00:00,Returned,Customer Dissatisfaction,184.14
21620,7361,2022-06-19 19:00:00,Returned,Wrong Item,59.49
21623,5301,2022-06-19 22:00:00,Returned,Damaged,80.4
21647,5207,2022-06-20 22:00:00,Returned,Customer Dissatisfaction,104.95
21665,9747,2022-06-21 16:00:00,Returned,Customer Dissatisfaction,43.38
21669,8205,2022-06-21 20:00:00,Returned,Damaged,63.73
21680,3376,2022-06-22 07:00:00,Returned,Wrong Item,23.8
21685,7587,2022-06-22 12:00:00,Returned,Customer Dissatisfaction,81.62
21688,5003,2022-06-22 15:00:00,Returned,Late Delivery,185.3
21698,305,2022-06-23 01:00:00,Returned,Wrong Item,68.08
21718,2573,2022-06-23 21:00:00,Returned,Customer Dissatisfaction,141.11
21720,2453,2022-06-23 23:00:00,Returned,Customer Dissatisfaction,137.05
21736,4858,2022-06-24 15:00:00,Returned,Customer Dissatisfaction,147.49
21758,8010,2022-06-25 13:00:00,Returned,Damaged,7.31
21761,5358,2022-06-25 16:00:00,Returned,Damaged,32.37
21768,5252,2022-06-25 23:00:00,Returned,Damaged,84.98
21784,7376,2022-06-26 15:00:00,Returned,Customer Dissatisfaction,91.13
21798,1387,2022-06-27 05:00:00,Returned,Wrong Item,143.29
21804,9928,2022-06-27 11:00:00,Returned,Customer Dissatisfaction,109.86
21806,4237,2022-06-27 13:00:00,Returned,Damaged,173.96
21820,1232,2022-06-28 03:00:00,Returned,Wrong Item,59.35
21825,9314,2022-06-28 08:00:00,Returned,Wrong Item,106.24
21836,4346,2022-06-28 19:00:00,Returned,Late Delivery,175.36
21840,6333,2022-06-28 23:00:00,Returned,Damaged,122.53
21842,2577,2022-06-29 01:00:00,Returned,Damaged,159.83
21868,7351,2022-06-30 03:00:00,Returned,Customer Dissatisfaction,161.84
21879,5640,2022-06-30 14:00:00,Returned,Wrong Item,14.48
21880,8641,2022-06-30 15:00:00,Returned,Late Delivery,122.93
21884,5195,2022-06-30 19:00:00,Returned,Damaged,112.11
21892,6928,2022-07-01 03:00:00,Returned,Wrong Item,49.57
21903,4925,2022-07-01 14:00:00,Returned,Wrong Item,173.97
21907,5874,2022-07-01 18:00:00,Returned,Late Delivery,28.65
21912,4531,2022-07-01 23:00:00,Returned,Customer Dissatisfaction,28.39
21915,4239,2022-07-02 02:00:00,Returned,Late Delivery,131.53
21926,1135,2022-07-02 13:00:00,Returned,Wrong Item,5.02
21927,7579,2022-07-02 14:00:00,Returned,Damaged,16.11
21928,6105,2022-07-02 15:00:00,Returned,Late Delivery,69.14
21929,7690,2022-07-02 16:00:00,Returned,Damaged,156.39
21950,1470,2022-07-03 13:00:00,Returned,Late Delivery,109.98
21962,7226,2022-07-04 01:00:00,Returned,Customer Dissatisfaction,92.09
21972,7097,2022-07-04 11:00:00,Returned,Late Delivery,131.97
21979,5224,2022-07-04 18:00:00,Returned,Late Delivery,18.44
21981,1606,2022-07-04 20:00:00,Returned,Damaged,109.63
21990,9048,2022-07-05 05:00:00,Returned,Customer Dissatisfaction,68.11
22002,33,2022-07-05 17:00:00,Returned,Wrong Item,68.39
22007,1859,2022-07-05 22:00:00,Returned,Wrong Item,40.81
22023,4374,2022-07-06 14:00:00,Returned,Customer Dissatisfaction,93.44
22060,5983,2022-07-08 03:00:00,Returned,Customer Dissatisfaction,23.49
22103,9251,2022-07-09 22:00:00,Returned,Wrong Item,140.27
22137,3943,2022-07-11 08:00:00,Returned,Damaged,116.02
22155,7871,2022-07-12 02:00:00,Returned,Wrong Item,117.58
22160,6206,2022-07-12 07:00:00,Returned,Wrong Item,32.77
22164,1592,2022-07-12 11:00:00,Returned,Damaged,79.57
22165,8657,2022-07-12 12:00:00,Returned,Wrong Item,192.24
22177,2322,2022-07-13 00:00:00,Returned,Wrong Item,146.58
22202,526,2022-07-14 01:00:00,Returned,Wrong Item,102.82
22205,4113,2022-07-14 04:00:00,Returned,Late Delivery,7.95
22217,2453,2022-07-14 16:00:00,Returned,Damaged,36.61
22229,931,2022-07-15 04:00:00,Returned,Damaged,91.94
22256,1566,2022-07-16 07:00:00,Returned,Damaged,82.22
22263,7330,2022-07-16 14:00:00,Returned,Late Delivery,167.98
22267,2284,2022-07-16 18:00:00,Returned,Damaged,96.95
22275,1301,2022-07-17 02:00:00,Returned,Late Delivery,179.71
22276,4310,2022-07-17 03:00:00,Returned,Damaged,186.93
22288,3437,2022-07-17 15:00:00,Returned,Late Delivery,61.76
22293,2460,2022-07-17 20:00:00,Returned,Late Delivery,182.36
22294,1380,2022-07-17 21:00:00,Returned,Wrong Item,112.98
22296,9381,2022-07-17 23:00:00,Returned,Late Delivery,81.37
22297,5702,2022-07-18 00:00:00,Returned,Late Delivery,43.5
22349,1232,2022-07-20 04:00:00,Returned,Damaged,140.36
22356,437,2022-07-20 11:00:00,Returned,Damaged,107.79
22366,651,2022-07-20 21:00:00,Returned,Wrong Item,65.08
22379,6332,2022-07-21 10:00:00,Returned,Late Delivery,45.93
22385,6054,2022-07-21 16:00:00,Returned,Customer Dissatisfaction,189.09
22397,632,2022-07-22 04:00:00,Returned,Customer Dissatisfaction,91.52
22399,9978,2022-07-22 06:00:00,Returned,Customer Dissatisfaction,120.61
22415,3859,2022-07-22 22:00:00,Returned,Damaged,99.06
22419,7499,2022-07-23 02:00:00,Returned,Customer Dissatisfaction,21.46
22422,4837,2022-07-23 05:00:00,Returned,Wrong Item,148.55
22430,3703,2022-07-23 13:00:00,Returned,Customer Dissatisfaction,61.62
22461,776,2022-07-24 20:00:00,Returned,Customer Dissatisfaction,34.61
22485,7087,2022-07-25 20:00:00,Returned,Customer Dissatisfaction,166.38
22486,5626,2022-07-25 21:00:00,Returned,Customer Dissatisfaction,149.08
22502,768,2022-07-26 13:00:00,Returned,Late Delivery,126.08
22512,6443,2022-07-26 23:00:00,Returned,Late Delivery,155.15
22516,4610,2022-07-27 03:00:00,Returned,Customer Dissatisfaction,168.48
22555,8720,2022-07-28 18:00:00,Returned,Customer Dissatisfaction,170.95
22556,8864,2022-07-28 19:00:00,Returned,Damaged,109.27
22569,7124,2022-07-29 08:00:00,Returned,Wrong Item,65.65
22581,2614,2022-07-29 20:00:00,Returned,Late Delivery,92.59
22596,2534,2022-07-30 11:00:00,Returned,Late Delivery,53.66
22624,1348,2022-07-31 15:00:00,Returned,Damaged,125.29
22629,7254,2022-07-31 20:00:00,Returned,Customer Dissatisfaction,77.89
22689,4322,2022-08-03 08:00:00,Returned,Customer Dissatisfaction,18.03
22709,558,2022-08-04 04:00:00,Returned,Wrong Item,72.02
22724,2659,2022-08-04 19:00:00,Returned,Damaged,105.32
22737,428,2022-08-05 08:00:00,Returned,Wrong Item,56.99
22738,3949,2022-08-05 09:00:00,Returned,Damaged,105.39
22739,865,2022-08-05 10:00:00,Returned,Customer Dissatisfaction,120.25
22742,6807,2022-08-05 13:00:00,Returned,Wrong Item,32.38
22747,5438,2022-08-05 18:00:00,Returned,Late Delivery,174.95
22753,2046,2022-08-06 00:00:00,Returned,Late Delivery,53.94
22758,2915,2022-08-06 05:00:00,Returned,Wrong Item,144.47
22761,1678,2022-08-06 08:00:00,Returned,Damaged,139.5
22783,6418,2022-08-07 06:00:00,Returned,Wrong Item,153.21
22794,2579,2022-08-07 17:00:00,Returned,Damaged,92.82
22796,5674,2022-08-07 19:00:00,Returned,Wrong Item,100.0
22801,4465,2022-08-08 00:00:00,Returned,Customer Dissatisfaction,47.37
22837,4401,2022-08-09 12:00:00,Returned,Damaged,150.47
22838,2647,2022-08-09 13:00:00,Returned,Wrong Item,8.63
22843,8648,2022-08-09 18:00:00,Returned,Damaged,172.33
22844,1275,2022-08-09 19:00:00,Returned,Damaged,160.73
22847,3857,2022-08-09 22:00:00,Returned,Customer Dissatisfaction,73.31
22850,3027,2022-08-10 01:00:00,Returned,Wrong Item,51.62
22866,8472,2022-08-10 17:00:00,Returned,Late Delivery,84.1
22878,4514,2022-08-11 05:00:00,Returned,Late Delivery,157.8
22881,8900,2022-08-11 08:00:00,Returned,Wrong Item,142.84
22893,6658,2022-08-11 20:00:00,Returned,Customer Dissatisfaction,84.21
22895,376,2022-08-11 22:00:00,Returned,Late Delivery,21.62
22905,639,2022-08-12 08:00:00,Returned,Customer Dissatisfaction,173.13
22913,9496,2022-08-12 16:00:00,Returned,Customer Dissatisfaction,187.35
22932,7235,2022-08-13 11:00:00,Returned,Late Delivery,57.59
22940,7447,2022-08-13 19:00:00,Returned,Customer Dissatisfaction,113.9
22943,4721,2022-08-13 22:00:00,Returned,Damaged,120.45
22945,4451,2022-08-14 00:00:00,Returned,Customer Dissatisfaction,47.16
22957,5833,2022-08-14 12:00:00,Returned,Customer Dissatisfaction,50.25
22968,6046,2022-08-14 23:00:00,Returned,Damaged,90.97
22971,9224,2022-08-15 02:00:00,Returned,Wrong Item,43.46
22990,5446,2022-08-15 21:00:00,Returned,Customer Dissatisfaction,114.81
22997,2655,2022-08-16 04:00:00,Returned,Wrong Item,158.79
23042,1891,2022-08-18 01:00:00,Returned,Customer Dissatisfaction,34.47
23051,7259,2022-08-18 10:00:00,Returned,Late Delivery,120.76
23052,2262,2022-08-18 11:00:00,Returned,Customer Dissatisfaction,161.05
23090,8245,2022-08-20 01:00:00,Returned,Customer Dissatisfaction,195.46
23093,5385,2022-08-20 04:00:00,Returned,Late Delivery,9.06
23102,7860,2022-08-20 13:00:00,Returned,Customer Dissatisfaction,144.4
23109,8303,2022-08-20 20:00:00,Returned,Late Delivery,169.87
23121,7661,2022-08-21 08:00:00,Returned,Damaged,50.91
23127,6841,2022-08-21 14:00:00,Returned,Late Delivery,27.9
23134,3873,2022-08-21 21:00:00,Returned,Damaged,140.56
23152,3405,2022-08-22 15:00:00,Returned,Late Delivery,128.82
23154,1648,2022-08-22 17:00:00,Returned,Late Delivery,34.72
23158,7746,2022-08-22 21:00:00,Returned,Customer Dissatisfaction,82.94
23163,8185,2022-08-23 02:00:00,Returned,Customer Dissatisfaction,120.25
23167,755,2022-08-23 06:00:00,Returned,Damaged,76.22
23180,2603,2022-08-23 19:00:00,Returned,Wrong Item,91.32
23199,8391,2022-08-24 14:00:00,Returned,Damaged,43.64
23219,955,2022-08-25 10:00:00,Returned,Customer Dissatisfaction,117.66
23230,7389,2022-08-25 21:00:00,Returned,Late Delivery,73.09
23237,8001,2022-08-26 04:00:00,Returned,Late Delivery,24.84
23243,8097,2022-08-26 10:00:00,Returned,Wrong Item,99.07
23245,3170,2022-08-26 12:00:00,Returned,Late Delivery,35.21
23246,5081,2022-08-26 13:00:00,Returned,Late Delivery,163.2
23257,6193,2022-08-27 00:00:00,Returned,Wrong Item,78.95
23260,3008,2022-08-27 03:00:00,Returned,Damaged,159.16
23264,4629,2022-08-27 07:00:00,Returned,Customer Dissatisfaction,133.89
23272,5540,2022-08-27 15:00:00,Returned,Customer Dissatisfaction,58.46
23285,5052,2022-08-28 04:00:00,Returned,Late Delivery,149.35
23298,8940,2022-08-28 17:00:00,Returned,Late Delivery,198.73
23301,8727,2022-08-28 20:00:00,Returned,Customer Dissatisfaction,78.64
23302,1251,2022-08-28 21:00:00,Returned,Customer Dissatisfaction,104.59
23306,9654,2022-08-29 01:00:00,Returned,Customer Dissatisfaction,127.63
23310,9456,2022-08-29 05:00:00,Returned,Wrong Item,172.66
23312,6669,2022-08-29 07:00:00,Returned,Wrong Item,30.81
23331,453,2022-08-30 02:00:00,Returned,Wrong Item,16.03
23336,7909,2022-08-30 07:00:00,Returned,Damaged,137.5
23338,7283,2022-08-30 09:00:00,Returned,Damaged,12.65
23340,2767,2022-08-30 11:00:00,Returned,Customer Dissatisfaction,156.39
23345,4717,2022-08-30 16:00:00,Returned,Damaged,196.57
23364,3151,2022-08-31 11:00:00,Returned,Customer Dissatisfaction,156.0
23366,5943,2022-08-31 13:00:00,Returned,Wrong Item,109.41
23387,8192,2022-09-01 10:00:00,Returned,Wrong Item,103.3
23388,7409,2022-09-01 11:00:00,Returned,Damaged,185.86
23422,4329,2022-09-02 21:00:00,Returned,Customer Dissatisfaction,85.12
23424,6345,2022-09-02 23:00:00,Returned,Customer Dissatisfaction,150.39
23451,1210,2022-09-04 02:00:00,Returned,Wrong Item,34.9
23459,5210,2022-09-04 10:00:00,Returned,Wrong Item,94.61
23463,3122,2022-09-04 14:00:00,Returned,Late Delivery,189.47
23465,9785,2022-09-04 16:00:00,Returned,Damaged,148.3
23468,7487,2022-09-04 19:00:00,Returned,Customer Dissatisfaction,144.54
23547,7119,2022-09-08 02:00:00,Returned,Customer Dissatisfaction,105.39
23552,2651,2022-09-08 07:00:00,Returned,Wrong Item,82.02
23557,9341,2022-09-08 12:00:00,Returned,Wrong Item,80.64
23558,4032,2022-09-08 13:00:00,Returned,Late Delivery,19.95
23563,8218,2022-09-08 18:00:00,Returned,Wrong Item,44.98
23574,6951,2022-09-09 05:00:00,Returned,Late Delivery,111.96
23610,56,2022-09-10 17:00:00,Returned,Customer Dissatisfaction,172.54
23616,3948,2022-09-10 23:00:00,Returned,Late Delivery,103.35
23619,797,2022-09-11 02:00:00,Returned,Damaged,92.54
23620,9688,2022-09-11 03:00:00,Returned,Wrong Item,125.01
23624,1271,2022-09-11 07:00:00,Returned,Customer Dissatisfaction,176.36
23625,1932,2022-09-11 08:00:00,Returned,Damaged,169.46
23628,5907,2022-09-11 11:00:00,Returned,Damaged,44.6
23635,3657,2022-09-11 18:00:00,Returned,Wrong Item,124.64
23643,2150,2022-09-12 02:00:00,Returned,Wrong Item,71.62
23689,978,2022-09-14 00:00:00,Returned,Damaged,28.58
23690,4028,2022-09-14 01:00:00,Returned,Damaged,28.51
23694,6233,2022-09-14 05:00:00,Returned,Damaged,127.38
23695,4693,2022-09-14 06:00:00,Returned,Late Delivery,156.79
23697,4683,2022-09-14 08:00:00,Returned,Damaged,28.85
23720,4752,2022-09-15 07:00:00,Returned,Wrong Item,20.13
23731,563,2022-09-15 18:00:00,Returned,Late Delivery,133.37
23739,2436,2022-09-16 02:00:00,Returned,Late Delivery,160.94
23743,1598,2022-09-16 06:00:00,Returned,Wrong Item,171.85
23750,5926,2022-09-16 13:00:00,Returned,Wrong Item,155.8
23754,7366,2022-09-16 17:00:00,Returned,Wrong Item,25.51
23781,8957,2022-09-17 20:00:00,Returned,Wrong Item,82.49
23794,1502,2022-09-18 09:00:00,Returned,Damaged,192.59
23803,7132,2022-09-18 18:00:00,Returned,Wrong Item,137.39
23818,9881,2022-09-19 09:00:00,Returned,Customer Dissatisfaction,175.26
23820,7377,2022-09-19 11:00:00,Returned,Late Delivery,80.05
23832,1233,2022-09-19 23:00:00,Returned,Late Delivery,190.01
23853,9414,2022-09-20 20:00:00,Returned,Wrong Item,14.85
23854,8885,2022-09-20 21:00:00,Returned,Customer Dissatisfaction,49.02
23868,2367,2022-09-21 11:00:00,Returned,Customer Dissatisfaction,27.45
23869,1073,2022-09-21 12:00:00,Returned,Customer Dissatisfaction,165.56
23873,5026,2022-09-21 16:00:00,Returned,Wrong Item,113.31
23875,5414,2022-09-21 18:00:00,Returned,Damaged,164.62
23910,438,2022-09-23 05:00:00,Returned,Late Delivery,145.92
23918,4052,2022-09-23 13:00:00,Returned,Customer Dissatisfaction,62.17
23938,3418,2022-09-24 09:00:00,Returned,Late Delivery,120.51
23947,8818,2022-09-24 18:00:00,Returned,Wrong Item,64.01
23956,5006,2022-09-25 03:00:00,Returned,Customer Dissatisfaction,101.0
23959,8998,2022-09-25 06:00:00,Returned,Late Delivery,110.42
23960,3714,2022-09-25 07:00:00,Returned,Customer Dissatisfaction,189.28
23968,4644,2022-09-25 15:00:00,Returned,Customer Dissatisfaction,39.69
23981,7792,2022-09-26 04:00:00,Returned,Customer Dissatisfaction,191.37
23983,5189,2022-09-26 06:00:00,Returned,Customer Dissatisfaction,49.3
23988,2606,2022-09-26 11:00:00,Returned,Customer Dissatisfaction,149.34
23989,9566,2022-09-26 12:00:00,Returned,Customer Dissatisfaction,26.57
23993,2659,2022-09-26 16:00:00,Returned,Damaged,25.5
23997,3839,2022-09-26 20:00:00,Returned,Wrong Item,163.15
24015,3134,2022-09-27 14:00:00,Returned,Customer Dissatisfaction,192.87
24023,9683,2022-09-27 22:00:00,Returned,Late Delivery,146.97
24054,8772,2022-09-29 05:00:00,Returned,Damaged,160.22
24066,9268,2022-09-29 17:00:00,Returned,Customer Dissatisfaction,86.88
24070,8034,2022-09-29 21:00:00,Returned,Late Delivery,189.81
24075,8712,2022-09-30 02:00:00,Returned,Wrong Item,175.9
24081,8737,2022-09-30 08:00:00,Returned,Customer Dissatisfaction,67.5
24104,1041,2022-10-01 07:00:00,Returned,Customer Dissatisfaction,109.14
24106,2260,2022-10-01 09:00:00,Returned,Customer Dissatisfaction,192.92
24115,4547,2022-10-01 18:00:00,Returned,Damaged,90.97
24116,8150,2022-10-01 19:00:00,Returned,Damaged,46.25
24125,1159,2022-10-02 04:00:00,Returned,Late Delivery,74.06
24127,9803,2022-10-02 06:00:00,Returned,Damaged,191.96
24128,2702,2022-10-02 07:00:00,Returned,Customer Dissatisfaction,173.31
24140,6161,2022-10-02 19:00:00,Returned,Wrong Item,58.56
24141,9094,2022-10-02 20:00:00,Returned,Late Delivery,117.5
24145,2775,2022-10-03 00:00:00,Returned,Wrong Item,139.91
24161,5973,2022-10-03 16:00:00,Returned,Late Delivery,6.61
24168,3846,2022-10-03 23:00:00,Returned,Damaged,95.83
24200,4855,2022-10-05 07:00:00,Returned,Late Delivery,76.2
24201,5372,2022-10-05 08:00:00,Returned,Customer Dissatisfaction,173.65
24210,8568,2022-10-05 17:00:00,Returned,Wrong Item,146.05
24215,3357,2022-10-05 22:00:00,Returned,Wrong Item,46.04
24230,4834,2022-10-06 13:00:00,Returned,Damaged,48.86
24234,3043,2022-10-06 17:00:00,Returned,Customer Dissatisfaction,81.0
24239,8513,2022-10-06 22:00:00,Returned,Late Delivery,130.99
24245,7795,2022-10-07 04:00:00,Returned,Damaged,40.54
24246,2946,2022-10-07 05:00:00,Returned,Late Delivery,169.88
24256,8394,2022-10-07 15:00:00,Returned,Wrong Item,120.98
24257,7852,2022-10-07 16:00:00,Returned,Customer Dissatisfaction,167.45
24262,7148,2022-10-07 21:00:00,Returned,Damaged,27.4
24269,9202,2022-10-08 04:00:00,Returned,Customer Dissatisfaction,87.27
24285,3185,2022-10-08 20:00:00,Returned,Late Delivery,165.26
24292,8245,2022-10-09 03:00:00,Returned,Damaged,80.94
24294,9886,2022-10-09 05:00:00,Returned,Wrong Item,172.61
24306,3665,2022-10-09 17:00:00,Returned,Customer Dissatisfaction,182.57
24307,648,2022-10-09 18:00:00,Returned,Late Delivery,54.68
24331,5935,2022-10-10 18:00:00,Returned,Damaged,183.96
24339,5311,2022-10-11 02:00:00,Returned,Late Delivery,194.61
24346,4829,2022-10-11 09:00:00,Returned,Customer Dissatisfaction,59.41
24350,8444,2022-10-11 13:00:00,Returned,Customer Dissatisfaction,79.16
24360,7612,2022-10-11 23:00:00,Returned,Damaged,171.7
24370,6427,2022-10-12 09:00:00,Returned,Damaged,11.26
24417,8386,2022-10-14 08:00:00,Returned,Customer Dissatisfaction,172.23
24432,9473,2022-10-14 23:00:00,Returned,Late Delivery,134.97
24433,263,2022-10-15 00:00:00,Returned,Late Delivery,5.63
24449,6041,2022-10-15 16:00:00,Returned,Wrong Item,13.22
24453,1699,2022-10-15 20:00:00,Returned,Damaged,80.9
24463,9955,2022-10-16 06:00:00,Returned,Late Delivery,198.47
24486,6326,2022-10-17 05:00:00,Returned,Customer Dissatisfaction,63.88
24488,1954,2022-10-17 07:00:00,Returned,Damaged,93.72
24498,4742,2022-10-17 17:00:00,Returned,Late Delivery,117.42
24525,2705,2022-10-18 20:00:00,Returned,Wrong Item,158.29
24533,2567,2022-10-19 04:00:00,Returned,Damaged,15.11
24549,5993,2022-10-19 20:00:00,Returned,Wrong Item,91.21
24566,5910,2022-10-20 13:00:00,Returned,Late Delivery,55.04
24576,9700,2022-10-20 23:00:00,Returned,Late Delivery,185.71
24581,2391,2022-10-21 04:00:00,Returned,Wrong Item,184.88
24582,1844,2022-10-21 05:00:00,Returned,Late Delivery,87.48
24615,5987,2022-10-22 14:00:00,Returned,Late Delivery,15.46
24618,5614,2022-10-22 17:00:00,Returned,Wrong Item,90.43
24620,9622,2022-10-22 19:00:00,Returned,Late Delivery,132.02
24624,6927,2022-10-22 23:00:00,Returned,Late Delivery,189.25
24627,6042,2022-10-23 02:00:00,Returned,Late Delivery,161.17
24631,2701,2022-10-23 06:00:00,Returned,Wrong Item,179.21
24660,4581,2022-10-24 11:00:00,Returned,Damaged,68.64
24725,6964,2022-10-27 04:00:00,Returned,Wrong Item,61.66
24740,915,2022-10-27 19:00:00,Returned,Wrong Item,112.37
24741,7942,2022-10-27 20:00:00,Returned,Late Delivery,195.13
24749,9638,2022-10-28 04:00:00,Returned,Customer Dissatisfaction,133.26
24762,297,2022-10-28 17:00:00,Returned,Wrong Item,113.74
24766,4919,2022-10-28 21:00:00,Returned,Damaged,109.48
24775,5884,2022-10-29 06:00:00,Returned,Late Delivery,140.02
24776,1544,2022-10-29 07:00:00,Returned,Late Delivery,88.51
24780,2118,2022-10-29 11:00:00,Returned,Wrong Item,113.09
24782,5138,2022-10-29 13:00:00,Returned,Damaged,89.83
24788,8480,2022-10-29 19:00:00,Returned,Customer Dissatisfaction,24.26
24797,3676,2022-10-30 04:00:00,Returned,Customer Dissatisfaction,115.71
24800,7744,2022-10-30 07:00:00,Returned,Customer Dissatisfaction,85.48
24803,5286,2022-10-30 10:00:00,Returned,Wrong Item,96.13
24833,3475,2022-10-31 16:00:00,Returned,Wrong Item,153.69
24840,1155,2022-10-31 23:00:00,Returned,Damaged,165.16
24846,6854,2022-11-01 05:00:00,Returned,Late Delivery,190.81
24855,1355,2022-11-01 14:00:00,Returned,Customer Dissatisfaction,74.32
24858,4361,2022-11-01 17:00:00,Returned,Damaged,137.59
24859,5973,2022-11-01 18:00:00,Returned,Late Delivery,58.87
24877,8116,2022-11-02 12:00:00,Returned,Late Delivery,194.89
24892,616,2022-11-03 03:00:00,Returned,Customer Dissatisfaction,100.15
24898,6529,2022-11-03 09:00:00,Returned,Late Delivery,126.72
24907,4626,2022-11-03 18:00:00,Returned,Damaged,97.88
24919,514,2022-11-04 06:00:00,Returned,Late Delivery,21.43
24950,1417,2022-11-05 13:00:00,Returned,Late Delivery,163.47
24953,6419,2022-11-05 16:00:00,Returned,Customer Dissatisfaction,195.78
24959,5103,2022-11-05 22:00:00,Returned,Late Delivery,194.36
24967,5642,2022-11-06 06:00:00,Returned,Late Delivery,183.8
24970,2912,2022-11-06 09:00:00,Returned,Customer Dissatisfaction,94.68
24973,332,2022-11-06 12:00:00,Returned,Late Delivery,187.73
24984,5704,2022-11-06 23:00:00,Returned,Late Delivery,198.65
24996,1391,2022-11-07 11:00:00,Returned,Damaged,30.72
25011,3234,2022-11-08 02:00:00,Returned,Late Delivery,45.2
25016,3805,2022-11-08 07:00:00,Returned,Late Delivery,63.25
25018,482,2022-11-08 09:00:00,Returned,Wrong Item,141.27
25030,5466,2022-11-08 21:00:00,Returned,Wrong Item,18.04
25036,2143,2022-11-09 03:00:00,Returned,Wrong Item,192.86
25037,3085,2022-11-09 04:00:00,Returned,Damaged,88.64
25041,511,2022-11-09 08:00:00,Returned,Wrong Item,132.56
25044,1337,2022-11-09 11:00:00,Returned,Late Delivery,180.43
25057,9069,2022-11-10 00:00:00,Returned,Damaged,132.76
25068,8491,2022-11-10 11:00:00,Returned,Damaged,15.29
25103,2015,2022-11-11 22:00:00,Returned,Wrong Item,198.47
25113,7153,2022-11-12 08:00:00,Returned,Late Delivery,199.8
25124,923,2022-11-12 19:00:00,Returned,Late Delivery,85.05
25125,9424,2022-11-12 20:00:00,Returned,Late Delivery,151.93
25139,5200,2022-11-13 10:00:00,Returned,Damaged,88.39
25141,7828,2022-11-13 12:00:00,Returned,Damaged,9.89
25142,9589,2022-11-13 13:00:00,Returned,Damaged,184.14
25144,5092,2022-11-13 15:00:00,Returned,Late Delivery,18.39
25159,8419,2022-11-14 06:00:00,Returned,Customer Dissatisfaction,97.58
25161,3508,2022-11-14 08:00:00,Returned,Late Delivery,105.37
25165,703,2022-11-14 12:00:00,Returned,Damaged,123.6
25182,5255,2022-11-15 05:00:00,Returned,Wrong Item,41.61
25184,3609,2022-11-15 07:00:00,Returned,Late Delivery,113.99
25187,193,2022-11-15 10:00:00,Returned,Customer Dissatisfaction,49.53
25199,2253,2022-11-15 22:00:00,Returned,Wrong Item,24.5
25205,5946,2022-11-16 04:00:00,Returned,Damaged,50.49
25208,1119,2022-11-16 07:00:00,Returned,Damaged,112.14
25210,2677,2022-11-16 09:00:00,Returned,Late Delivery,198.06
25216,5599,2022-11-16 15:00:00,Returned,Damaged,171.26
25221,4242,2022-11-16 20:00:00,Returned,Customer Dissatisfaction,145.9
25225,2202,2022-11-17 00:00:00,Returned,Damaged,33.63
25241,3756,2022-11-17 16:00:00,Returned,Customer Dissatisfaction,92.7
25247,8940,2022-11-17 22:00:00,Returned,Late Delivery,24.72
25280,9057,2022-11-19 07:00:00,Returned,Customer Dissatisfaction,59.03
25282,4065,2022-11-19 09:00:00,Returned,Wrong Item,107.19
25290,6711,2022-11-19 17:00:00,Returned,Damaged,185.66
25292,9937,2022-11-19 19:00:00,Returned,Late Delivery,115.04
25305,9381,2022-11-20 08:00:00,Returned,Late Delivery,44.7
25320,8679,2022-11-20 23:00:00,Returned,Customer Dissatisfaction,116.9
25335,5894,2022-11-21 14:00:00,Returned,Late Delivery,129.19
25339,4593,2022-11-21 18:00:00,Returned,Late Delivery,7.12
25344,5888,2022-11-21 23:00:00,Returned,Late Delivery,199.23
25345,4094,2022-11-22 00:00:00,Returned,Damaged,188.62
25351,5474,2022-11-22 06:00:00,Returned,Customer Dissatisfaction,189.87
25395,1544,2022-11-24 02:00:00,Returned,Wrong Item,184.45
25406,3947,2022-11-24 13:00:00,Returned,Wrong Item,128.8
25407,2543,2022-11-24 14:00:00,Returned,Customer Dissatisfaction,149.49
25411,5600,2022-11-24 18:00:00,Returned,Late Delivery,89.04
25416,6971,2022-11-24 23:00:00,Returned,Late Delivery,102.26
25429,2042,2022-11-25 12:00:00,Returned,Late Delivery,177.99
25437,4664,2022-11-25 20:00:00,Returned,Wrong Item,69.59
25443,6032,2022-11-26 02:00:00,Returned,Damaged,111.3
25448,2481,2022-11-26 07:00:00,Returned,Late Delivery,30.94
25460,349,2022-11-26 19:00:00,Returned,Late Delivery,66.77
25463,1740,2022-11-26 22:00:00,Returned,Customer Dissatisfaction,138.17
25486,6753,2022-11-27 21:00:00,Returned,Customer Dissatisfaction,151.76
25488,7834,2022-11-27 23:00:00,Returned,Damaged,183.93
25491,6078,2022-11-28 02:00:00,Returned,Late Delivery,186.01
25497,5389,2022-11-28 08:00:00,Returned,Damaged,121.03
25524,9925,2022-11-29 11:00:00,Returned,Late Delivery,199.17
25539,9288,2022-11-30 02:00:00,Returned,Customer Dissatisfaction,64.61
25571,2328,2022-12-01 10:00:00,Returned,Customer Dissatisfaction,85.71
25577,5850,2022-12-01 16:00:00,Returned,Late Delivery,137.28
25584,9955,2022-12-01 23:00:00,Returned,Late Delivery,141.07
25601,4527,2022-12-02 16:00:00,Returned,Wrong Item,39.8
25611,2931,2022-12-03 02:00:00,Returned,Customer Dissatisfaction,95.17
25621,8240,2022-12-03 12:00:00,Returned,Customer Dissatisfaction,105.13
25622,2701,2022-12-03 13:00:00,Returned,Customer Dissatisfaction,40.49
25631,5949,2022-12-03 22:00:00,Returned,Customer Dissatisfaction,24.3
25640,9188,2022-12-04 07:00:00,Returned,Damaged,29.37
25641,2075,2022-12-04 08:00:00,Returned,Damaged,99.86
25646,1671,2022-12-04 13:00:00,Returned,Damaged,192.95
25647,779,2022-12-04 14:00:00,Returned,Damaged,65.04
25650,7293,2022-12-04 17:00:00,Returned,Damaged,154.9
25654,6352,2022-12-04 21:00:00,Returned,Damaged,62.91
25656,3618,2022-12-04 23:00:00,Returned,Wrong Item,127.76
25678,8877,2022-12-05 21:00:00,Returned,Damaged,116.78
25687,133,2022-12-06 06:00:00,Returned,Damaged,110.8
25688,4600,2022-12-06 07:00:00,Returned,Late Delivery,95.25
25692,2061,2022-12-06 11:00:00,Returned,Wrong Item,188.47
25702,8929,2022-12-06 21:00:00,Returned,Customer Dissatisfaction,110.28
25725,5678,2022-12-07 20:00:00,Returned,Customer Dissatisfaction,29.29
25759,2852,2022-12-09 06:00:00,Returned,Customer Dissatisfaction,122.83
25760,8407,2022-12-09 07:00:00,Returned,Late Delivery,163.94
25777,3321,2022-12-10 00:00:00,Returned,Wrong Item,154.81
25798,3586,2022-12-10 21:00:00,Returned,Wrong Item,143.1
25803,7097,2022-12-11 02:00:00,Returned,Late Delivery,124.4
25806,1569,2022-12-11 05:00:00,Returned,Customer Dissatisfaction,110.45
25807,6138,2022-12-11 06:00:00,Returned,Customer Dissatisfaction,93.44
25814,4565,2022-12-11 13:00:00,Returned,Late Delivery,182.38
25824,4342,2022-12-11 23:00:00,Returned,Customer Dissatisfaction,184.61
25826,3688,2022-12-12 01:00:00,Returned,Late Delivery,6.65
25832,9785,2022-12-12 07:00:00,Returned,Damaged,10.43
25876,9373,2022-12-14 03:00:00,Returned,Late Delivery,33.44
25881,5171,2022-12-14 08:00:00,Returned,Wrong Item,176.56
25883,5309,2022-12-14 10:00:00,Returned,Late Delivery,121.54
25886,346,2022-12-14 13:00:00,Returned,Customer Dissatisfaction,82.94
25893,6645,2022-12-14 20:00:00,Returned,Customer Dissatisfaction,181.69
25918,1230,2022-12-15 21:00:00,Returned,Customer Dissatisfaction,82.33
25933,9353,2022-12-16 12:00:00,Returned,Wrong Item,187.12
25942,7432,2022-12-16 21:00:00,Returned,Damaged,188.56
25947,8335,2022-12-17 02:00:00,Returned,Customer Dissatisfaction,172.13
25951,2308,2022-12-17 06:00:00,Returned,Customer Dissatisfaction,35.59
25968,1332,2022-12-17 23:00:00,Returned,Wrong Item,96.74
25971,2781,2022-12-18 02:00:00,Returned,Wrong Item,85.74
25981,4155,2022-12-18 12:00:00,Returned,Late Delivery,61.0
25997,8668,2022-12-19 04:00:00,Returned,Customer Dissatisfaction,5.9
26010,4270,2022-12-19 17:00:00,Returned,Customer Dissatisfaction,49.72
26016,2965,2022-12-19 23:00:00,Returned,Wrong Item,145.46
26030,1507,2022-12-20 13:00:00,Returned,Damaged,129.01
26033,6909,2022-12-20 16:00:00,Returned,Late Delivery,109.2
26037,4735,2022-12-20 20:00:00,Returned,Wrong Item,6.4
26041,36,2022-12-21 00:00:00,Returned,Wrong Item,62.52
26070,9026,2022-12-22 05:00:00,Returned,Late Delivery,154.64
26073,3885,2022-12-22 08:00:00,Returned,Wrong Item,121.45
26092,6039,2022-12-23 03:00:00,Returned,Customer Dissatisfaction,127.29
26103,1175,2022-12-23 14:00:00,Returned,Late Delivery,105.36
26104,5314,2022-12-23 15:00:00,Returned,Wrong Item,28.51
26105,8921,2022-12-23 16:00:00,Returned,Damaged,129.78
26107,5851,2022-12-23 18:00:00,Returned,Wrong Item,26.06
26114,8082,2022-12-24 01:00:00,Returned,Wrong Item,166.59
26131,8931,2022-12-24 18:00:00,Returned,Late Delivery,187.75
26134,6992,2022-12-24 21:00:00,Returned,Damaged,190.72
26145,579,2022-12-25 08:00:00,Returned,Wrong Item,51.51
26151,5439,2022-12-25 14:00:00,Returned,Damaged,155.06
26153,9894,2022-12-25 16:00:00,Returned,Late Delivery,31.17
26155,7500,2022-12-25 18:00:00,Returned,Damaged,91.94
26158,5508,2022-12-25 21:00:00,Returned,Customer Dissatisfaction,20.31
26160,954,2022-12-25 23:00:00,Returned,Customer Dissatisfaction,134.38
26164,5387,2022-12-26 03:00:00,Returned,Late Delivery,159.03
26172,6664,2022-12-26 11:00:00,Returned,Late Delivery,167.07
26174,1372,2022-12-26 13:00:00,Returned,Customer Dissatisfaction,38.66
26201,3838,2022-12-27 16:00:00,Returned,Wrong Item,73.32
26212,3124,2022-12-28 03:00:00,Returned,Wrong Item,184.24
26239,3644,2022-12-29 06:00:00,Returned,Customer Dissatisfaction,6.9
26241,5333,2022-12-29 08:00:00,Returned,Late Delivery,8.57
26248,9507,2022-12-29 15:00:00,Returned,Damaged,70.59
26250,919,2022-12-29 17:00:00,Returned,Damaged,45.88
26254,1472,2022-12-29 21:00:00,Returned,Damaged,176.94
26255,1244,2022-12-29 22:00:00,Returned,Wrong Item,81.06
26260,1706,2022-12-30 03:00:00,Returned,Late Delivery,29.97
26279,9628,2022-12-30 22:00:00,Returned,Late Delivery,164.69
26284,7862,2022-12-31 03:00:00,Returned,Wrong Item,65.87
26302,711,2022-12-31 21:00:00,Returned,Wrong Item,57.61
26331,6767,2023-01-02 02:00:00,Returned,Customer Dissatisfaction,87.25
26363,1410,2023-01-03 10:00:00,Returned,Damaged,78.48
26371,3574,2023-01-03 18:00:00,Returned,Customer Dissatisfaction,143.81
26373,9935,2023-01-03 20:00:00,Returned,Damaged,132.41
26386,2356,2023-01-04 09:00:00,Returned,Damaged,176.86
26398,3266,2023-01-04 21:00:00,Returned,Damaged,45.54
26400,780,2023-01-04 23:00:00,Returned,Late Delivery,133.21
26403,1620,2023-01-05 02:00:00,Returned,Wrong Item,12.91
26405,1902,2023-01-05 04:00:00,Returned,Late Delivery,170.29
26412,38,2023-01-05 11:00:00,Returned,Wrong Item,62.79
26424,7210,2023-01-05 23:00:00,Returned,Late Delivery,51.43
26430,7673,2023-01-06 05:00:00,Returned,Customer Dissatisfaction,162.89
26442,4417,2023-01-06 17:00:00,Returned,Late Delivery,97.43
26451,4684,2023-01-07 02:00:00,Returned,Wrong Item,31.4
26461,3286,2023-01-07 12:00:00,Returned,Wrong Item,118.7
26483,6401,2023-01-08 10:00:00,Returned,Damaged,122.24
26490,3331,2023-01-08 17:00:00,Returned,Customer Dissatisfaction,61.2
26496,1380,2023-01-08 23:00:00,Returned,Late Delivery,76.01
26526,6875,2023-01-10 05:00:00,Returned,Wrong Item,73.82
26550,3379,2023-01-11 05:00:00,Returned,Customer Dissatisfaction,87.09
26560,294,2023-01-11 15:00:00,Returned,Late Delivery,22.51
26584,7400,2023-01-12 15:00:00,Returned,Damaged,141.4
26598,8244,2023-01-13 05:00:00,Returned,Late Delivery,193.99
26606,6735,2023-01-13 13:00:00,Returned,Late Delivery,85.02
26607,3511,2023-01-13 14:00:00,Returned,Damaged,71.22
26609,4609,2023-01-13 16:00:00,Returned,Damaged,108.28
26641,3126,2023-01-15 00:00:00,Returned,Late Delivery,183.0
26654,9485,2023-01-15 13:00:00,Returned,Late Delivery,38.12
26658,3257,2023-01-15 17:00:00,Returned,Damaged,173.05
26666,2036,2023-01-16 01:00:00,Returned,Customer Dissatisfaction,157.95
26671,8251,2023-01-16 06:00:00,Returned,Late Delivery,149.55
26688,3302,2023-01-16 23:00:00,Returned,Damaged,131.01
26700,8525,2023-01-17 11:00:00,Returned,Wrong Item,44.84
26701,2828,2023-01-17 12:00:00,Returned,Damaged,101.39
26717,6561,2023-01-18 04:00:00,Returned,Damaged,180.61
26719,8626,2023-01-18 06:00:00,Returned,Wrong Item,67.22
26725,6031,2023-01-18 12:00:00,Returned,Damaged,58.74
26727,265,2023-01-18 14:00:00,Returned,Late Delivery,199.53
26742,6045,2023-01-19 05:00:00,Returned,Wrong Item,84.88
26749,4556,2023-01-19 12:00:00,Returned,Late Delivery,92.5
26750,8192,2023-01-19 13:00:00,Returned,Customer Dissatisfaction,106.43
26755,1416,2023-01-19 18:00:00,Returned,Customer Dissatisfaction,139.63
26763,6093,2023-01-20 02:00:00,Returned,Wrong Item,46.83
26773,2779,2023-01-20 12:00:00,Returned,Damaged,38.42
26777,7894,2023-01-20 16:00:00,Returned,Wrong Item,125.89
26786,4487,2023-01-21 01:00:00,Returned,Damaged,98.35
26794,2549,2023-01-21 09:00:00,Returned,Late Delivery,120.97
26797,5067,2023-01-21 12:00:00,Returned,Damaged,69.72
26806,5402,2023-01-21 21:00:00,Returned,Wrong Item,104.3
26809,1771,2023-01-22 00:00:00,Returned,Wrong Item,146.56
26818,5493,2023-01-22 09:00:00,Returned,Damaged,53.26
26847,9176,2023-01-23 14:00:00,Returned,Late Delivery,164.06
26848,4471,2023-01-23 15:00:00,Returned,Customer Dissatisfaction,103.56
26857,8202,2023-01-24 00:00:00,Returned,Wrong Item,142.94
26864,7960,2023-01-24 07:00:00,Returned,Late Delivery,150.4
26875,4742,2023-01-24 18:00:00,Returned,Damaged,80.08
26882,8691,2023-01-25 01:00:00,Returned,Wrong Item,155.02
26888,1745,2023-01-25 07:00:00,Returned,Customer Dissatisfaction,191.88
26896,2299,2023-01-25 15:00:00,Returned,Damaged,95.9
26908,7884,2023-01-26 03:00:00,Returned,Wrong Item,40.16
26909,8187,2023-01-26 04:00:00,Returned,Customer Dissatisfaction,118.7
26921,4373,2023-01-26 16:00:00,Returned,Customer Dissatisfaction,34.75
26922,2204,2023-01-26 17:00:00,Returned,Wrong Item,142.62
26931,3954,2023-01-27 02:00:00,Returned,Customer Dissatisfaction,60.4
26938,8424,2023-01-27 09:00:00,Returned,Wrong Item,62.69
26945,6574,2023-01-27 16:00:00,Returned,Wrong Item,29.7
26950,8529,2023-01-27 21:00:00,Returned,Late Delivery,198.74
26956,9708,2023-01-28 03:00:00,Returned,Wrong Item,129.02
26960,9295,2023-01-28 07:00:00,Returned,Wrong Item,151.77
26985,5919,2023-01-29 08:00:00,Returned,Wrong Item,125.38
26997,3980,2023-01-29 20:00:00,Returned,Customer Dissatisfaction,90.13
26999,6672,2023-01-29 22:00:00,Returned,Late Delivery,44.3
27005,4009,2023-01-30 04:00:00,Returned,Customer Dissatisfaction,90.59
27006,2634,2023-01-30 05:00:00,Returned,Wrong Item,92.45
27007,7843,2023-01-30 06:00:00,Returned,Damaged,164.69
27008,4724,2023-01-30 07:00:00,Returned,Late Delivery,108.71
27027,5929,2023-01-31 02:00:00,Returned,Wrong Item,100.56
27036,1140,2023-01-31 11:00:00,Returned,Damaged,165.96
27037,9542,2023-01-31 12:00:00,Returned,Late Delivery,139.33
27043,4326,2023-01-31 18:00:00,Returned,Wrong Item,189.39
27052,344,2023-02-01 03:00:00,Returned,Late Delivery,196.07
27066,6728,2023-02-01 17:00:00,Returned,Customer Dissatisfaction,129.61
27068,8006,2023-02-01 19:00:00,Returned,Late Delivery,174.55
27076,756,2023-02-02 03:00:00,Returned,Wrong Item,124.42
27091,4093,2023-02-02 18:00:00,Returned,Customer Dissatisfaction,77.28
27101,4421,2023-02-03 04:00:00,Returned,Late Delivery,174.91
27140,6199,2023-02-04 19:00:00,Returned,Late Delivery,23.83
27146,6038,2023-02-05 01:00:00,Returned,Customer Dissatisfaction,98.74
27158,2917,2023-02-05 13:00:00,Returned,Late Delivery,193.04
27167,1985,2023-02-05 22:00:00,Returned,Customer Dissatisfaction,163.96
27173,6782,2023-02-06 04:00:00,Returned,Wrong Item,144.18
27177,4059,2023-02-06 08:00:00,Returned,Customer Dissatisfaction,198.25
27181,4231,2023-02-06 12:00:00,Returned,Customer Dissatisfaction,155.97
27196,1659,2023-02-07 03:00:00,Returned,Wrong Item,60.52
27210,5879,2023-02-07 17:00:00,Returned,Late Delivery,96.5
27237,7354,2023-02-08 20:00:00,Returned,Customer Dissatisfaction,49.22
27246,1121,2023-02-09 05:00:00,Returned,Damaged,20.05
27248,7500,2023-02-09 07:00:00,Returned,Customer Dissatisfaction,7.55
27250,9766,2023-02-09 09:00:00,Returned,Customer Dissatisfaction,146.33
27255,2314,2023-02-09 14:00:00,Returned,Late Delivery,59.8
27256,9095,2023-02-09 15:00:00,Returned,Wrong Item,129.57
27259,1653,2023-02-09 18:00:00,Returned,Wrong Item,143.8
27264,8430,2023-02-09 23:00:00,Returned,Late Delivery,38.0
27274,7039,2023-02-10 09:00:00,Returned,Damaged,33.98
27277,3530,2023-02-10 12:00:00,Returned,Customer Dissatisfaction,158.2
27278,3740,2023-02-10 13:00:00,Returned,Wrong Item,105.19
27280,7444,2023-02-10 15:00:00,Returned,Damaged,64.4
27285,8291,2023-02-10 20:00:00,Returned,Late Delivery,104.29
27292,4298,2023-02-11 03:00:00,Returned,Late Delivery,184.18
27305,8087,2023-02-11 16:00:00,Returned,Wrong Item,196.38
27315,9148,2023-02-12 02:00:00,Returned,Late Delivery,152.13
27318,4541,2023-02-12 05:00:00,Returned,Damaged,53.65
27324,1221,2023-02-12 11:00:00,Returned,Late Delivery,123.27
27329,710,2023-02-12 16:00:00,Returned,Late Delivery,142.12
27343,9168,2023-02-13 06:00:00,Returned,Late Delivery,15.03
27354,7464,2023-02-13 17:00:00,Returned,Late Delivery,142.62
27358,7178,2023-02-13 21:00:00,Returned,Wrong Item,186.03
27362,3228,2023-02-14 01:00:00,Returned,Wrong Item,11.95
27375,2355,2023-02-14 14:00:00,Returned,Customer Dissatisfaction,15.87
27377,3842,2023-02-14 16:00:00,Returned,Damaged,155.15
27378,2498,2023-02-14 17:00:00,Returned,Wrong Item,164.31
27380,3481,2023-02-14 19:00:00,Returned,Damaged,94.74
27386,9069,2023-02-15 01:00:00,Returned,Wrong Item,60.71
27396,9513,2023-02-15 11:00:00,Returned,Wrong Item,37.07
27399,6355,2023-02-15 14:00:00,Returned,Customer Dissatisfaction,147.08
27416,5915,2023-02-16 07:00:00,Returned,Late Delivery,10.5
27422,6973,2023-02-16 13:00:00,Returned,Late Delivery,110.99
27424,5704,2023-02-16 15:00:00,Returned,Late Delivery,144.35
27442,6694,2023-02-17 09:00:00,Returned,Wrong Item,88.05
27446,743,2023-02-17 13:00:00,Returned,Late Delivery,68.87
27447,544,2023-02-17 14:00:00,Returned,Wrong Item,11.65
27448,7590,2023-02-17 15:00:00,Returned,Late Delivery,67.56
27449,3058,2023-02-17 16:00:00,Returned,Late Delivery,168.16
27455,82,2023-02-17 22:00:00,Returned,Damaged,74.39
27464,4813,2023-02-18 07:00:00,Returned,Customer Dissatisfaction,153.23
27465,4371,2023-02-18 08:00:00,Returned,Damaged,24.02
27472,7273,2023-02-18 15:00:00,Returned,Late Delivery,170.23
27483,8409,2023-02-19 02:00:00,Returned,Wrong Item,89.6
27484,7816,2023-02-19 03:00:00,Returned,Damaged,39.01
27488,3313,2023-02-19 07:00:00,Returned,Late Delivery,136.94
27489,5112,2023-02-19 08:00:00,Returned,Customer Dissatisfaction,184.18
27495,6597,2023-02-19 14:00:00,Returned,Wrong Item,179.64
27519,2881,2023-02-20 14:00:00,Returned,Wrong Item,58.74
27522,1314,2023-02-20 17:00:00,Returned,Wrong Item,26.42
27531,6897,2023-02-21 02:00:00,Returned,Late Delivery,178.42
27541,4533,2023-02-21 12:00:00,Returned,Customer Dissatisfaction,177.03
27545,430,2023-02-21 16:00:00,Returned,Damaged,25.19
27563,6343,2023-02-22 10:00:00,Returned,Damaged,80.65
27574,4751,2023-02-22 21:00:00,Returned,Customer Dissatisfaction,175.87
27577,5511,2023-02-23 00:00:00,Returned,Customer Dissatisfaction,135.49
27594,5063,2023-02-23 17:00:00,Returned,Wrong Item,188.07
27605,48,2023-02-24 04:00:00,Returned,Customer Dissatisfaction,10.07
27637,1659,2023-02-25 12:00:00,Returned,Wrong Item,116.56
27639,595,2023-02-25 14:00:00,Returned,Wrong Item,149.64
27640,7377,2023-02-25 15:00:00,Returned,Wrong Item,18.99
27650,6339,2023-02-26 01:00:00,Returned,Late Delivery,146.25
27657,7461,2023-02-26 08:00:00,Returned,Late Delivery,65.28
27668,8312,2023-02-26 19:00:00,Returned,Wrong Item,60.42
27678,2118,2023-02-27 05:00:00,Returned,Customer Dissatisfaction,80.0
27689,3341,2023-02-27 16:00:00,Returned,Customer Dissatisfaction,48.28
27715,3606,2023-02-28 18:00:00,Returned,Customer Dissatisfaction,178.99
27733,4707,2023-03-01 12:00:00,Returned,Damaged,119.23
27736,5677,2023-03-01 15:00:00,Returned,Late Delivery,116.22
27742,3423,2023-03-01 21:00:00,Returned,Damaged,5.91
27752,6732,2023-03-02 07:00:00,Returned,Customer Dissatisfaction,140.62
27761,8691,2023-03-02 16:00:00,Returned,Damaged,199.17
27766,6772,2023-03-02 21:00:00,Returned,Wrong Item,9.33
27771,4234,2023-03-03 02:00:00,Returned,Damaged,167.57
27775,8479,2023-03-03 06:00:00,Returned,Wrong Item,24.9
27776,7537,2023-03-03 07:00:00,Returned,Late Delivery,124.65
27785,5002,2023-03-03 16:00:00,Returned,Wrong Item,21.28
27789,3016,2023-03-03 20:00:00,Returned,Damaged,94.88
27794,8156,2023-03-04 01:00:00,Returned,Damaged,162.76
27798,7251,2023-03-04 05:00:00,Returned,Late Delivery,26.26
27803,9954,2023-03-04 10:00:00,Returned,Late Delivery,120.13
27804,4671,2023-03-04 11:00:00,Returned,Wrong Item,41.25
27822,4561,2023-03-05 05:00:00,Returned,Wrong Item,37.97
27824,6265,2023-03-05 07:00:00,Returned,Customer Dissatisfaction,10.05
27846,2250,2023-03-06 05:00:00,Returned,Customer Dissatisfaction,170.73
27847,6062,2023-03-06 06:00:00,Returned,Late Delivery,127.35
27854,105,2023-03-06 13:00:00,Returned,Late Delivery,164.93
27859,9200,2023-03-06 18:00:00,Returned,Damaged,5.92
27867,6191,2023-03-07 02:00:00,Returned,Damaged,89.6
27882,6028,2023-03-07 17:00:00,Returned,Wrong Item,149.26
27884,4656,2023-03-07 19:00:00,Returned,Wrong Item,155.4
27899,4653,2023-03-08 10:00:00,Returned,Damaged,122.69
27904,6729,2023-03-08 15:00:00,Returned,Customer Dissatisfaction,12.92
27907,3163,2023-03-08 18:00:00,Returned,Late Delivery,181.48
27911,8003,2023-03-08 22:00:00,Returned,Wrong Item,21.47
27913,2004,2023-03-09 00:00:00,Returned,Customer Dissatisfaction,72.19
27921,3717,2023-03-09 08:00:00,Returned,Late Delivery,89.62
27927,1051,2023-03-09 14:00:00,Returned,Customer Dissatisfaction,102.34
27939,7442,2023-03-10 02:00:00,Returned,Damaged,39.94
27940,5017,2023-03-10 03:00:00,Returned,Damaged,19.78
27954,2094,2023-03-10 17:00:00,Returned,Late Delivery,160.58
27955,4819,2023-03-10 18:00:00,Returned,Customer Dissatisfaction,148.23
27959,6045,2023-03-10 22:00:00,Returned,Damaged,153.38
27970,7681,2023-03-11 09:00:00,Returned,Customer Dissatisfaction,35.28
27984,7198,2023-03-11 23:00:00,Returned,Wrong Item,91.21
27995,1470,2023-03-12 10:00:00,Returned,Late Delivery,152.1
27999,1719,2023-03-12 14:00:00,Returned,Wrong Item,34.78
28005,274,2023-03-12 20:00:00,Returned,Damaged,187.85
28008,9496,2023-03-12 23:00:00,Returned,Wrong Item,33.59
28010,3210,2023-03-13 01:00:00,Returned,Late Delivery,102.6
28014,3953,2023-03-13 05:00:00,Returned,Customer Dissatisfaction,191.21
28016,2104,2023-03-13 07:00:00,Returned,Customer Dissatisfaction,82.66
28032,885,2023-03-13 23:00:00,Returned,Customer Dissatisfaction,177.46
28036,3668,2023-03-14 03:00:00,Returned,Customer Dissatisfaction,67.93
28041,8177,2023-03-14 08:00:00,Returned,Wrong Item,165.71
28049,8874,2023-03-14 16:00:00,Returned,Late Delivery,103.22
28064,8456,2023-03-15 07:00:00,Returned,Damaged,167.18
28074,2790,2023-03-15 17:00:00,Returned,Wrong Item,181.4
28094,3042,2023-03-16 13:00:00,Returned,Damaged,127.17
28104,4153,2023-03-16 23:00:00,Returned,Late Delivery,136.42
28107,2251,2023-03-17 02:00:00,Returned,Late Delivery,14.89
28117,2503,2023-03-17 12:00:00,Returned,Damaged,131.39
28147,338,2023-03-18 18:00:00,Returned,Wrong Item,38.68
28154,8126,2023-03-19 01:00:00,Returned,Customer Dissatisfaction,125.9
28161,6568,2023-03-19 08:00:00,Returned,Wrong Item,173.38
28171,3850,2023-03-19 18:00:00,Returned,Damaged,147.16
28174,9752,2023-03-19 21:00:00,Returned,Late Delivery,119.24
28180,7168,2023-03-20 03:00:00,Returned,Wrong Item,57.22
28191,7073,2023-03-20 14:00:00,Returned,Damaged,60.02
28223,240,2023-03-21 22:00:00,Returned,Customer Dissatisfaction,121.34
28231,9535,2023-03-22 06:00:00,Returned,Customer Dissatisfaction,193.02
28238,4125,2023-03-22 13:00:00,Returned,Late Delivery,90.39
28249,8213,2023-03-23 00:00:00,Returned,Damaged,65.22
28260,862,2023-03-23 11:00:00,Returned,Damaged,125.6
28272,9957,2023-03-23 23:00:00,Returned,Customer Dissatisfaction,138.45
28286,3583,2023-03-24 13:00:00,Returned,Damaged,26.56
28295,3815,2023-03-24 22:00:00,Returned,Wrong Item,78.48
28305,5285,2023-03-25 08:00:00,Returned,Wrong Item,73.52
28310,2358,2023-03-25 13:00:00,Returned,Late Delivery,186.6
28314,8081,2023-03-25 17:00:00,Returned,Late Delivery,55.66
28323,4836,2023-03-26 02:00:00,Returned,Late Delivery,24.34
28328,4150,2023-03-26 07:00:00,Returned,Damaged,24.51
28337,6529,2023-03-26 16:00:00,Returned,Damaged,6.35
28345,5670,2023-03-27 00:00:00,Returned,Damaged,6.79
28347,2170,2023-03-27 02:00:00,Returned,Customer Dissatisfaction,52.76
28350,930,2023-03-27 05:00:00,Returned,Damaged,16.6
28360,7688,2023-03-27 15:00:00,Returned,Damaged,11.25
28389,2734,2023-03-28 20:00:00,Returned,Late Delivery,61.99
28393,1351,2023-03-29 00:00:00,Returned,Late Delivery,174.62
28394,584,2023-03-29 01:00:00,Returned,Wrong Item,40.72
28395,9045,2023-03-29 02:00:00,Returned,Late Delivery,13.73
28399,5140,2023-03-29 06:00:00,Returned,Wrong Item,180.69
28401,490,2023-03-29 08:00:00,Returned,Wrong Item,182.23
28407,6969,2023-03-29 14:00:00,Returned,Wrong Item,72.75
28408,5635,2023-03-29 15:00:00,Returned,Customer Dissatisfaction,92.38
28410,6982,2023-03-29 17:00:00,Returned,Customer Dissatisfaction,97.12
28416,4305,2023-03-29 23:00:00,Returned,Wrong Item,187.33
28419,289,2023-03-30 02:00:00,Returned,Damaged,154.14
28420,7680,2023-03-30 03:00:00,Returned,Customer Dissatisfaction,42.21
28426,6606,2023-03-30 09:00:00,Returned,Damaged,196.15
28443,1927,2023-03-31 02:00:00,Returned,Late Delivery,198.86
28447,3160,2023-03-31 06:00:00,Returned,Customer Dissatisfaction,187.91
28448,7070,2023-03-31 07:00:00,Returned,Customer Dissatisfaction,88.67
28483,2787,2023-04-01 18:00:00,Returned,Damaged,93.51
28485,5810,2023-04-01 20:00:00,Returned,Wrong Item,95.56
28488,687,2023-04-01 23:00:00,Returned,Wrong Item,31.61
28491,4377,2023-04-02 02:00:00,Returned,Late Delivery,72.16
28493,1313,2023-04-02 04:00:00,Returned,Damaged,6.5
28500,8512,2023-04-02 11:00:00,Returned,Damaged,181.48
28508,9110,2023-04-02 19:00:00,Returned,Customer Dissatisfaction,5.04
28526,7737,2023-04-03 13:00:00,Returned,Customer Dissatisfaction,169.91
28528,4003,2023-04-03 15:00:00,Returned,Wrong Item,104.48
28535,7956,2023-04-03 22:00:00,Returned,Customer Dissatisfaction,41.61
28577,7346,2023-04-05 16:00:00,Returned,Damaged,160.94
28586,9212,2023-04-06 01:00:00,Returned,Customer Dissatisfaction,43.21
28591,4988,2023-04-06 06:00:00,Returned,Late Delivery,125.69
28609,1145,2023-04-07 00:00:00,Returned,Late Delivery,87.89
28612,3689,2023-04-07 03:00:00,Returned,Wrong Item,129.0
28620,9169,2023-04-07 11:00:00,Returned,Late Delivery,180.79
28638,2778,2023-04-08 05:00:00,Returned,Wrong Item,160.25
28645,4568,2023-04-08 12:00:00,Returned,Late Delivery,66.82
28663,1207,2023-04-09 06:00:00,Returned,Late Delivery,192.23
28682,1493,2023-04-10 01:00:00,Returned,Late Delivery,19.21
28710,7173,2023-04-11 05:00:00,Returned,Customer Dissatisfaction,101.9
28728,3396,2023-04-11 23:00:00,Returned,Wrong Item,63.17
28738,540,2023-04-12 09:00:00,Returned,Late Delivery,167.37
28743,2123,2023-04-12 14:00:00,Returned,Customer Dissatisfaction,95.41
28745,8251,2023-04-12 16:00:00,Returned,Wrong Item,63.05
28749,1279,2023-04-12 20:00:00,Returned,Damaged,58.86
28757,6771,2023-04-13 04:00:00,Returned,Late Delivery,8.55
28773,6944,2023-04-13 20:00:00,Returned,Late Delivery,66.86
28789,9837,2023-04-14 12:00:00,Returned,Late Delivery,162.58
28791,3943,2023-04-14 14:00:00,Returned,Customer Dissatisfaction,39.97
28800,9741,2023-04-14 23:00:00,Returned,Wrong Item,27.7
28805,7661,2023-04-15 04:00:00,Returned,Late Delivery,26.23
28809,4435,2023-04-15 08:00:00,Returned,Late Delivery,126.8
28810,8202,2023-04-15 09:00:00,Returned,Late Delivery,51.68
28818,4840,2023-04-15 17:00:00,Returned,Wrong Item,79.76
28834,591,2023-04-16 09:00:00,Returned,Customer Dissatisfaction,175.31
28852,6934,2023-04-17 03:00:00,Returned,Damaged,87.67
28855,1280,2023-04-17 06:00:00,Returned,Damaged,191.38
28858,3977,2023-04-17 09:00:00,Returned,Customer Dissatisfaction,106.04
28860,902,2023-04-17 11:00:00,Returned,Damaged,143.9
28864,9201,2023-04-17 15:00:00,Returned,Wrong Item,109.57
28865,1498,2023-04-17 16:00:00,Returned,Customer Dissatisfaction,53.75
28890,8948,2023-04-18 17:00:00,Returned,Wrong Item,180.61
28892,9223,2023-04-18 19:00:00,Returned,Wrong Item,29.47
28894,7325,2023-04-18 21:00:00,Returned,Wrong Item,158.6
28895,3557,2023-04-18 22:00:00,Returned,Damaged,132.78
28907,7615,2023-04-19 10:00:00,Returned,Wrong Item,5.15
28912,4799,2023-04-19 15:00:00,Returned,Wrong Item,168.08
28913,2928,2023-04-19 16:00:00,Returned,Wrong Item,49.52
28915,305,2023-04-19 18:00:00,Returned,Customer Dissatisfaction,22.56
28936,4547,2023-04-20 15:00:00,Returned,Customer Dissatisfaction,7.84
28938,6085,2023-04-20 17:00:00,Returned,Customer Dissatisfaction,164.65
28951,8906,2023-04-21 06:00:00,Returned,Wrong Item,90.77
28958,2439,2023-04-21 13:00:00,Returned,Damaged,68.49
28968,1631,2023-04-21 23:00:00,Returned,Damaged,78.09
28989,7734,2023-04-22 20:00:00,Returned,Damaged,30.35
29001,9725,2023-04-23 08:00:00,Returned,Damaged,45.37
29024,8197,2023-04-24 07:00:00,Returned,Wrong Item,197.83
29041,7042,2023-04-25 00:00:00,Returned,Damaged,53.19
29052,4432,2023-04-25 11:00:00,Returned,Damaged,69.99
29056,2530,2023-04-25 15:00:00,Returned,Damaged,84.42
29076,6548,2023-04-26 11:00:00,Returned,Wrong Item,66.84
29092,2972,2023-04-27 03:00:00,Returned,Damaged,124.79
29098,1018,2023-04-27 09:00:00,Returned,Damaged,105.59
29099,1978,2023-04-27 10:00:00,Returned,Late Delivery,23.56
29109,536,2023-04-27 20:00:00,Returned,Wrong Item,35.01
29110,9567,2023-04-27 21:00:00,Returned,Damaged,147.06
29115,5189,2023-04-28 02:00:00,Returned,Damaged,152.8
29129,9827,2023-04-28 16:00:00,Returned,Wrong Item,166.62
29134,1440,2023-04-28 21:00:00,Returned,Late Delivery,180.78
29154,1039,2023-04-29 17:00:00,Returned,Customer Dissatisfaction,98.24
29158,8382,2023-04-29 21:00:00,Returned,Damaged,122.81
29170,3630,2023-04-30 09:00:00,Returned,Late Delivery,119.02
29173,479,2023-04-30 12:00:00,Returned,Late Delivery,44.51
29187,6570,2023-05-01 02:00:00,Returned,Wrong Item,25.06
29197,4552,2023-05-01 12:00:00,Returned,Late Delivery,142.57
29203,6687,2023-05-01 18:00:00,Returned,Wrong Item,176.99
29230,8497,2023-05-02 21:00:00,Returned,Damaged,146.91
29240,7465,2023-05-03 07:00:00,Returned,Customer Dissatisfaction,53.14
29244,814,2023-05-03 11:00:00,Returned,Late Delivery,174.21
29282,4485,2023-05-05 01:00:00,Returned,Customer Dissatisfaction,42.06
29286,7686,2023-05-05 05:00:00,Returned,Wrong Item,48.94
29300,1790,2023-05-05 19:00:00,Returned,Wrong Item,156.56
29338,611,2023-05-07 09:00:00,Returned,Customer Dissatisfaction,41.2
29355,8479,2023-05-08 02:00:00,Returned,Late Delivery,21.27
29370,9147,2023-05-08 17:00:00,Returned,Damaged,163.41
29372,6863,2023-05-08 19:00:00,Returned,Wrong Item,171.92
29377,4024,2023-05-09 00:00:00,Returned,Late Delivery,39.9
29380,1494,2023-05-09 03:00:00,Returned,Late Delivery,63.05
29397,9857,2023-05-09 20:00:00,Returned,Customer Dissatisfaction,134.39
29400,9748,2023-05-09 23:00:00,Returned,Customer Dissatisfaction,46.44
29404,4477,2023-05-10 03:00:00,Returned,Damaged,91.9
29428,9706,2023-05-11 03:00:00,Returned,Late Delivery,170.27
29437,9268,2023-05-11 12:00:00,Returned,Late Delivery,61.14
29456,9414,2023-05-12 07:00:00,Returned,Customer Dissatisfaction,174.78
29462,9463,2023-05-12 13:00:00,Returned,Damaged,144.17
29463,1265,2023-05-12 14:00:00,Returned,Wrong Item,108.58
29464,8426,2023-05-12 15:00:00,Returned,Wrong Item,172.64
29469,2516,2023-05-12 20:00:00,Returned,Wrong Item,191.91
29470,9262,2023-05-12 21:00:00,Returned,Damaged,68.17
29471,9567,2023-05-12 22:00:00,Returned,Customer Dissatisfaction,24.23
29472,2212,2023-05-12 23:00:00,Returned,Damaged,71.79
29493,6093,2023-05-13 20:00:00,Returned,Wrong Item,69.38
29499,4709,2023-05-14 02:00:00,Returned,Late Delivery,136.49
29507,7032,2023-05-14 10:00:00,Returned,Late Delivery,163.24
29515,3094,2023-05-14 18:00:00,Returned,Customer Dissatisfaction,114.29
29519,4551,2023-05-14 22:00:00,Returned,Late Delivery,7.28
29529,5651,2023-05-15 08:00:00,Returned,Damaged,28.5
29533,3187,2023-05-15 12:00:00,Returned,Wrong Item,35.98
29552,5878,2023-05-16 07:00:00,Returned,Customer Dissatisfaction,116.58
29558,8007,2023-05-16 13:00:00,Returned,Damaged,43.95
29584,3880,2023-05-17 15:00:00,Returned,Wrong Item,194.25
29592,8433,2023-05-17 23:00:00,Returned,Wrong Item,177.34
29632,5534,2023-05-19 15:00:00,Returned,Late Delivery,154.93
29636,5573,2023-05-19 19:00:00,Returned,Wrong Item,184.64
29644,3338,2023-05-20 03:00:00,Returned,Wrong Item,145.88
29651,2129,2023-05-20 10:00:00,Returned,Wrong Item,45.68
29656,2440,2023-05-20 15:00:00,Returned,Customer Dissatisfaction,16.78
29659,9240,2023-05-20 18:00:00,Returned,Late Delivery,108.64
29669,6565,2023-05-21 04:00:00,Returned,Late Delivery,69.1
29698,9045,2023-05-22 09:00:00,Returned,Customer Dissatisfaction,90.04
29724,9174,2023-05-23 11:00:00,Returned,Late Delivery,131.65
29732,4776,2023-05-23 19:00:00,Returned,Late Delivery,121.57
29738,6381,2023-05-24 01:00:00,Returned,Late Delivery,97.13
29747,3798,2023-05-24 10:00:00,Returned,Customer Dissatisfaction,52.09
29751,4155,2023-05-24 14:00:00,Returned,Late Delivery,111.0
29753,4612,2023-05-24 16:00:00,Returned,Late Delivery,96.88
29757,5179,2023-05-24 20:00:00,Returned,Damaged,52.76
29760,1479,2023-05-24 23:00:00,Returned,Damaged,152.22
29773,5650,2023-05-25 12:00:00,Returned,Late Delivery,126.49
29800,5659,2023-05-26 15:00:00,Returned,Late Delivery,35.39
29807,5684,2023-05-26 22:00:00,Returned,Damaged,197.02
29811,8872,2023-05-27 02:00:00,Returned,Damaged,67.74
29813,6295,2023-05-27 04:00:00,Returned,Damaged,58.9
29826,4037,2023-05-27 17:00:00,Returned,Customer Dissatisfaction,64.78
29830,5032,2023-05-27 21:00:00,Returned,Wrong Item,61.72
29833,3264,2023-05-28 00:00:00,Returned,Damaged,102.72
29836,8109,2023-05-28 03:00:00,Returned,Customer Dissatisfaction,107.08
29840,7323,2023-05-28 07:00:00,Returned,Customer Dissatisfaction,98.17
29843,7279,2023-05-28 10:00:00,Returned,Wrong Item,192.36
29851,6117,2023-05-28 18:00:00,Returned,Customer Dissatisfaction,75.56
29854,9844,2023-05-28 21:00:00,Returned,Wrong Item,81.85
29855,9301,2023-05-28 22:00:00,Returned,Damaged,60.98
29856,7685,2023-05-28 23:00:00,Returned,Late Delivery,114.44
29879,6478,2023-05-29 22:00:00,Returned,Customer Dissatisfaction,45.63
29896,4071,2023-05-30 15:00:00,Returned,Late Delivery,162.05
29905,8439,2023-05-31 00:00:00,Returned,Late Delivery,186.83
29906,3784,2023-05-31 01:00:00,Returned,Late Delivery,188.17
29915,5186,2023-05-31 10:00:00,Returned,Damaged,66.37
29926,3737,2023-05-31 21:00:00,Returned,Wrong Item,89.73
29929,486,2023-06-01 00:00:00,Returned,Damaged,121.74
29930,4922,2023-06-01 01:00:00,Returned,Late Delivery,79.32
29940,4734,2023-06-01 11:00:00,Returned,Late Delivery,186.53
29943,4088,2023-06-01 14:00:00,Returned,Late Delivery,131.62
29948,7957,2023-06-01 19:00:00,Returned,Customer Dissatisfaction,137.99
29949,4150,2023-06-01 20:00:00,Returned,Wrong Item,74.33
29966,5948,2023-06-02 13:00:00,Returned,Damaged,53.73
29967,92,2023-06-02 14:00:00,Returned,Damaged,36.65
29969,866,2023-06-02 16:00:00,Returned,Late Delivery,58.5
29984,7823,2023-06-03 07:00:00,Returned,Customer Dissatisfaction,20.55
29989,2627,2023-06-03 12:00:00,Returned,Late Delivery,17.93
29991,1786,2023-06-03 14:00:00,Returned,Damaged,34.15
29992,8999,2023-06-03 15:00:00,Returned,Customer Dissatisfaction,6.46
29994,9006,2023-06-03 17:00:00,Returned,Late Delivery,86.73
