user_id,name,age,gender,country,signup_date
1,Geneva Bustamante,49,Male,Canada,2018-01-01
2,Maria Armstrong,40,Female,Canada,2018-01-02
3,Cathy Mulay,31,Male,Canada,2018-01-03
4,Lynn Azar,58,Female,Canada,2018-01-04
5,Everett Wallace,18,Female,UK,2018-01-05
6,Fereshteh Clayton,19,Male,Canada,2018-01-06
7,Jean Fernandez,61,Male,Germany,2018-01-07
8,Edna Leonguerrero,37,Male,Germany,2018-01-08
9,Rosa LaSala,35,Female,US,2018-01-09
10,Roland Boone,29,Female,Brazil,2018-01-10
11,Joan Setter,44,Male,Brazil,2018-01-11
12,Dennis Huserik,29,Male,India,2018-01-12
13,Walter Yarrington,49,Female,UK,2018-01-13
14,William Bowman,40,Female,Brazil,2018-01-14
15,Hazel Terbush,36,Female,Canada,2018-01-15
16,Claudette White,18,Male,Brazil,2018-01-16
17,Sally Fishburn,19,Male,UK,2018-01-17
18,Chauncey Schaub,19,Female,US,2018-01-18
19,Evelyn Lopez,44,Male,Canada,2018-01-19
20,Vicki Wood,46,Male,Canada,2018-01-20
21,Marc Somers,64,Female,Brazil,2018-01-21
22,Richard Rollings,48,Male,Canada,2018-01-22
23,Nevlyn Shaw,51,Male,UK,2018-01-23
24,June Corsentino,56,Male,Canada,2018-01-24
25,James Tieman,47,Female,India,2018-01-25
26,Rosemarie Ulibarri,19,Male,Brazil,2018-01-26
27,Randall Stephens,39,Male,Germany,2018-01-27
28,Randy Carrigan,53,Female,UK,2018-01-28
29,Judith Frazier,38,Male,India,2018-01-29
30,Joseph Slavin,50,Female,UK,2018-01-30
31,Ray Townsend,39,Male,US,2018-01-31
32,Alex Smith,35,Male,India,2018-02-01
33,Pat Chambers,48,Female,India,2018-02-02
34,Edie Stuart,33,Female,US,2018-02-03
35,Lisa Bowman,33,Female,India,2018-02-04
36,Karen Adler,41,Male,US,2018-02-05
37,Sue Drake,47,Male,Germany,2018-02-06
38,Phyllis Keenan,54,Male,US,2018-02-07
39,Eric Hallstrand,53,Female,UK,2018-02-08
40,Leland Bohrer,48,Female,UK,2018-02-09
41,Nola Brannon,40,Male,Brazil,2018-02-10
42,Janel Smith,49,Female,Brazil,2018-02-11
43,Madeline Murphy,26,Female,Germany,2018-02-12
44,Sue Higgins,28,Male,Germany,2018-02-13
45,Victor Highsmith,55,Male,UK,2018-02-14
46,Phillip Crawford,34,Female,UK,2018-02-15
47,Patta Swishoff,61,Male,Canada,2018-02-16
48,Connie Welch,64,Male,India,2018-02-17
49,Irene Digennaro,22,Male,UK,2018-02-18
50,James Stricklin,43,Female,US,2018-02-19
51,Hoon Paris,51,Female,India,2018-02-20
52,Vartkes Richardson,63,Female,India,2018-02-21
53,Leonard Carlock,22,Female,Canada,2018-02-22
54,Betty Bressler,47,Male,Brazil,2018-02-23
55,John Torres,30,Female,Germany,2018-02-24
56,Elizabeth Willumstad,38,Female,Canada,2018-02-25
57,Donna Brooks,51,Male,Canada,2018-02-26
58,Jhanadu Krah,38,Female,UK,2018-02-27
59,Rosalie Breer,36,Female,Canada,2018-02-28
60,Joanne Bettinger,56,Female,Brazil,2018-03-01
61,Bernard Maestas,53,Female,Germany,2018-03-02
62,Warren Leslie,54,Male,Germany,2018-03-03
63,Esther Koehlinger,63,Male,Canada,2018-03-04
64,Clarice Schmalfuss,23,Female,Canada,2018-03-05
65,Joseph Ratliff,40,Male,India,2018-03-06
66,Suzette Baseheart,44,Female,UK,2018-03-07
67,Don Wilson,52,Female,India,2018-03-08
68,Dane Schmidt,48,Male,Germany,2018-03-09
69,Linda Nolan,40,Male,UK,2018-03-10
70,"James Avaloz, Jr.",27,Female,US,2018-03-11
71,Florence Benson,39,Male,India,2018-03-12
72,Huie Nook Yen Brydonejack,54,Male,Canada,2018-03-13
73,Terri Speidel,32,Female,Germany,2018-03-14
74,Kathy Mausner,19,Male,Brazil,2018-03-15
75,Steven Weldon,23,Male,US,2018-03-16
76,Susan Tracey,48,Male,Canada,2018-03-17
77,Chloe Strankman,49,Female,Brazil,2018-03-18
78,Margaret Gutierrez,64,Female,Canada,2018-03-19
79,John Valdez,42,Female,Canada,2018-03-20
80,Matt Taraska,64,Female,Brazil,2018-03-21
81,Robert Lazo,59,Male,UK,2018-03-22
82,Laura Bartlow,35,Female,Brazil,2018-03-23
83,Edna Leonguerrero,51,Male,India,2018-03-24
84,Judy Whitney,57,Female,Germany,2018-03-25
85,Howard Caywood,53,Male,Germany,2018-03-26
86,Shawna Saiz,29,Male,UK,2018-03-27
87,Linda Thomas,46,Male,Brazil,2018-03-28
88,Sandra Spangenberg,39,Female,Brazil,2018-03-29
89,Diane Schaeffer,36,Male,UK,2018-03-30
90,Dawn Barber,60,Male,Germany,2018-03-31
91,Mary Dotson,54,Female,Brazil,2018-04-01
92,Douglas Hoffner,22,Male,Canada,2018-04-02
93,Timothy Stewart,42,Female,India,2018-04-03
94,Daniel Hawn,54,Male,Brazil,2018-04-04
95,Jill Wilson,38,Female,Canada,2018-04-05
96,Rodley Blotzer,52,Female,India,2018-04-06
97,Barbara Schultz,36,Female,US,2018-04-07
98,Yolanda Barajas,29,Female,UK,2018-04-08
99,Richard Cobb,43,Male,US,2018-04-09
100,David Byrnes,37,Female,UK,2018-04-10
101,Frank Ross,58,Female,Canada,2018-04-11
102,Patti Munsi,18,Male,Canada,2018-04-12
103,Jerry Sutton,19,Female,Canada,2018-04-13
104,Nicole Gibson,22,Male,India,2018-04-14
105,Lacey Heisz,62,Female,UK,2018-04-15
106,John Martinez,55,Male,Germany,2018-04-16
107,Edward Suarez,22,Female,Brazil,2018-04-17
108,David Sanders,32,Female,Brazil,2018-04-18
109,Dolores Martin,35,Male,Canada,2018-04-19
110,Douglas Lawton,19,Female,US,2018-04-20
111,Claudia Jost,41,Male,Canada,2018-04-21
112,John Dutton,20,Male,Germany,2018-04-22
113,Ira Trujillo,50,Male,India,2018-04-23
114,Elisa Belloni,57,Female,Canada,2018-04-24
115,Audrey Ahmadzai,49,Female,US,2018-04-25
116,Vivian Anderson,50,Female,Brazil,2018-04-26
117,Debra Hamrick,46,Male,US,2018-04-27
118,Michelle Gottier,61,Male,India,2018-04-28
119,Joye Childers,26,Female,Germany,2018-04-29
120,Mohammad Caldwell,56,Male,US,2018-04-30
121,James Walsh,64,Female,Canada,2018-05-01
122,Pax Marsan,50,Male,Canada,2018-05-02
123,Nancy Pietrs,31,Female,Germany,2018-05-03
124,Corrina Thompson,43,Female,US,2018-05-04
125,Connie Clark,48,Female,UK,2018-05-05
126,Pauline Palser,37,Male,Brazil,2018-05-06
127,David Apostol,27,Female,Germany,2018-05-07
128,Sam Silhanek,46,Female,Brazil,2018-05-08
129,Joe Wiesner,41,Female,US,2018-05-09
130,Lawrence Zavala,44,Male,UK,2018-05-10
131,Kathleen Miller,57,Female,India,2018-05-11
132,Lorraine Ayers,24,Male,Canada,2018-05-12
133,Nicola Tuason,57,Male,Germany,2018-05-13
134,Ryan Smith,55,Male,India,2018-05-14
135,James Vatnsdal,39,Female,Canada,2018-05-15
136,Jolene Sukh,47,Female,UK,2018-05-16
137,James Dremel,48,Female,US,2018-05-17
138,Fred Kelley,21,Female,India,2018-05-18
139,Clara Till,60,Male,Germany,2018-05-19
140,Evalyn Gilliom,45,Male,UK,2018-05-20
141,James Strauch,32,Male,Brazil,2018-05-21
142,Patricia Blevins,62,Male,Canada,2018-05-22
143,Carla Chatwin,56,Female,Brazil,2018-05-23
144,Louise Carothers,27,Male,Brazil,2018-05-24
145,Brian Turcios,36,Male,UK,2018-05-25
146,Lori Cutler,45,Female,US,2018-05-26
147,Gayle Banks,28,Female,Germany,2018-05-27
148,David Coday,49,Male,Germany,2018-05-28
149,James Mc Coy,32,Female,Germany,2018-05-29
150,Bonnie Brinton,60,Male,Germany,2018-05-30
151,Rosemary Brickley,43,Male,Brazil,2018-05-31
152,Sonia Echols,49,Female,India,2018-06-01
153,Harriet Cabezzaslacayo,46,Female,Canada,2018-06-02
154,Frank Pilot,58,Male,Germany,2018-06-03
155,Bonnie Crawford,40,Female,India,2018-06-04
156,Al Weaver,55,Female,Brazil,2018-06-05
157,Danny Corsi,19,Female,Germany,2018-06-06
158,Jose Clementi,49,Female,Brazil,2018-06-07
159,Nancy Alencastre,25,Male,India,2018-06-08
160,Edith Spurs,24,Male,Brazil,2018-06-09
161,Kevin Barrera,41,Female,US,2018-06-10
162,Monica Peterson,43,Female,US,2018-06-11
163,Paul Shields,19,Female,India,2018-06-12
164,Susan Velasquez,42,Male,India,2018-06-13
165,Virginia Miwa,48,Female,India,2018-06-14
166,Paul Bonicelli,55,Male,UK,2018-06-15
167,David Carlson,60,Male,Brazil,2018-06-16
168,David Thompson,44,Male,Canada,2018-06-17
169,Adam Bloomfeild,29,Female,US,2018-06-18
170,Rose Harshell,18,Male,US,2018-06-19
171,Mary Bowen,29,Male,Germany,2018-06-20
172,John Finnell,63,Male,Germany,2018-06-21
173,Kathy Tran,35,Female,India,2018-06-22
174,Misty Busby,35,Male,Brazil,2018-06-23
175,Elizabeth Kunkle,31,Female,UK,2018-06-24
176,Sharon Torres,46,Female,Brazil,2018-06-25
177,William Mondragon,50,Male,Canada,2018-06-26
178,Joan Anderson Travis,26,Male,US,2018-06-27
179,Barbara Younce,20,Male,UK,2018-06-28
180,John Sweet,39,Male,Germany,2018-06-29
181,Geri Lee,50,Male,Germany,2018-06-30
182,Doris Perkins,50,Male,Brazil,2018-07-01
183,Onetha Higgs,26,Male,Brazil,2018-07-02
184,Dorothy Thomas,58,Male,India,2018-07-03
185,Kenneth Dubois,58,Male,India,2018-07-04
186,Douglas Strong,27,Male,UK,2018-07-05
187,Walter Delgado,40,Female,UK,2018-07-06
188,Ruth Tate,20,Male,India,2018-07-07
189,Pam Gallegos,37,Female,Brazil,2018-07-08
190,Kathleen Aiell,23,Female,UK,2018-07-09
191,Theresa Griffin,34,Female,US,2018-07-10
192,Shaneen Bouvier,24,Male,US,2018-07-11
193,Dorothy Evans,26,Male,Canada,2018-07-12
194,Dennis Lorentzson,37,Female,Germany,2018-07-13
195,Mary Johnson,24,Female,Canada,2018-07-14
196,Janice Vrins,45,Female,Germany,2018-07-15
197,Shelley Tedrick,64,Female,India,2018-07-16
198,Margaret Davelis,35,Female,Canada,2018-07-17
199,Paul Newkirk,23,Female,India,2018-07-18
200,Tim Hollingsworth,43,Male,Germany,2018-07-19
201,Warren Leslie,24,Male,Canada,2018-07-20
202,Margaret McCarthy,53,Female,US,2018-07-21
203,Myrtle Aring,63,Female,Brazil,2018-07-22
204,Cora Starich,23,Female,Brazil,2018-07-23
205,James Blackburn,33,Female,Canada,2018-07-24
206,Gloria Atencio,55,Female,US,2018-07-25
207,Billilyn Whitmer,42,Female,Brazil,2018-07-26
208,Kellie Belcher,23,Female,Germany,2018-07-27
209,Kenton Orner,39,Female,India,2018-07-28
210,Victor Rice,18,Male,India,2018-07-29
211,Lisa Strehlitz,35,Male,Canada,2018-07-30
212,Barton Barros,51,Male,Brazil,2018-07-31
213,Fred Rodriguez,40,Male,UK,2018-08-01
214,Karen Dean,40,Male,US,2018-08-02
215,Shirley Hartung,29,Female,UK,2018-08-03
216,Justin Tofield,22,Female,Germany,2018-08-04
217,Richard Witmer,52,Female,India,2018-08-05
218,James Oakley,37,Female,India,2018-08-06
219,Mike Herman,37,Female,Brazil,2018-08-07
220,Erica Goldblatt,32,Female,US,2018-08-08
221,Larry Collier,42,Female,Canada,2018-08-09
222,Linda Skapinok,47,Male,Germany,2018-08-10
223,Joyce Zuniga,54,Male,US,2018-08-11
224,Todd Sweet,64,Female,Germany,2018-08-12
225,Nicolette West,33,Male,US,2018-08-13
226,William Willliams,62,Female,US,2018-08-14
227,Susan Stovall,46,Male,US,2018-08-15
228,Jamie Shaddy,35,Female,Canada,2018-08-16
229,Gabriel Brennan,63,Male,Brazil,2018-08-17
230,Patti Munsi,22,Female,US,2018-08-18
231,Helen Brouillet,41,Female,Brazil,2018-08-19
232,Jeremy Vanbuskirk,24,Female,Brazil,2018-08-20
233,Mary Anne Watts,19,Female,Germany,2018-08-21
234,Nell Cole,24,Male,Canada,2018-08-22
235,Barbara Cleary,61,Female,US,2018-08-23
236,James Wright,50,Male,Germany,2018-08-24
237,Christine Bunch,49,Female,Brazil,2018-08-25
238,Daniel Horning,32,Female,UK,2018-08-26
239,Greta Trujillo,28,Female,India,2018-08-27
240,Charlotee Ferguson,29,Male,India,2018-08-28
241,Lori Bethune,31,Male,US,2018-08-29
242,Richard Spencer,29,Male,Brazil,2018-08-30
243,Ida Rodriguez,59,Male,Germany,2018-08-31
244,Mehrzad Slone,31,Male,Canada,2018-09-01
245,George Mahan,54,Male,Canada,2018-09-02
246,Beverly Robertson,55,Male,UK,2018-09-03
247,Brian Binai,24,Female,Brazil,2018-09-04
248,Judy Randell,31,Male,Canada,2018-09-05
249,Eunice Richendollar,63,Female,Canada,2018-09-06
250,Deborah Payne,43,Female,Germany,2018-09-07
251,James Sorenson,40,Female,Germany,2018-09-08
252,J. Kathleen ORourke,44,Female,Canada,2018-09-09
253,Melanie Caputo,31,Male,India,2018-09-10
254,Robert Conrad,28,Female,Germany,2018-09-11
255,Karren Burkhardt,64,Male,US,2018-09-12
256,Leonard Smith,26,Male,India,2018-09-13
257,Barbara Smith,31,Female,Germany,2018-09-14
258,Robert Bertolino,59,Male,Brazil,2018-09-15
259,Ruby Tompkins,25,Female,Canada,2018-09-16
260,Rita Polley,44,Male,Germany,2018-09-17
261,Louise Ayotte,56,Female,Canada,2018-09-18
262,Greg Vasquez,41,Male,India,2018-09-19
263,Karen Grant,45,Female,Germany,2018-09-20
264,Dennis Tobias,47,Female,Brazil,2018-09-21
265,Angelina Supernaw,60,Male,Canada,2018-09-22
266,Monte Hanavan,47,Female,Germany,2018-09-23
267,Kit Zimmerman,48,Male,Germany,2018-09-24
268,Particia Guray,27,Male,US,2018-09-25
269,Cathryn Musgrove,28,Male,US,2018-09-26
270,Howard Tallaksen,37,Male,US,2018-09-27
271,Daniel Boriskin,34,Female,Germany,2018-09-28
272,Karin Blair,22,Female,India,2018-09-29
273,Browl Swinford,39,Male,Germany,2018-09-30
274,Darlene Stralow,42,Female,UK,2018-10-01
275,Debbie Turcios,62,Female,US,2018-10-02
276,Gladys Lockett,48,Female,India,2018-10-03
277,Dale Carmody,50,Male,UK,2018-10-04
278,Julie Dunn,47,Male,India,2018-10-05
279,Marie Kidwell,35,Female,Canada,2018-10-06
280,Katherine McClure,19,Male,India,2018-10-07
281,Rena Shaw,47,Male,India,2018-10-08
282,Jesse Devine,41,Male,Germany,2018-10-09
283,Faye Vaughn,57,Female,Canada,2018-10-10
284,Wilfred Carter,39,Male,Brazil,2018-10-11
285,Sandra Christensen,58,Male,Brazil,2018-10-12
286,Meriann Giles,31,Male,India,2018-10-13
287,Kiki Rebrovic,51,Male,Canada,2018-10-14
288,Christina Weimer,30,Female,UK,2018-10-15
289,Kathryn Goff,61,Male,Brazil,2018-10-16
290,Gerry Flores,48,Male,Germany,2018-10-17
291,Tyler Banks,50,Male,Brazil,2018-10-18
292,Anne Tuck,37,Male,Brazil,2018-10-19
293,Michael Holland,56,Male,Canada,2018-10-20
294,Daniel Hawn,39,Male,India,2018-10-21
295,Melinda Belcher,22,Female,US,2018-10-22
296,Shelbi Switzer,53,Female,Brazil,2018-10-23
297,Gwendolyn Woodliff,64,Male,Brazil,2018-10-24
298,Robert Sims,23,Female,India,2018-10-25
299,Terri Sweazey,61,Female,UK,2018-10-26
300,David Buesch,54,Female,UK,2018-10-27
301,Guy Cohn,58,Female,Brazil,2018-10-28
302,David Uribe,43,Female,Germany,2018-10-29
303,Frank White,50,Male,Germany,2018-10-30
304,Luther Moran,20,Male,US,2018-10-31
305,Richard Stenstedt,48,Male,UK,2018-11-01
306,Julieanna Zwier,35,Male,India,2018-11-02
307,Stacy McGuire,34,Male,UK,2018-11-03
308,Charlotte Yonce,19,Male,UK,2018-11-04
309,Brian Strother,30,Male,India,2018-11-05
310,Tom Williams,34,Male,Brazil,2018-11-06
311,Janice Jenks,24,Male,India,2018-11-07
312,Carol Bell,51,Female,Germany,2018-11-08
313,Faith Gustafson,48,Male,US,2018-11-09
314,Donna Shelton,41,Female,Canada,2018-11-10
315,Marguerite Saxena,39,Male,Brazil,2018-11-11
316,Marlin Coriell,49,Female,India,2018-11-12
317,Carol Tancredy,45,Female,Canada,2018-11-13
318,William Vicknair,63,Male,UK,2018-11-14
319,Carl Pettit,53,Female,India,2018-11-15
320,Michelle Tran,25,Female,Canada,2018-11-16
321,Frank Burke,56,Male,US,2018-11-17
322,Larasa Tate,41,Female,UK,2018-11-18
323,Consuelo Warrick,27,Female,UK,2018-11-19
324,Thomas Smee,44,Female,Brazil,2018-11-20
325,Maryann Clark,47,Female,Canada,2018-11-21
326,Patricia Payne,59,Female,US,2018-11-22
327,Alanna Hicks,37,Male,UK,2018-11-23
328,George Jones,32,Female,UK,2018-11-24
329,Deborah Clark,30,Male,Germany,2018-11-25
330,Judy Wood,23,Female,Germany,2018-11-26
331,Mary Hall,59,Female,Germany,2018-11-27
332,Shanay Steelman,34,Female,UK,2018-11-28
333,Lavar Schott,20,Male,Canada,2018-11-29
334,Patricia Zubaty,48,Female,Brazil,2018-11-30
335,John Sherfy,39,Male,UK,2018-12-01
336,Grace Alvarado,29,Female,US,2018-12-02
337,Jim Velasquez,40,Male,Brazil,2018-12-03
338,Dorothy Serna,50,Male,Brazil,2018-12-04
339,Lance Caijem,39,Male,Brazil,2018-12-05
340,T. E. Mahoney,51,Female,Germany,2018-12-06
341,Anita Barton,59,Female,Germany,2018-12-07
342,Florence Bowen,25,Male,US,2018-12-08
343,George Bakkie,62,Male,Brazil,2018-12-09
344,Silas Zocchi,24,Female,US,2018-12-10
345,Mark Stewart,41,Male,Brazil,2018-12-11
346,Donald Brown,44,Female,Canada,2018-12-12
347,Ingrid Stevens,50,Female,Canada,2018-12-13
348,Patricia Mrozowski,31,Male,Germany,2018-12-14
349,Eugene Stockton,29,Female,Germany,2018-12-15
350,Alana Petrick,56,Female,Canada,2018-12-16
351,Charles Gibbons,49,Male,India,2018-12-17
352,Mark Torosian,51,Male,Germany,2018-12-18
353,Lee Winter,21,Female,Canada,2018-12-19
354,Shawn Turner,63,Male,Brazil,2018-12-20
355,David Hassard,62,Female,India,2018-12-21
356,Aaron Story,25,Female,Brazil,2018-12-22
357,Kathleen Roybal,27,Male,Germany,2018-12-23
358,Doreen Anderson,33,Male,India,2018-12-24
359,Chandana Hathi,42,Male,UK,2018-12-25
360,Danny Corsi,58,Female,India,2018-12-26
361,Rodley Blotzer,24,Female,US,2018-12-27
362,Esther Pixler,41,Male,Brazil,2018-12-28
363,Dolores Babbitt,37,Male,US,2018-12-29
364,Sondra Kumar,41,Female,UK,2018-12-30
365,Lillian Miller,58,Female,Brazil,2018-12-31
366,Lucy Bewley,60,Female,Germany,2019-01-01
367,Eithne Latshaw,60,Female,UK,2019-01-02
368,Richard Wellington,34,Male,India,2019-01-03
369,Steven Wheeler,24,Male,Germany,2019-01-04
370,Siobhan Whyte,58,Female,US,2019-01-05
371,Inger Cox,26,Female,Germany,2019-01-06
372,Denise Brophy,60,Male,Canada,2019-01-07
373,Jeanine Baca,52,Male,Canada,2019-01-08
374,Hudson Moore,47,Female,Germany,2019-01-09
375,Marsha Sampson,52,Female,India,2019-01-10
376,Janis Otis,39,Female,India,2019-01-11
377,Mandy Finken,54,Male,US,2019-01-12
378,Maureen Block,22,Female,Germany,2019-01-13
379,George Stutzman,22,Male,Germany,2019-01-14
380,Teel Wrege,24,Male,US,2019-01-15
381,William Chappell,52,Male,Canada,2019-01-16
382,Terry Monitor,62,Female,Canada,2019-01-17
383,Richard Siemer,35,Female,US,2019-01-18
384,Vaughn Mallard,39,Female,US,2019-01-19
385,Frank May,25,Male,India,2019-01-20
386,Nancy Felise,53,Male,Brazil,2019-01-21
387,Patricia Rhyans,31,Male,US,2019-01-22
388,Steven Zobairi,40,Female,Germany,2019-01-23
389,Heidi Weber,64,Female,UK,2019-01-24
390,Steve Gunter,41,Female,Brazil,2019-01-25
391,Clara Morris,25,Female,Germany,2019-01-26
392,Robin Barnette,40,Male,US,2019-01-27
393,Adam Reynolds,33,Female,Canada,2019-01-28
394,Jennie Reeves,54,Male,UK,2019-01-29
395,Daniel Boriskin,28,Female,Brazil,2019-01-30
396,Beulah Richards,48,Female,Canada,2019-01-31
397,Jennifer Armstrong,41,Male,Canada,2019-02-01
398,Paul Takeda,61,Female,US,2019-02-02
399,Leota Cramer,55,Male,Canada,2019-02-03
400,Lloyd Ball,43,Male,Canada,2019-02-04
401,Kenneth Love,55,Male,Brazil,2019-02-05
402,Wellington Amato,29,Female,Brazil,2019-02-06
403,David Mathias,38,Male,India,2019-02-07
404,Pamela Woodrow,58,Female,US,2019-02-08
405,Jayne Chandler,23,Male,Germany,2019-02-09
406,Lorraine Todd,30,Male,UK,2019-02-10
407,Dauna Barton,56,Female,Canada,2019-02-11
408,Dennis Messer,32,Male,Brazil,2019-02-12
409,Bertha Padilla,37,Male,Canada,2019-02-13
410,Consuelo Benson,26,Male,Canada,2019-02-14
411,Carroll Kelly,18,Male,Brazil,2019-02-15
412,Martha Bunch,32,Female,US,2019-02-16
413,Ed Howlett,18,Female,Germany,2019-02-17
414,Linda Weber,35,Female,Germany,2019-02-18
415,Anna Kassian,29,Female,India,2019-02-19
416,Adrian Jones,19,Male,US,2019-02-20
417,Donald Patera,59,Female,US,2019-02-21
418,Dennis Tobias,24,Male,UK,2019-02-22
419,Mark Barr,21,Male,US,2019-02-23
420,Deborah Boyd,27,Female,Brazil,2019-02-24
421,Christopher Sweet,44,Female,Germany,2019-02-25
422,Sandra Merrick,42,Male,Germany,2019-02-26
423,Shirley Lang,28,Female,Brazil,2019-02-27
424,Wilbur Grosso,38,Female,Brazil,2019-02-28
425,Camille Skeens,44,Male,India,2019-03-01
426,Lynn Kwiatkowski,37,Female,UK,2019-03-02
427,Paula Lapierre,18,Female,US,2019-03-03
428,Clara Till,60,Female,Brazil,2019-03-04
429,Mark Borders,48,Female,UK,2019-03-05
430,Kenneth Rothstein,58,Female,Brazil,2019-03-06
431,Violetta Hill,48,Female,Canada,2019-03-07
432,Jack Zucconi,24,Male,India,2019-03-08
433,Raymond Manchego,46,Female,US,2019-03-09
434,Diana Lyndon,29,Male,UK,2019-03-10
435,Virginia Weiss,47,Female,Brazil,2019-03-11
436,Thomas Okane,36,Female,Canada,2019-03-12
437,Vincent Stiles,62,Male,Brazil,2019-03-13
438,Kathleen Otey,22,Female,Germany,2019-03-14
439,Henry Campen,51,Male,US,2019-03-15
440,Steven Novak,56,Male,UK,2019-03-16
441,William Murphy,63,Female,UK,2019-03-17
442,Calen Wunderlich,51,Female,US,2019-03-18
443,Veda Collins,48,Female,US,2019-03-19
444,Dianne Waite,52,Male,US,2019-03-20
445,Matt Carroll,55,Female,UK,2019-03-21
446,John Tucker,24,Female,UK,2019-03-22
447,Lorraine Ardell,52,Female,Brazil,2019-03-23
448,Joyce Minjarez,22,Male,Brazil,2019-03-24
449,Kenneth Abidor,30,Male,Brazil,2019-03-25
450,Aleah Elmore,37,Female,US,2019-03-26
451,Debby Wise,44,Male,Germany,2019-03-27
452,Barbara Hanna,56,Female,Brazil,2019-03-28
453,Kittie Mills,43,Male,Canada,2019-03-29
454,Gary Reimer,50,Male,Germany,2019-03-30
455,Larry Weeks,24,Male,India,2019-03-31
456,Sally Vasquez,60,Female,Germany,2019-04-01
457,Bev Desalvo,48,Male,UK,2019-04-02
458,Margaret Allison,61,Male,Brazil,2019-04-03
459,Gerald Kenney,27,Male,US,2019-04-04
460,Carol Clark,35,Male,Brazil,2019-04-05
461,Julie Walker,56,Male,India,2019-04-06
462,Lisa Randall,33,Female,Canada,2019-04-07
463,Alice Newsome,52,Male,US,2019-04-08
464,Laureen Young,61,Female,UK,2019-04-09
465,Sarah Estep,26,Male,India,2019-04-10
466,Ana Stevens,25,Male,Brazil,2019-04-11
467,Joseph Viars,34,Male,India,2019-04-12
468,Gladys Wookey,50,Female,India,2019-04-13
469,Shauna Wyro,32,Male,Brazil,2019-04-14
470,Dion Franklin,44,Female,Germany,2019-04-15
471,Shilo Campbell,41,Female,UK,2019-04-16
472,Roy Settle,60,Female,India,2019-04-17
473,Robert Rich,37,Male,US,2019-04-18
474,Joy Gay,43,Male,Brazil,2019-04-19
475,Douglas Strong,38,Male,UK,2019-04-20
476,Darla Briscoe,63,Female,Canada,2019-04-21
477,Linda Huddleston,55,Female,Canada,2019-04-22
478,Carl Robinson,55,Male,Germany,2019-04-23
479,Dominic James,34,Female,Canada,2019-04-24
480,Karin Baca,63,Female,UK,2019-04-25
481,Melissa Geha,23,Female,UK,2019-04-26
482,Norma Sussman,48,Female,UK,2019-04-27
483,Sandra Christensen,59,Female,US,2019-04-28
484,Hazel Sturdevant,46,Female,Germany,2019-04-29
485,Cindy Pilotte,61,Female,India,2019-04-30
486,Valentina Hendricks,38,Male,Canada,2019-05-01
487,Elvira Valderrama,27,Female,India,2019-05-02
488,Kathy Loyer,51,Female,India,2019-05-03
489,Isaiah Heymsfield,30,Female,Germany,2019-05-04
490,Linda Chavira,52,Female,Germany,2019-05-05
491,Scott Bongirno,26,Female,India,2019-05-06
492,Beverly Collaro,62,Female,Brazil,2019-05-07
493,Aubrey Wall,54,Female,US,2019-05-08
494,Jeanie Orton,38,Male,Germany,2019-05-09
495,Hoon Paris,24,Male,US,2019-05-10
496,Jim Velasquez,19,Male,Brazil,2019-05-11
497,Steven Whitesides,50,Female,UK,2019-05-12
498,Mary Bean,36,Male,US,2019-05-13
499,Erin Avery,50,Male,Germany,2019-05-14
500,Sharon Botelho,28,Male,Canada,2019-05-15
501,David Coday,59,Female,UK,2019-05-16
502,Charlene McCord,62,Male,UK,2019-05-17
503,Elizabeth Dickerson,62,Female,Canada,2019-05-18
504,Elsabel Matthews,49,Female,India,2019-05-19
505,Catherine Maes,23,Male,Canada,2019-05-20
506,Patricia Tonti,28,Female,Germany,2019-05-21
507,Michael Wheat,47,Male,US,2019-05-22
508,Patricia Espinoza,52,Male,Canada,2019-05-23
509,Mark Lorenzo,29,Male,Brazil,2019-05-24
510,Timothy Campbell,51,Male,UK,2019-05-25
511,Louise Cassidy,63,Female,US,2019-05-26
512,Jamie Kennedy,39,Male,Canada,2019-05-27
513,James Goodwin,52,Female,US,2019-05-28
514,Marilyn Stroup,55,Female,Canada,2019-05-29
515,Reginald Lyons,24,Male,Brazil,2019-05-30
516,Florence Rosemont,20,Male,Brazil,2019-05-31
517,Timothy Kiley,49,Male,US,2019-06-01
518,Heather Bowles,39,Female,Brazil,2019-06-02
519,Thelma Hyden,27,Male,India,2019-06-03
520,Deborah Hammond,61,Female,Canada,2019-06-04
521,Peter Hatton,42,Male,India,2019-06-05
522,William Chaney,48,Female,Germany,2019-06-06
523,Gail Xu,46,Male,UK,2019-06-07
524,Joseph Burke,31,Female,India,2019-06-08
525,Jean Tiffiny,57,Female,Germany,2019-06-09
526,Louis Gomez,60,Female,Brazil,2019-06-10
527,Helen Nelms,48,Male,UK,2019-06-11
528,Yolanda Pannell,59,Female,UK,2019-06-12
529,George Collins,41,Female,US,2019-06-13
530,Alma Bradbrook,47,Male,Brazil,2019-06-14
531,Jamie Cisneros,55,Male,US,2019-06-15
532,John Milenic,37,Male,Germany,2019-06-16
533,Mabel Mandonado,42,Female,US,2019-06-17
534,Ernie Baviera,19,Male,Germany,2019-06-18
535,Ava Hudson,42,Male,Canada,2019-06-19
536,Manuel Aichinger,63,Male,Canada,2019-06-20
537,Natalie Waterman,64,Male,Germany,2019-06-21
538,Matthew Smith,48,Male,Canada,2019-06-22
539,Jean Thorpe,28,Female,US,2019-06-23
540,Ellis Richardson,60,Male,Germany,2019-06-24
541,Joyce Peak,18,Female,UK,2019-06-25
542,Craig Sosa,20,Female,US,2019-06-26
543,Herb Montano,34,Female,Germany,2019-06-27
544,Vicki Lyons,52,Male,Germany,2019-06-28
545,Debra Girkin,29,Male,Canada,2019-06-29
546,Donald Durbin,20,Male,India,2019-06-30
547,Jon Antonucci,38,Male,Brazil,2019-07-01
548,Edwin Vaid,40,Female,Brazil,2019-07-02
549,Jeff Lovett,60,Male,US,2019-07-03
550,Anna Britton,31,Female,US,2019-07-04
551,Kevin Godoy,61,Male,Brazil,2019-07-05
552,Shannon Brooks,22,Female,Brazil,2019-07-06
553,Johnny Caprio,44,Female,Canada,2019-07-07
554,Joshua Strongman,46,Female,Germany,2019-07-08
555,Janice Mestas,56,Female,Brazil,2019-07-09
556,Elizabeth Kryway,36,Male,Germany,2019-07-10
557,Josephine Rebholz,59,Male,UK,2019-07-11
558,Gerri Young,31,Male,India,2019-07-12
559,Sue Meyer,54,Male,Germany,2019-07-13
560,Andrea Shafer,35,Female,India,2019-07-14
561,Grace Drake,60,Male,Canada,2019-07-15
562,Howard King,48,Female,Canada,2019-07-16
563,Shannon Malmborg,34,Female,Brazil,2019-07-17
564,Candida Elliot,63,Male,UK,2019-07-18
565,Margie Bayci,47,Male,UK,2019-07-19
566,Richard Price,39,Female,UK,2019-07-20
567,Jennifer Berry,23,Male,Brazil,2019-07-21
568,Betty Kyle,26,Male,India,2019-07-22
569,David Mcintire,32,Female,Canada,2019-07-23
570,Dona Nichols,38,Female,Germany,2019-07-24
571,Leslie Grauert,45,Male,Canada,2019-07-25
572,Sue Daugherty,25,Male,UK,2019-07-26
573,"Joseph Boedecker, Jr.",64,Female,Germany,2019-07-27
574,Dora Frank,64,Female,Germany,2019-07-28
575,Guillermo Senak,58,Female,Germany,2019-07-29
576,Mary Corsi,60,Female,Brazil,2019-07-30
577,Kiki Rebrovic,43,Female,Canada,2019-07-31
578,Robert Bains,20,Male,India,2019-08-01
579,Margaret Stephens,64,Female,India,2019-08-02
580,Pierce Villa,58,Female,UK,2019-08-03
581,Barbara Baustista,18,Female,US,2019-08-04
582,Glenn Chenault,34,Male,Germany,2019-08-05
583,John Tommerup,19,Female,India,2019-08-06
584,Sharon Standridge,52,Female,US,2019-08-07
585,Steve Ridgeway,53,Male,Brazil,2019-08-08
586,Anita Lucero,28,Male,Germany,2019-08-09
587,Mary Trent,20,Male,Germany,2019-08-10
588,William Baker,48,Male,US,2019-08-11
589,Salem Paige,42,Female,Germany,2019-08-12
590,Ann Weyerhaeuser,44,Female,US,2019-08-13
591,Joy Romig,28,Female,India,2019-08-14
592,Bertha Mae Ponce,28,Female,Canada,2019-08-15
593,Edward Rector,36,Female,Canada,2019-08-16
594,Clara Walker,35,Female,Canada,2019-08-17
595,Matthew Barry,48,Male,US,2019-08-18
596,Walter Marcus,38,Female,Germany,2019-08-19
597,Shirley J Wilbert,45,Male,Canada,2019-08-20
598,Gene Bateman,45,Male,Brazil,2019-08-21
599,Alexzandra Brice,63,Male,UK,2019-08-22
600,Lynn Stam,29,Male,Brazil,2019-08-23
601,Eric Auld,58,Male,Brazil,2019-08-24
602,Samantha Weller,23,Male,Germany,2019-08-25
603,Tyler Balsamo,39,Female,UK,2019-08-26
604,Richard Sullivan,56,Female,Germany,2019-08-27
605,Juanita Hanna,24,Male,UK,2019-08-28
606,Mack Hammerland,54,Female,India,2019-08-29
607,Delores Wensler,30,Female,Canada,2019-08-30
608,Li Mei Fisher,30,Female,India,2019-08-31
609,Michael Takaki,62,Male,Germany,2019-09-01
610,Doug Velasquez,63,Male,India,2019-09-02
611,Trevor Driggers,53,Male,India,2019-09-03
612,Betty Thorne,28,Female,UK,2019-09-04
613,Bruce Tepper,27,Female,US,2019-09-05
614,James Carington,41,Female,Canada,2019-09-06
615,Mary Alvarado,46,Male,Canada,2019-09-07
616,Lonnie Delarber,56,Female,UK,2019-09-08
617,Margaret Harbison,56,Female,Canada,2019-09-09
618,Phyllis Burchett,59,Male,UK,2019-09-10
619,Lupe Martin,29,Male,Canada,2019-09-11
620,Warren Barrows,32,Female,Canada,2019-09-12
621,Frederick Pigman,54,Male,Canada,2019-09-13
622,Roberto Wise,26,Female,Germany,2019-09-14
623,Edward Barrera,59,Female,UK,2019-09-15
624,Brandon Nye,37,Female,Germany,2019-09-16
625,Sarah Roundtree,59,Male,Germany,2019-09-17
626,David Owyang,36,Male,India,2019-09-18
627,Pas Vered,26,Female,Germany,2019-09-19
628,Mildred Klein,31,Male,US,2019-09-20
629,Jimmy King,42,Female,UK,2019-09-21
630,Barbara Duncan,27,Male,UK,2019-09-22
631,Leman Booms,24,Male,Germany,2019-09-23
632,Beverly Glassman,57,Female,US,2019-09-24
633,Kimberly Wells,48,Male,US,2019-09-25
634,Betty Tominello,42,Female,US,2019-09-26
635,Jeffrey Clemens,46,Female,India,2019-09-27
636,Richard Yoshimura,61,Female,Germany,2019-09-28
637,Carol Butler,61,Male,India,2019-09-29
638,Barbara Hill,24,Male,India,2019-09-30
639,Linda Bryant,46,Female,India,2019-10-01
640,Peter Johnson,24,Female,Canada,2019-10-02
641,Susanna Derrington,38,Female,Germany,2019-10-03
642,Neal Gramstorff,20,Female,UK,2019-10-04
643,Mike Takaki,19,Male,Germany,2019-10-05
644,Deborah Campbell,33,Male,Canada,2019-10-06
645,Yolanda Kagan,50,Female,India,2019-10-07
646,John Cammack,33,Female,Canada,2019-10-08
647,Mara Burchette,27,Female,India,2019-10-09
648,Matt Wright,59,Male,India,2019-10-10
649,Jimmie Roldan,31,Male,Germany,2019-10-11
650,William Viellieux,46,Male,US,2019-10-12
651,Mary Auer,26,Male,US,2019-10-13
652,Stephanie Tyree,63,Male,Brazil,2019-10-14
653,Rudolf Wheeler,52,Male,Germany,2019-10-15
654,Lisa Anderson,23,Male,UK,2019-10-16
655,Mats Ramsey,34,Male,UK,2019-10-17
656,Harold Bianchi,55,Male,Brazil,2019-10-18
657,Judy Doolittle,31,Female,Canada,2019-10-19
658,Shelley Barukh,53,Female,UK,2019-10-20
659,Michael Butcher,20,Male,Canada,2019-10-21
660,Cindy Bergstrom,21,Male,India,2019-10-22
661,Cory Elliot,60,Male,US,2019-10-23
662,Steve Clark,32,Male,India,2019-10-24
663,Kristy Toevs,58,Female,Brazil,2019-10-25
664,Ellen Prather,46,Female,US,2019-10-26
665,Donald Reasoner,18,Female,Brazil,2019-10-27
666,Elizabeth Wescott,29,Female,Germany,2019-10-28
667,Stacey Cereghino,28,Female,UK,2019-10-29
668,Sara Smith,39,Female,US,2019-10-30
669,Geneva Pacheco,39,Male,Germany,2019-10-31
670,Elmer Traise,39,Female,India,2019-11-01
671,Amy Vogel,51,Female,UK,2019-11-02
672,Anita Higbee,24,Female,US,2019-11-03
673,Clifton Masterson,60,Male,Canada,2019-11-04
674,Eric Smith,19,Female,UK,2019-11-05
675,Larry Rote,57,Female,Canada,2019-11-06
676,Tamara Shub,58,Male,Germany,2019-11-07
677,Laurie Moon,30,Male,Brazil,2019-11-08
678,Nancy Moyer,48,Male,Canada,2019-11-09
679,William Lindahl,21,Male,Brazil,2019-11-10
680,Ana Anselmo,53,Female,Brazil,2019-11-11
681,Diana Walbridge,32,Female,Germany,2019-11-12
682,Michael Swenson,40,Female,Germany,2019-11-13
683,Claudia Jost,34,Male,Brazil,2019-11-14
684,Loni Sosa,18,Male,Germany,2019-11-15
685,Bennie Wenzel,43,Female,India,2019-11-16
686,Belinda Topping,20,Female,India,2019-11-17
687,"Joseph Diehl, Jr.",46,Male,Brazil,2019-11-18
688,Charlene Mahanti,56,Male,US,2019-11-19
689,Douglas Clark,48,Female,India,2019-11-20
690,G. Elaine Webb,62,Female,Brazil,2019-11-21
691,Jackie Turrin,57,Female,Germany,2019-11-22
692,Gary Unfried,53,Male,Germany,2019-11-23
693,William Wade,31,Female,India,2019-11-24
694,Rudolf Wheeler,41,Male,Brazil,2019-11-25
695,Alice Vellos,27,Male,US,2019-11-26
696,Diane Ask,55,Female,Brazil,2019-11-27
697,Raymond Rodriguez,52,Female,India,2019-11-28
698,Michael Palermo,45,Female,Canada,2019-11-29
699,Cheryl Tobin,41,Female,India,2019-11-30
700,Michael Handsaker,32,Female,UK,2019-12-01
701,Tammerra Linder,57,Male,India,2019-12-02
702,Howard Bostwick,19,Female,US,2019-12-03
703,Ken Yaklich,45,Male,Brazil,2019-12-04
704,Barbra Adams,38,Male,Brazil,2019-12-05
705,Angelina Pabrislo,32,Male,Germany,2019-12-06
706,Pauline Palser,61,Male,Brazil,2019-12-07
707,Lee Chapla,46,Male,UK,2019-12-08
708,V. Diane Leaverton,40,Female,Canada,2019-12-09
709,Shandi Brooks,50,Male,Canada,2019-12-10
710,Deborah Stevenson,55,Male,Brazil,2019-12-11
711,Richard Miller,37,Female,Germany,2019-12-12
712,Rosemary Salo,48,Male,UK,2019-12-13
713,Jamie Kennedy,44,Male,Germany,2019-12-14
714,Scott Rizley,29,Male,Germany,2019-12-15
715,Frances Stovall,24,Male,UK,2019-12-16
716,Rose Schaaf,51,Male,Brazil,2019-12-17
717,Scot Bent,35,Female,UK,2019-12-18
718,Edward Payne,61,Male,India,2019-12-19
719,James Rajasekhar,33,Male,Canada,2019-12-20
720,Jeannet Thompson,33,Female,India,2019-12-21
721,Gregory Quinones,23,Male,Brazil,2019-12-22
722,Lisa Bowman,59,Female,India,2019-12-23
723,Jeffrey Adis,41,Female,Brazil,2019-12-24
724,Candy Brinlee,52,Male,Canada,2019-12-25
725,Lillian McCormick,64,Male,UK,2019-12-26
726,Louise Wright,62,Male,US,2019-12-27
727,Suzanne Cravens,20,Male,Germany,2019-12-28
728,Christinia Mcdonald,36,Female,US,2019-12-29
729,Tuesday Windham,46,Female,Brazil,2019-12-30
730,Kellie Belcher,64,Male,India,2019-12-31
731,Juanita Zocchi,45,Male,US,2020-01-01
732,Marcia Whiston,51,Male,India,2020-01-02
733,Beverly Carrington,42,Female,Canada,2020-01-03
734,Finis Casaus,55,Male,India,2020-01-04
735,Sadie Bonilla,20,Male,US,2020-01-05
736,Sally Malone,35,Male,India,2020-01-06
737,Macario Robinson,31,Female,Canada,2020-01-07
738,Ritchie Beebe,56,Female,US,2020-01-08
739,Lili Masinton,57,Male,Germany,2020-01-09
740,Anne Silva,26,Female,Brazil,2020-01-10
741,Fern Ploeger,43,Female,Canada,2020-01-11
742,Heysel Stratton,60,Female,UK,2020-01-12
743,Mikkal Mizer,34,Male,India,2020-01-13
744,Clint Hancock,34,Female,India,2020-01-14
745,Michael Sowa,34,Male,Brazil,2020-01-15
746,Marilyn Bowman,48,Female,Brazil,2020-01-16
747,Shirley Capella,58,Male,Germany,2020-01-17
748,Tracy Brown,41,Male,UK,2020-01-18
749,Fred Lopez,62,Female,Germany,2020-01-19
750,Kurt Singh,39,Female,US,2020-01-20
751,Ron Kristel,61,Male,India,2020-01-21
752,Maria Rottmann,20,Female,US,2020-01-22
753,Michael Roberts,26,Female,US,2020-01-23
754,Claudette White,23,Female,Germany,2020-01-24
755,Shayla Vandergaag,42,Male,Canada,2020-01-25
756,Tandy Ice,48,Male,US,2020-01-26
757,Carol Braunstein,50,Female,India,2020-01-27
758,Joan Waterman,46,Male,UK,2020-01-28
759,Dorothy Brown,43,Female,Canada,2020-01-29
760,Patrick Hambright,21,Female,India,2020-01-30
761,Sharla Soffa,56,Male,Brazil,2020-01-31
762,Hazel Dewberry,51,Female,Brazil,2020-02-01
763,Gerald Bowie,42,Male,Germany,2020-02-02
764,Jim Jones,54,Male,UK,2020-02-03
765,William Chaney,45,Male,Germany,2020-02-04
766,Kathie Austin,19,Male,US,2020-02-05
767,John Mieras,38,Male,India,2020-02-06
768,Richard Black,41,Female,Brazil,2020-02-07
769,Rebbecca Smith,34,Female,India,2020-02-08
770,Steve Bowler,44,Female,Brazil,2020-02-09
771,Dawn Woods,30,Female,Germany,2020-02-10
772,Bambi Lyles,25,Male,UK,2020-02-11
773,Kathy Wood,36,Female,Germany,2020-02-12
774,Raymond Sondag,32,Male,Canada,2020-02-13
775,Kristin Spivey,63,Female,Canada,2020-02-14
776,Nancy Myers,32,Female,Germany,2020-02-15
777,June Torre,25,Male,US,2020-02-16
778,Deborah Hoffman,45,Female,Germany,2020-02-17
779,William Bush,40,Female,UK,2020-02-18
780,Hannah Arakawa,62,Male,Canada,2020-02-19
781,Margaret Winslow,24,Male,India,2020-02-20
782,Amber Beckman,43,Male,US,2020-02-21
783,Theresa Farfan,28,Male,India,2020-02-22
784,Vicki Westgaard,41,Female,Brazil,2020-02-23
785,Donna Strang,20,Male,Canada,2020-02-24
786,Alma Steffen,35,Male,UK,2020-02-25
787,Robert None,39,Male,Germany,2020-02-26
788,Tuesday Windham,30,Male,Brazil,2020-02-27
789,Ingrid Burkhardt,18,Female,Brazil,2020-02-28
790,Janice Jenks,39,Male,India,2020-02-29
791,Janice Wong,39,Female,India,2020-03-01
792,Beth Waskey,23,Female,US,2020-03-02
793,Hortencia Tarr,62,Male,Germany,2020-03-03
794,Sandy Bonnet,28,Female,Canada,2020-03-04
795,Eduardo Godinez,38,Male,Brazil,2020-03-05
796,Tara Pfotenhauer,27,Male,India,2020-03-06
797,Douglas Lechtenberg,36,Female,India,2020-03-07
798,Emerald Fuller,34,Male,Canada,2020-03-08
799,James Carington,34,Male,US,2020-03-09
800,Willie Cochran,62,Female,Germany,2020-03-10
801,Donald Thompson,44,Male,UK,2020-03-11
802,Donna Stehlin,39,Male,US,2020-03-12
803,Jackie Arellano,58,Female,Germany,2020-03-13
804,Stacy Hammond,26,Female,Brazil,2020-03-14
805,Terry Davis,25,Female,Germany,2020-03-15
806,Shannon Wittenberg,36,Male,Canada,2020-03-16
807,Sandra Bowling,28,Male,UK,2020-03-17
808,Harriet Collins,25,Female,Brazil,2020-03-18
809,Louis Boydstun,61,Female,Germany,2020-03-19
810,Susan Crane,27,Female,India,2020-03-20
811,Tom Souders,23,Female,US,2020-03-21
812,Gail Tabb,48,Female,India,2020-03-22
813,Andre Thompson,53,Male,US,2020-03-23
814,Jan Ireland,40,Male,Canada,2020-03-24
815,Duane West,49,Female,UK,2020-03-25
816,Robert Schlup,63,Male,Brazil,2020-03-26
817,David Stockham,21,Female,Brazil,2020-03-27
818,Andrew Stewart,62,Female,Germany,2020-03-28
819,Emma Lou Kruse,52,Female,Germany,2020-03-29
820,Joyce Moore,62,Male,Canada,2020-03-30
821,Donald Reasoner,21,Male,UK,2020-03-31
822,Randee Simmons,27,Female,UK,2020-04-01
823,Myra Van Antwerp,48,Male,Germany,2020-04-02
824,David Robbins,40,Male,UK,2020-04-03
825,James Tye,46,Male,Brazil,2020-04-04
826,Linda Van Pelt,23,Male,US,2020-04-05
827,Brenda Lavery,21,Female,UK,2020-04-06
828,Adam Tschann,40,Female,Canada,2020-04-07
829,Nola Blanco,49,Female,Canada,2020-04-08
830,Particia Guray,24,Female,UK,2020-04-09
831,Dorothy DeVita,60,Male,UK,2020-04-10
832,Ariana Miles,23,Male,UK,2020-04-11
833,Ronald Whitworth,44,Female,UK,2020-04-12
834,David Finley,63,Male,Brazil,2020-04-13
835,Wanda Denecia,26,Female,Canada,2020-04-14
836,Elizabeth Archuleta,31,Female,Brazil,2020-04-15
837,Merrick McCain,58,Male,Canada,2020-04-16
838,Veronika Rose,63,Female,Germany,2020-04-17
839,Stephen Sheffield,30,Female,India,2020-04-18
840,Sara Coffman,34,Male,Brazil,2020-04-19
841,Shirley Holmes,58,Male,UK,2020-04-20
842,Bessie Shelton,36,Female,Brazil,2020-04-21
843,Melvin Carreras,54,Female,Germany,2020-04-22
844,Marie Rose,53,Female,Brazil,2020-04-23
845,Ray Townsend,49,Female,Germany,2020-04-24
846,Joan Bond,60,Male,US,2020-04-25
847,Jan Leopold,58,Male,Canada,2020-04-26
848,Berniece Rafferty,29,Male,US,2020-04-27
849,Steve Wight,50,Male,UK,2020-04-28
850,Mitra Farsai,35,Male,India,2020-04-29
851,Stacey Case,30,Male,Brazil,2020-04-30
852,Catherine Hagae,43,Female,UK,2020-05-01
853,Doris Coldiron,21,Female,UK,2020-05-02
854,Ruth Sands,57,Male,Germany,2020-05-03
855,Fred Tam,30,Female,Germany,2020-05-04
856,Kathryn Secrest,36,Female,UK,2020-05-05
857,Aranda Bussell,56,Male,Germany,2020-05-06
858,Marilyn Uy,47,Female,Germany,2020-05-07
859,Lois Ellis,46,Female,US,2020-05-08
860,Joseph Weger,49,Female,India,2020-05-09
861,Kevin Godoy,49,Female,Canada,2020-05-10
862,Kelly Bufmack,21,Male,UK,2020-05-11
863,Jesse Johnson,38,Male,Brazil,2020-05-12
864,David Ferguson,51,Female,Brazil,2020-05-13
865,Amy Wopperer,35,Female,Canada,2020-05-14
866,Felicia Larsen,59,Female,Brazil,2020-05-15
867,Nicky Chesnut,18,Male,Germany,2020-05-16
868,Dyana Gallagher,27,Female,India,2020-05-17
869,Doris Thurlow,29,Female,Brazil,2020-05-18
870,Clifford Shindelus,42,Female,Germany,2020-05-19
871,Rudy Wiene,62,Female,India,2020-05-20
872,Birdie Hatter,52,Female,Canada,2020-05-21
873,Barbara Stam,50,Female,Brazil,2020-05-22
874,Janice Lenstrom,58,Female,UK,2020-05-23
875,Kay Jones,30,Male,UK,2020-05-24
876,Emyril Vaughn,26,Female,Brazil,2020-05-25
877,Carl Robinson,48,Male,Brazil,2020-05-26
878,Millard Koeber,55,Female,Brazil,2020-05-27
879,Roger Starr,19,Female,UK,2020-05-28
880,Nathan Vij,63,Female,US,2020-05-29
881,Clair Stuart,55,Male,Germany,2020-05-30
882,Diane Anderson,52,Male,UK,2020-05-31
883,"James Werner, Jr.",29,Female,Germany,2020-06-01
884,Amy Wood,31,Female,India,2020-06-02
885,Gene Jahn,31,Female,Brazil,2020-06-03
886,John Brewer,50,Male,Germany,2020-06-04
887,Peter Hatton,62,Female,Canada,2020-06-05
888,William Abravaya,61,Male,UK,2020-06-06
889,Nancy Adams,51,Female,Canada,2020-06-07
890,Patrick Teater,28,Male,India,2020-06-08
891,Jennifer McMasters,38,Female,Canada,2020-06-09
892,Nicole Gibson,22,Male,Brazil,2020-06-10
893,Mark Tilford,27,Female,UK,2020-06-11
894,Larry Rote,50,Male,Canada,2020-06-12
895,Eunice Taylor,42,Male,UK,2020-06-13
896,Jacqueline Pigman,54,Female,UK,2020-06-14
897,Virginia Milner,58,Male,Canada,2020-06-15
898,Rene Walters,36,Female,US,2020-06-16
899,Diane Waterhouse,31,Female,Brazil,2020-06-17
900,Elizabeth Bunn,21,Female,UK,2020-06-18
901,Virginia Stanford,34,Female,UK,2020-06-19
902,Cynthia Abramson,33,Female,Canada,2020-06-20
903,Marilyn Brandenburg,48,Female,Canada,2020-06-21
904,John Bagwell,62,Female,Germany,2020-06-22
905,James Buenning,49,Female,India,2020-06-23
906,Geraldine Lewis,55,Male,Germany,2020-06-24
907,Harold Shepherd,59,Male,UK,2020-06-25
908,Phillip Montoya,31,Female,Canada,2020-06-26
909,Sondra Kerns,35,Male,UK,2020-06-27
910,Mary Brooks,64,Male,India,2020-06-28
911,Mary Mallory,19,Female,India,2020-06-29
912,Nora Schrock,63,Male,UK,2020-06-30
913,John Sobotka,64,Female,UK,2020-07-01
914,John Yemple,48,Male,Germany,2020-07-02
915,Michael Albright,32,Male,US,2020-07-03
916,Milton Morrow,47,Female,Brazil,2020-07-04
917,Jennifer Rehrer,19,Female,Brazil,2020-07-05
918,Mildred Morrow,59,Female,India,2020-07-06
919,Tommy Bagar,22,Female,Germany,2020-07-07
920,Robert Benando,34,Female,Brazil,2020-07-08
921,Linda Fike,30,Female,UK,2020-07-09
922,Shirley Kuhns,21,Female,UK,2020-07-10
923,Bruce Ferguson,18,Female,India,2020-07-11
924,Joan Brett,19,Female,UK,2020-07-12
925,June Corsentino,49,Male,US,2020-07-13
926,John Burns,54,Female,Germany,2020-07-14
927,Steve Montgomery,27,Male,Brazil,2020-07-15
928,Helen Villa,49,Female,Germany,2020-07-16
929,Jackie Ison,58,Female,Brazil,2020-07-17
930,Fred Apodoca,53,Male,India,2020-07-18
931,Herbert Madden,63,Male,UK,2020-07-19
932,Jane Small,39,Female,Canada,2020-07-20
933,Robert Helberg,23,Male,Canada,2020-07-21
934,Wiley Reynolds,21,Female,India,2020-07-22
935,Sandra Edwards,40,Female,US,2020-07-23
936,Foster Detwiler,47,Female,Brazil,2020-07-24
937,Valerie Lipwick,52,Female,US,2020-07-25
938,Martin Cameron,29,Male,US,2020-07-26
939,Jane Wilson,57,Female,Brazil,2020-07-27
940,Dale Wadham,50,Male,UK,2020-07-28
941,Jack Zucconi,36,Male,UK,2020-07-29
942,Joe Beerbaum,55,Male,Germany,2020-07-30
943,Clarence Barnes,31,Male,Germany,2020-07-31
944,Lori Linville,39,Female,UK,2020-08-01
945,Kathryn Sabosky,28,Female,Canada,2020-08-02
946,James Neibaur,41,Female,Canada,2020-08-03
947,Diana Davis,58,Male,UK,2020-08-04
948,Russell Folden,59,Male,India,2020-08-05
949,Joseph Block,50,Male,India,2020-08-06
950,Alan Monitor,31,Male,Germany,2020-08-07
951,Tyler Balsamo,49,Male,US,2020-08-08
952,Edwin Oettel,30,Female,Germany,2020-08-09
953,J. Ryan Carson,38,Male,UK,2020-08-10
954,William Clevenger,58,Female,Brazil,2020-08-11
955,Stacy Williams,52,Female,UK,2020-08-12
956,Opal Kesler,18,Female,Germany,2020-08-13
957,Betty Marilee Cata,27,Female,US,2020-08-14
958,Chris Carson,25,Female,Canada,2020-08-15
959,Bob Carrere,49,Female,UK,2020-08-16
960,Bobby Waksdale,22,Male,UK,2020-08-17
961,Everette Martinez,24,Male,India,2020-08-18
962,Concepcion Durnil,26,Male,India,2020-08-19
963,Frank Pierson,41,Male,US,2020-08-20
964,Elizabeth DuBose,57,Female,Canada,2020-08-21
965,Heather Bick,24,Male,US,2020-08-22
966,Zelda Stone,24,Female,US,2020-08-23
967,Thelma Bray,46,Male,Brazil,2020-08-24
968,Susan Brown,37,Male,US,2020-08-25
969,Dennis Castro,62,Female,Brazil,2020-08-26
970,Kerry Westgaard,64,Female,Germany,2020-08-27
971,Jeffry Rosa,62,Male,US,2020-08-28
972,Andro Son,48,Female,UK,2020-08-29
973,Hilda Visendi,60,Male,UK,2020-08-30
974,Lucy Flowers,23,Male,US,2020-08-31
975,Rita Romo,57,Female,Brazil,2020-09-01
976,Dale Wadham,35,Male,US,2020-09-02
977,Elizabeth Jantzer,28,Male,Brazil,2020-09-03
978,Tom Vanbuskirk,45,Male,Canada,2020-09-04
979,Daphne Combs,22,Male,Brazil,2020-09-05
980,Brian Ames,23,Male,UK,2020-09-06
981,Barbara Butcher,21,Female,India,2020-09-07
982,Deborah Conti,64,Male,Germany,2020-09-08
983,Hillaine Montera,58,Female,India,2020-09-09
984,Gladys Wookey,64,Male,US,2020-09-10
985,Lourette Hanks,26,Female,UK,2020-09-11
986,Dianne Parr,28,Female,Germany,2020-09-12
987,William Sotelo,42,Female,Germany,2020-09-13
988,Mary Auer,59,Female,Brazil,2020-09-14
989,Diana Spence,29,Female,India,2020-09-15
990,Lisa Anderson,27,Female,UK,2020-09-16
991,Josie Mazza,64,Male,Canada,2020-09-17
992,Mark Clark,54,Male,UK,2020-09-18
993,Lenore Yasi,38,Male,Brazil,2020-09-19
994,John Bennetts,24,Female,Germany,2020-09-20
995,Allison Beutel,29,Female,India,2020-09-21
996,Eleanore Schiro,36,Female,Canada,2020-09-22
997,Joseph Carroll,39,Male,UK,2020-09-23
998,Patricia Ahlin,31,Male,Brazil,2020-09-24
999,Biship Russo,52,Female,India,2020-09-25
1000,Deborah Adams,32,Female,UK,2020-09-26
1001,Agnes Smith,28,Female,Canada,2020-09-27
1002,Jennifer Stiles,30,Male,Germany,2020-09-28
1003,James Maher,32,Male,India,2020-09-29
1004,Donna Carreras,32,Female,Brazil,2020-09-30
1005,Lee Clegg,55,Male,UK,2020-10-01
1006,Steve Staggs,54,Male,Brazil,2020-10-02
1007,Dawn Valerio,22,Male,Canada,2020-10-03
1008,Gabriel Brennan,27,Male,India,2020-10-04
1009,James Stevens,22,Female,US,2020-10-05
1010,Barbara Westcott,49,Male,Germany,2020-10-06
1011,Dolores Trahan,40,Female,Germany,2020-10-07
1012,John Van Valin,46,Male,US,2020-10-08
1013,James Watson,61,Female,UK,2020-10-09
1014,Andrea Sanchez,47,Male,India,2020-10-10
1015,Mina Gillespie,63,Female,Germany,2020-10-11
1016,Cheryl Carby,51,Male,US,2020-10-12
1017,Charlie Worthington,43,Female,US,2020-10-13
1018,Scott Panton,32,Female,Germany,2020-10-14
1019,Elmer Coakley,42,Female,Canada,2020-10-15
1020,Veronica Sulkind,20,Male,UK,2020-10-16
1021,Darren Stanz,41,Male,Brazil,2020-10-17
1022,Bertha Colletti,55,Female,Germany,2020-10-18
1023,Michael Andrews,44,Female,US,2020-10-19
1024,Rena Shaw,60,Male,Brazil,2020-10-20
1025,Joseph Waterhouse,60,Female,Canada,2020-10-21
1026,Jane Woods,59,Male,US,2020-10-22
1027,Tuyen Breaux,61,Female,UK,2020-10-23
1028,Mary Beth Bergstrom,44,Male,US,2020-10-24
1029,Chad Neuhauser,30,Male,Brazil,2020-10-25
1030,Kimberly Squires,54,Male,Canada,2020-10-26
1031,Dean Collard,63,Male,India,2020-10-27
1032,Sharon Snodgrass,18,Female,India,2020-10-28
1033,Logan Verrips,55,Female,Germany,2020-10-29
1034,Kristin Comden,62,Female,UK,2020-10-30
1035,Andrew Kobylinski,54,Male,Germany,2020-10-31
1036,Ida Williams,19,Female,UK,2020-11-01
1037,Billy Duran,55,Male,Germany,2020-11-02
1038,Stephanie Olschefski,31,Female,India,2020-11-03
1039,Amanda Svee,24,Male,Brazil,2020-11-04
1040,Matthew Lough,62,Female,Canada,2020-11-05
1041,Tommie Thornburgh,38,Male,UK,2020-11-06
1042,Alma Adams,50,Male,India,2020-11-07
1043,Kathy Amaro,59,Female,UK,2020-11-08
1044,Martha Stranik,47,Male,UK,2020-11-09
1045,Deidre Pugh,21,Female,Canada,2020-11-10
1046,Kimberly Kelley,30,Male,Brazil,2020-11-11
1047,Tamara Heritage,61,Female,Germany,2020-11-12
1048,Jillian Autobee,45,Female,Brazil,2020-11-13
1049,Elizabeth Von Waldegg Ii,23,Female,Brazil,2020-11-14
1050,Carla Bolton,41,Female,Canada,2020-11-15
1051,James Rajasekhar,21,Male,India,2020-11-16
1052,Dorothy Chrisman,36,Male,UK,2020-11-17
1053,Avanelle Ciccone,54,Female,Brazil,2020-11-18
1054,James Leatherman,34,Male,India,2020-11-19
1055,Betty Rollins,54,Male,Canada,2020-11-20
1056,Patricia Goldberg,25,Female,Germany,2020-11-21
1057,Gail Behrendt,57,Male,Germany,2020-11-22
1058,Howard Bostwick,61,Male,UK,2020-11-23
1059,Lonnie Delarber,35,Female,Germany,2020-11-24
1060,Sondra Kerns,56,Male,Canada,2020-11-25
1061,Irene Hernandez,41,Male,UK,2020-11-26
1062,Logan Iano,35,Male,US,2020-11-27
1063,Linda Davidson,32,Male,UK,2020-11-28
1064,Taylor Tam,18,Female,UK,2020-11-29
1065,Cory Elliot,29,Female,Germany,2020-11-30
1066,Marlene Ludvigsen,39,Male,Brazil,2020-12-01
1067,Maria Avis,57,Male,Germany,2020-12-02
1068,Sarah Almeida,37,Female,Germany,2020-12-03
1069,Bettie Pooler,41,Male,Brazil,2020-12-04
1070,Marc Somers,39,Female,Canada,2020-12-05
1071,Matthew Andis,32,Male,Brazil,2020-12-06
1072,Joan Galli,37,Female,Germany,2020-12-07
1073,Karla Rothwell,55,Male,Brazil,2020-12-08
1074,Maya Briggs,61,Female,US,2020-12-09
1075,Susan Zerfas,27,Male,UK,2020-12-10
1076,Daniel Boriskin,38,Female,Germany,2020-12-11
1077,G. Elaine Webb,22,Female,US,2020-12-12
1078,Rebecca Lund,33,Female,US,2020-12-13
1079,Laura Welden,36,Male,UK,2020-12-14
1080,Lindsay Alvarado,48,Male,UK,2020-12-15
1081,Mariann Garcia,40,Male,Brazil,2020-12-16
1082,Laurie Faucette,31,Female,Germany,2020-12-17
1083,Floyd Barton,18,Female,Canada,2020-12-18
1084,Frances Adams,19,Female,Brazil,2020-12-19
1085,Jacqueline Bennett,45,Male,Brazil,2020-12-20
1086,Michael Stohon,20,Male,Canada,2020-12-21
1087,William White,58,Male,Brazil,2020-12-22
1088,Audrey Ahmadzai,36,Female,Canada,2020-12-23
1089,Marie Lucero,61,Female,US,2020-12-24
1090,John Beret,50,Male,Canada,2020-12-25
1091,Sara Griffin,48,Female,Canada,2020-12-26
1092,Johnny Walls,55,Female,Brazil,2020-12-27
1093,Verna Ulmer,39,Male,US,2020-12-28
1094,Kenneth Ramsey,64,Male,Canada,2020-12-29
1095,Jeanne McDill,36,Male,Brazil,2020-12-30
1096,John (Jack) Williams,21,Female,US,2020-12-31
1097,Grace Wiseman,20,Male,UK,2021-01-01
1098,Elizabeth Flores,58,Male,Germany,2021-01-02
1099,Arthur Taborga,51,Male,Brazil,2021-01-03
1100,Christopher Brink,46,Female,US,2021-01-04
1101,Donnyale This,26,Female,Brazil,2021-01-05
1102,Elizabeth DuBose,30,Female,UK,2021-01-06
1103,Ruth Trujillo,45,Female,US,2021-01-07
1104,Theresa Payne,39,Female,US,2021-01-08
1105,Cody Goldey,46,Male,India,2021-01-09
1106,Alex Montes,57,Male,US,2021-01-10
1107,Ruth Ann Trump,30,Female,India,2021-01-11
1108,Henry Kiser,39,Female,Germany,2021-01-12
1109,Marvin Spencer,29,Female,Canada,2021-01-13
1110,Chesney Jaramillo,19,Female,Canada,2021-01-14
1111,Joseph Chambers,49,Female,Canada,2021-01-15
1112,Dustin Wilson,43,Female,Germany,2021-01-16
1113,Pamela Abrams,50,Female,UK,2021-01-17
1114,Robert Rich,50,Male,Canada,2021-01-18
1115,Valerie Hutchinson,32,Female,US,2021-01-19
1116,Winston Barnett,41,Female,Germany,2021-01-20
1117,Margaret Valdez,59,Male,Germany,2021-01-21
1118,Randall Stephens,40,Female,UK,2021-01-22
1119,John Ace,59,Male,Brazil,2021-01-23
1120,Betty Cartwright,33,Male,Brazil,2021-01-24
1121,Carol Butler,35,Female,Germany,2021-01-25
1122,Edna Keane,53,Male,UK,2021-01-26
1123,Jennifer Weber,60,Female,Brazil,2021-01-27
1124,Alice Shipley,51,Male,Canada,2021-01-28
1125,Danita Speicher,45,Male,Germany,2021-01-29
1126,Selina Starkey,36,Male,Canada,2021-01-30
1127,Larry Rote,48,Female,India,2021-01-31
1128,Shad Jones,18,Male,UK,2021-02-01
1129,Teresa Blanc,44,Male,Germany,2021-02-02
1130,Veola Allen,26,Female,Brazil,2021-02-03
1131,Adam Suggett,62,Male,UK,2021-02-04
1132,James Sorenson,62,Female,Canada,2021-02-05
1133,Ricardo Dittemore,28,Male,Brazil,2021-02-06
1134,Greg Kinnaird,24,Female,Germany,2021-02-07
1135,Kenneth Fink,24,Female,Germany,2021-02-08
1136,William Boroff,42,Female,Canada,2021-02-09
1137,Joann Wolfe,37,Male,UK,2021-02-10
1138,Katherine Hilen,29,Male,Germany,2021-02-11
1139,Anna Stephens,56,Female,US,2021-02-12
1140,Brian Jones,35,Male,Brazil,2021-02-13
1141,Silvia Walker,60,Male,UK,2021-02-14
1142,Richard Gandette,39,Male,Germany,2021-02-15
1143,Robert Liggett,62,Female,India,2021-02-16
1144,John Racette,44,Female,Brazil,2021-02-17
1145,Greta Trujillo,51,Female,India,2021-02-18
1146,Bonnie Brinton,30,Female,Canada,2021-02-19
1147,Neal Ingram,38,Female,Germany,2021-02-20
1148,Colleen Bowen,36,Male,Germany,2021-02-21
1149,Susan Arnold,44,Female,India,2021-02-22
1150,Susan Duenas,20,Male,India,2021-02-23
1151,Randel Newsome,42,Female,Canada,2021-02-24
1152,Saskia Teh,59,Male,UK,2021-02-25
1153,Veronica Churchill,19,Male,Germany,2021-02-26
1154,Lynette Bundtzen,18,Male,Brazil,2021-02-27
1155,Ruth Andrada,51,Male,India,2021-02-28
1156,Joseph Henderson,38,Female,US,2021-03-01
1157,Stacy Williams,55,Female,Brazil,2021-03-02
1158,Holly Scott,54,Male,Canada,2021-03-03
1159,Kathleen Garza,32,Male,Brazil,2021-03-04
1160,Chad Osborne,45,Male,Brazil,2021-03-05
1161,Virgie Koon,34,Female,Germany,2021-03-06
1162,Brian Little,39,Female,India,2021-03-07
1163,Felicidad Hart,40,Male,UK,2021-03-08
1164,Milton Collopy,37,Male,Germany,2021-03-09
1165,Mary Jo Fitzgerald,57,Male,US,2021-03-10
1166,Michael Lessum,40,Female,Germany,2021-03-11
1167,Joe. Burnett,37,Male,Brazil,2021-03-12
1168,Lorna Lowery,38,Female,US,2021-03-13
1169,Kerry Doyle,60,Female,UK,2021-03-14
1170,Elena Turkette,63,Female,UK,2021-03-15
1171,Shirley Kuhns,32,Female,US,2021-03-16
1172,Fred Rodriguez,37,Male,Germany,2021-03-17
1173,Ian Schuetz,20,Female,Germany,2021-03-18
1174,Timothy Genova,21,Male,UK,2021-03-19
1175,Jake Albritton,48,Female,Brazil,2021-03-20
1176,Domenic Carlson,35,Female,Canada,2021-03-21
1177,Elizabeth Carter,41,Male,UK,2021-03-22
1178,Earl Taylor,23,Male,Germany,2021-03-23
1179,Kimberley Clark,31,Female,US,2021-03-24
1180,Mary Trent,55,Female,India,2021-03-25
1181,Rosa Reynolds,32,Male,India,2021-03-26
1182,Lona Kahawai,30,Female,US,2021-03-27
1183,Francisca Beard,52,Female,US,2021-03-28
1184,Mark Jenkins,52,Male,Brazil,2021-03-29
1185,Anthony Batten,60,Female,Germany,2021-03-30
1186,Connie Preece,44,Female,India,2021-03-31
1187,Lloyd Saunders,54,Male,Brazil,2021-04-01
1188,Timothy Rice,36,Female,India,2021-04-02
1189,Maria Briganti,42,Male,Canada,2021-04-03
1190,Henry Soto,28,Male,Canada,2021-04-04
1191,Jill Haseman,31,Male,Germany,2021-04-05
1192,Forrest Berg,43,Male,Brazil,2021-04-06
1193,Mayme Carmickle,50,Male,UK,2021-04-07
1194,Maudlyn Bergman,42,Female,UK,2021-04-08
1195,Daphne Todoroff,22,Male,UK,2021-04-09
1196,Rosemarie Ulibarri,51,Female,Germany,2021-04-10
1197,Gordon Kirschner,25,Female,US,2021-04-11
1198,Bertha Verhaus,60,Female,UK,2021-04-12
1199,Donald Abston,56,Male,Canada,2021-04-13
1200,Richard Thomas,57,Female,US,2021-04-14
1201,Paul Miller,31,Male,Canada,2021-04-15
1202,Betti Smith,30,Male,India,2021-04-16
1203,Mae Threet,26,Male,Canada,2021-04-17
1204,Keith Smith,28,Female,Canada,2021-04-18
1205,Michael Houser,25,Male,India,2021-04-19
1206,Sheila Valentino,33,Male,US,2021-04-20
1207,Elizabeth Archuleta,64,Female,Canada,2021-04-21
1208,Betty Rivera,59,Male,US,2021-04-22
1209,Jim Taylor,34,Male,UK,2021-04-23
1210,Audrey Ahmadzai,26,Male,UK,2021-04-24
1211,Doris Meyers,45,Male,Brazil,2021-04-25
1212,R. Dorsch,63,Male,Canada,2021-04-26
1213,Donna Baer,24,Male,Canada,2021-04-27
1214,James Barnurn,59,Female,Germany,2021-04-28
1215,John Stuart,63,Male,Germany,2021-04-29
1216,Betty Setzer,38,Female,Canada,2021-04-30
1217,Sheila Linderman,28,Female,Brazil,2021-05-01
1218,Patricia Burmeister,20,Male,US,2021-05-02
1219,Alice Wrinkle,59,Male,US,2021-05-03
1220,Carlos Weir,20,Female,US,2021-05-04
1221,Sharone Jones,24,Male,India,2021-05-05
1222,Sheryl Struckman,38,Female,UK,2021-05-06
1223,Marlene Bolden,50,Female,US,2021-05-07
1224,Steve White,24,Male,India,2021-05-08
1225,Louise Cassidy,39,Female,Canada,2021-05-09
1226,Henrietta Chalmers,60,Male,UK,2021-05-10
1227,Jeff Hampton,35,Female,Brazil,2021-05-11
1228,Sharon Haddix,51,Male,UK,2021-05-12
1229,Richard Young,23,Female,India,2021-05-13
1230,Ruth Brashears,58,Male,India,2021-05-14
1231,Lora Silvester,55,Male,India,2021-05-15
1232,Brian Heiser,52,Female,Canada,2021-05-16
1233,Carol Ary,25,Male,India,2021-05-17
1234,Sarah Barron,39,Female,Canada,2021-05-18
1235,Camille Skeens,54,Female,Germany,2021-05-19
1236,Paul Marinelli,48,Female,US,2021-05-20
1237,Charlotte Suazo,61,Male,Canada,2021-05-21
1238,Jacinta Navarro,58,Female,US,2021-05-22
1239,Anthony Modlish,53,Female,Germany,2021-05-23
1240,Diana Redmer,19,Female,India,2021-05-24
1241,Vincent Hartman,19,Male,India,2021-05-25
1242,Lucia Colvin,20,Male,Brazil,2021-05-26
1243,Anthony Baldwin,52,Female,Canada,2021-05-27
1244,Taylor Tam,40,Female,India,2021-05-28
1245,"Daniel Bradshaw, Jr.",21,Male,Germany,2021-05-29
1246,Lieselotte Bowley,57,Female,India,2021-05-30
1247,Matthew Smith,42,Female,UK,2021-05-31
1248,Brian Morales,62,Male,Canada,2021-06-01
1249,Edith Wise,53,Male,US,2021-06-02
1250,Sam Wheeler,48,Female,Brazil,2021-06-03
1251,Eddie Sparks,32,Male,India,2021-06-04
1252,Ronald Whitworth,22,Female,US,2021-06-05
1253,Carolyn Trau,58,Male,India,2021-06-06
1254,Rocky Talyat,58,Female,US,2021-06-07
1255,Deborah Hammond,29,Female,Canada,2021-06-08
1256,John Carlozzi,42,Female,Brazil,2021-06-09
1257,Nasrin Hooker,63,Female,Brazil,2021-06-10
1258,Jennifer Maxham,23,Female,Canada,2021-06-11
1259,Lita Brown,45,Male,India,2021-06-12
1260,Ethel Polizzi,40,Female,Canada,2021-06-13
1261,Brian Enrico,56,Male,Canada,2021-06-14
1262,Phyllis Thomas,31,Male,Germany,2021-06-15
1263,Sharon Lynn,19,Male,UK,2021-06-16
1264,Jordan Estep,20,Male,UK,2021-06-17
1265,Virginia Bolton,54,Male,US,2021-06-18
1266,Anna Creager,27,Male,Germany,2021-06-19
1267,Pamela Howard,61,Male,US,2021-06-20
1268,William Mondragon,58,Female,Brazil,2021-06-21
1269,Valen Tanyao,38,Male,Canada,2021-06-22
1270,Soledad Steinmeyer,58,Male,US,2021-06-23
1271,Andrea Bressler,55,Male,India,2021-06-24
1272,Mark Glavaris,22,Male,US,2021-06-25
1273,Laura Frankmore,38,Male,India,2021-06-26
1274,Joseph Warner,19,Male,Canada,2021-06-27
1275,Edward Wolfe,31,Male,India,2021-06-28
1276,Melinda Maltby,63,Female,US,2021-06-29
1277,Lori Sutton,56,Female,UK,2021-06-30
1278,Mary Corsi,46,Male,Brazil,2021-07-01
1279,Jimmie Roldan,22,Male,India,2021-07-02
1280,Gary Unfried,59,Female,Canada,2021-07-03
1281,Catherine Park,37,Female,India,2021-07-04
1282,Raymond Morris,27,Female,Brazil,2021-07-05
1283,Coy Chamberlain,47,Female,US,2021-07-06
1284,Martha Parker,38,Male,Germany,2021-07-07
1285,Susan Kesinger,50,Male,US,2021-07-08
1286,Mike Bauer,26,Male,Canada,2021-07-09
1287,Talmadge Just,60,Male,US,2021-07-10
1288,Evelyn Clay,25,Male,Germany,2021-07-11
1289,Robert Macha,61,Female,India,2021-07-12
1290,Karen Mellema,27,Female,Germany,2021-07-13
1291,Bambi Lyles,21,Female,US,2021-07-14
1292,William Palmieri,58,Female,UK,2021-07-15
1293,Harold Troxel,42,Male,US,2021-07-16
1294,Wilma Thierry,42,Female,Brazil,2021-07-17
1295,Susan Kesinger,20,Female,Germany,2021-07-18
1296,Brandon Metz,49,Male,Germany,2021-07-19
1297,Stephen Weintraub,56,Female,India,2021-07-20
1298,Beverly Pearson,55,Female,Canada,2021-07-21
1299,Barry Tiller,33,Female,Brazil,2021-07-22
1300,Patrice Kight,23,Male,Germany,2021-07-23
1301,Katrina Isham,50,Female,Canada,2021-07-24
1302,June Conness,57,Male,UK,2021-07-25
1303,Bruce Chacon,62,Male,Germany,2021-07-26
1304,John Chase,30,Male,Canada,2021-07-27
1305,Gina Kerbel,62,Male,UK,2021-07-28
1306,Roxanne Hughes,55,Male,US,2021-07-29
1307,Eduardo Godinez,20,Male,US,2021-07-30
1308,Nic Carothers,29,Male,UK,2021-07-31
1309,Jose Ogden,38,Female,Canada,2021-08-01
1310,Stacie Stowe,19,Male,Brazil,2021-08-02
1311,Karen Spevack,63,Male,Germany,2021-08-03
1312,Jennifer Norick,34,Male,India,2021-08-04
1313,Evelyn Coursey,60,Female,UK,2021-08-05
1314,Margot Freeman,62,Female,UK,2021-08-06
1315,Bowan Roger,48,Female,Brazil,2021-08-07
1316,Jerry Mills,59,Female,Canada,2021-08-08
1317,Carol Tancredy,34,Male,UK,2021-08-09
1318,April Latham,23,Male,Canada,2021-08-10
1319,Eric Alipranti,19,Male,UK,2021-08-11
1320,Regina Albritton,20,Male,US,2021-08-12
1321,Dorothy Sullivan,53,Male,Brazil,2021-08-13
1322,Vivian Black,28,Male,Canada,2021-08-14
1323,Karissa Faust,20,Male,Germany,2021-08-15
1324,Barbara Doll,38,Female,Germany,2021-08-16
1325,Allison Degraaf,52,Female,Canada,2021-08-17
1326,Larry Weeks,23,Female,India,2021-08-18
1327,Sam Silhanek,18,Female,Brazil,2021-08-19
1328,Sharon Zani,60,Male,Germany,2021-08-20
1329,John Banks,43,Male,Canada,2021-08-21
1330,Donald Barrier,61,Female,India,2021-08-22
1331,Pax Marsan,52,Male,US,2021-08-23
1332,Lloyd Simpson,37,Female,UK,2021-08-24
1333,Will Landrum,55,Female,Canada,2021-08-25
1334,Bernard Voerge,20,Female,India,2021-08-26
1335,Diane Yah,25,Male,Germany,2021-08-27
1336,Kassandra Fehrle,40,Male,India,2021-08-28
1337,Andrew Swift,46,Male,Germany,2021-08-29
1338,Heather Blasinski,61,Female,Brazil,2021-08-30
1339,Dorothy Weidoff,49,Male,Canada,2021-08-31
1340,Alma Shelton,38,Female,US,2021-09-01
1341,Jessie Valerio,48,Female,Canada,2021-09-02
1342,Elizabeth Bryson,60,Male,Canada,2021-09-03
1343,Clinton Hulette,47,Male,India,2021-09-04
1344,Peggy Cornelison,24,Female,US,2021-09-05
1345,Rina Wright,58,Male,Canada,2021-09-06
1346,John Cartwright,33,Female,Brazil,2021-09-07
1347,Mark Barr,20,Female,UK,2021-09-08
1348,Peter Jones,59,Male,India,2021-09-09
1349,Katherine Cholewa,21,Female,US,2021-09-10
1350,Keith Clyne,42,Male,Brazil,2021-09-11
1351,Hazel Marsh,26,Male,Canada,2021-09-12
1352,Josef Gentile,42,Female,Brazil,2021-09-13
1353,Clinton Hulette,57,Female,UK,2021-09-14
1354,Elaine Mceahern,48,Female,Canada,2021-09-15
1355,Roy Ronge,21,Female,US,2021-09-16
1356,Ann Howard,32,Male,Germany,2021-09-17
1357,Vincent Gradishar,38,Male,UK,2021-09-18
1358,Tamara Beveridge,62,Female,Canada,2021-09-19
1359,Birgitta Smalley,43,Male,Brazil,2021-09-20
1360,June Green,51,Male,Canada,2021-09-21
1361,Sara Smith,64,Female,UK,2021-09-22
1362,James Rajasekhar,30,Female,Germany,2021-09-23
1363,John Vanzwol,48,Female,Brazil,2021-09-24
1364,Barbara Duncan,32,Female,Brazil,2021-09-25
1365,Helen Brouillet,22,Female,US,2021-09-26
1366,Denise Clark,41,Male,India,2021-09-27
1367,Dolly Dolph,40,Male,Brazil,2021-09-28
1368,Eddie Sparks,23,Male,US,2021-09-29
1369,Arabelle Gardner,59,Male,Brazil,2021-09-30
1370,Fred Zimmerman,44,Male,Germany,2021-10-01
1371,Stanley Boston,51,Female,India,2021-10-02
1372,Cecil Stone,31,Male,US,2021-10-03
1373,Marvin Wheeler,32,Female,Germany,2021-10-04
1374,Peter Ciccone,39,Male,India,2021-10-05
1375,Vikki Barclay,41,Female,US,2021-10-06
1376,Linda Alexander,23,Female,Germany,2021-10-07
1377,Roslyn Jasper,33,Male,Canada,2021-10-08
1378,Tommy Tullos,27,Male,US,2021-10-09
1379,Michael Stamison,30,Female,UK,2021-10-10
1380,Zachary French,42,Female,India,2021-10-11
1381,David Woods,64,Male,Canada,2021-10-12
1382,Bonnie Pearl,39,Female,India,2021-10-13
1383,Randee Simmons,29,Male,India,2021-10-14
1384,Henrietta Simmons,29,Female,UK,2021-10-15
1385,Florence Tabor,26,Male,US,2021-10-16
1386,Mary Sloan,43,Male,US,2021-10-17
1387,Greg Morgan,48,Male,Germany,2021-10-18
1388,Gene Cole,59,Female,Germany,2021-10-19
1389,Joy McCormick,58,Female,India,2021-10-20
1390,Kathleen Garza,26,Female,Brazil,2021-10-21
1391,Joe Haney,63,Male,UK,2021-10-22
1392,Vera Emenhiser,23,Female,Germany,2021-10-23
1393,Alice Warner,50,Female,Germany,2021-10-24
1394,David Walker,33,Female,Canada,2021-10-25
1395,Kathy Mausner,62,Male,US,2021-10-26
1396,John Monteith,40,Female,Brazil,2021-10-27
1397,Carol Letson,28,Male,India,2021-10-28
1398,Maria Taylor,30,Female,India,2021-10-29
1399,Kelly Ambrosine,42,Male,Brazil,2021-10-30
1400,Scott Bach,63,Female,UK,2021-10-31
1401,Kristy Seward,28,Male,US,2021-11-01
1402,Sharon Zikria,19,Female,Germany,2021-11-02
1403,Kathie Matuga,42,Female,India,2021-11-03
1404,Dion Franklin,46,Male,Brazil,2021-11-04
1405,Ariel Netz,24,Male,Brazil,2021-11-05
1406,Larry Smith,32,Female,Germany,2021-11-06
1407,Tom Wilson,55,Male,Canada,2021-11-07
1408,Karen Snyder,59,Male,Canada,2021-11-08
1409,Sandra Watkins,63,Female,UK,2021-11-09
1410,Wendy Jenkins,64,Female,Germany,2021-11-10
1411,Tiffany Miller,45,Female,India,2021-11-11
1412,Bryan White,26,Female,Germany,2021-11-12
1413,James Dietz,55,Female,Brazil,2021-11-13
1414,Karen Villani,32,Male,UK,2021-11-14
1415,Silas Zocchi,43,Male,Brazil,2021-11-15
1416,Mimi Springer,47,Male,Canada,2021-11-16
1417,Douglas Strong,21,Male,Brazil,2021-11-17
1418,Patti Zimmerman,44,Female,US,2021-11-18
1419,Richard (Chris) Wolski,54,Female,India,2021-11-19
1420,Belinda Arrowsmith,33,Female,Canada,2021-11-20
1421,Arlis (Billie) MacDougal,41,Female,UK,2021-11-21
1422,Coba Dorland,22,Female,UK,2021-11-22
1423,Emily Rewinkel,63,Female,Germany,2021-11-23
1424,Maryann Begley,22,Female,Canada,2021-11-24
1425,Margie Bogaert,43,Male,Brazil,2021-11-25
1426,Robert Jones,29,Female,Brazil,2021-11-26
1427,Mark Varney,55,Female,UK,2021-11-27
1428,Robert Sims,40,Female,UK,2021-11-28
1429,Carol Letson,44,Female,Germany,2021-11-29
1430,Kevin Genara,41,Male,Canada,2021-11-30
1431,Jarrell Benton,50,Female,UK,2021-12-01
1432,Marin Bezic,22,Female,Brazil,2021-12-02
1433,Carolyn Antrim,59,Male,Brazil,2021-12-03
1434,John Judiscak,51,Female,UK,2021-12-04
1435,Frank Ayala,40,Male,UK,2021-12-05
1436,Eric Soto,61,Male,India,2021-12-06
1437,Mary Tate,36,Female,US,2021-12-07
1438,Erica Phelps,45,Female,Germany,2021-12-08
1439,Ariel Netz,62,Female,UK,2021-12-09
1440,Elmer Zablah,54,Male,Brazil,2021-12-10
1441,Joseph Schofield,31,Female,India,2021-12-11
1442,Carol Sinclair,53,Female,US,2021-12-12
1443,William Wong,64,Male,Brazil,2021-12-13
1444,Betty Christmas,64,Male,India,2021-12-14
1445,Mike Cole,21,Female,UK,2021-12-15
1446,Tyler Calicura,55,Male,Brazil,2021-12-16
1447,Kittie Butler,55,Female,Brazil,2021-12-17
1448,Cynthia Brown,19,Male,Brazil,2021-12-18
1449,Morris Caffano,34,Female,Brazil,2021-12-19
1450,Bessie Contreras,23,Male,Canada,2021-12-20
1451,Beatrice Lilley,20,Male,Germany,2021-12-21
1452,Kim Plambeck,63,Female,Germany,2021-12-22
1453,Lenore McNichols,63,Female,India,2021-12-23
1454,Karren Burkhardt,44,Male,Brazil,2021-12-24
1455,Robert Bains,28,Female,UK,2021-12-25
1456,Nancy Eggleston,19,Female,Germany,2021-12-26
1457,Jerry Marthay,20,Female,UK,2021-12-27
1458,Joan Staley,39,Male,India,2021-12-28
1459,Howard Bostwick,36,Male,US,2021-12-29
1460,Elizabeth Bailey,59,Female,UK,2021-12-30
1461,John Robey,35,Female,India,2021-12-31
1462,Linda Scharf,18,Female,US,2022-01-01
1463,Grace McLaughlin,42,Male,India,2022-01-02
1464,Claudia Murray,31,Female,US,2022-01-03
1465,Marilyn Hansen,40,Female,UK,2022-01-04
1466,Deborah Payne,48,Female,Germany,2022-01-05
1467,Harriet Cabezzaslacayo,55,Female,UK,2022-01-06
1468,Marguerite Pacheco,22,Female,Germany,2022-01-07
1469,Mary Jean Cochran,57,Male,Germany,2022-01-08
1470,Lori Folga,58,Female,Brazil,2022-01-09
1471,Michael Brackett,41,Male,US,2022-01-10
1472,Helen Huck,39,Male,Canada,2022-01-11
1473,Patrick Gabbard,57,Male,Brazil,2022-01-12
1474,Harold Chapman,28,Female,Germany,2022-01-13
1475,Sarah Hicks,54,Male,Brazil,2022-01-14
1476,Ken Ross,62,Male,Canada,2022-01-15
1477,Charles Beaty,38,Female,US,2022-01-16
1478,Rena Klinger,21,Male,US,2022-01-17
1479,Vance Beaulieu,36,Male,Canada,2022-01-18
1480,William Bryan,36,Male,India,2022-01-19
1481,Fraidon Morris,56,Female,India,2022-01-20
1482,Lawrence Bacon,34,Male,Canada,2022-01-21
1483,Rafael Wright,61,Male,India,2022-01-22
1484,Leila Bennett,27,Female,Brazil,2022-01-23
1485,Susan Papir,46,Female,UK,2022-01-24
1486,James Costello,31,Male,Germany,2022-01-25
1487,Nadine Smith,63,Female,Germany,2022-01-26
1488,Marvin Spencer,28,Male,Canada,2022-01-27
1489,Pilar Pontius,27,Female,UK,2022-01-28
1490,Mary Hurley,37,Female,Brazil,2022-01-29
1491,Joyce Martinez,61,Female,Brazil,2022-01-30
1492,Barton Rose,55,Male,Canada,2022-01-31
1493,Chris Phoenix,29,Male,India,2022-02-01
1494,Deirdre Belcher,52,Male,Brazil,2022-02-02
1495,Diana Stanton,36,Male,Canada,2022-02-03
1496,Tammy Wilkinson,19,Male,US,2022-02-04
1497,Leslie Appelhans,56,Male,Canada,2022-02-05
1498,Richard Titus,59,Female,Brazil,2022-02-06
1499,Julie Staton,41,Male,UK,2022-02-07
1500,Donald Pucell,39,Male,Brazil,2022-02-08
1501,Michael Brocca,29,Female,UK,2022-02-09
1502,Edmund Brooks,49,Male,US,2022-02-10
1503,William De Gree,51,Female,Germany,2022-02-11
1504,Margret Perez,56,Male,US,2022-02-12
1505,Robert Stedillie,27,Female,UK,2022-02-13
1506,Harriet Brooks,64,Female,Germany,2022-02-14
1507,Brian Chen,44,Male,UK,2022-02-15
1508,Sue Anthony,59,Female,UK,2022-02-16
1509,Jessica Dugan,49,Male,Germany,2022-02-17
1510,Richard Wellington,57,Female,Germany,2022-02-18
1511,Kathy Lopez,35,Female,Canada,2022-02-19
1512,Eric Hallstrand,33,Male,US,2022-02-20
1513,William Miller,48,Male,Germany,2022-02-21
1514,James Carington,56,Female,UK,2022-02-22
1515,Ruth Bradley,42,Female,UK,2022-02-23
1516,Ann Morreale,23,Male,Germany,2022-02-24
1517,Martin Steel,55,Female,Canada,2022-02-25
1518,Christopher Wiers,24,Male,UK,2022-02-26
1519,Timothy Cook,57,Female,India,2022-02-27
1520,Jerome Walcott,21,Male,Germany,2022-02-28
1521,Danita Speicher,36,Female,UK,2022-03-01
1522,Nancy Frost,19,Female,US,2022-03-02
1523,Jennie Benjoseph,41,Male,Brazil,2022-03-03
1524,Donald Marinello,62,Female,India,2022-03-04
1525,Ronald Tucker,62,Female,India,2022-03-05
1526,William Leeburg,35,Male,US,2022-03-06
1527,Julia Cahling,20,Male,Brazil,2022-03-07
1528,Angela Jackson,42,Male,US,2022-03-08
1529,Julia Kramer,50,Female,Brazil,2022-03-09
1530,Nicholas Krapfl,60,Male,Germany,2022-03-10
1531,Kathleen Kompus,22,Female,UK,2022-03-11
1532,Barbara Weller,41,Male,Canada,2022-03-12
1533,Janice King,53,Male,UK,2022-03-13
1534,Maya Gutierrez,51,Female,India,2022-03-14
1535,Vera Hickerson,54,Male,Brazil,2022-03-15
1536,Theresa Payne,44,Female,US,2022-03-16
1537,Dora Frank,39,Male,Canada,2022-03-17
1538,Betty Wilson,25,Male,India,2022-03-18
1539,Ahmadzai Sandoval,37,Male,UK,2022-03-19
1540,Richard Duncan,54,Male,UK,2022-03-20
1541,John Williamson,39,Male,India,2022-03-21
1542,Karen Brown,61,Female,Brazil,2022-03-22
1543,Mark Kinney,19,Male,Germany,2022-03-23
1544,Charles Adler,57,Male,Germany,2022-03-24
1545,Glenn Chenault,18,Female,Brazil,2022-03-25
1546,Ray Hull,37,Male,UK,2022-03-26
1547,Linton Davis,25,Female,UK,2022-03-27
1548,Alexander Calligan,54,Female,US,2022-03-28
1549,Sali Belleci,49,Female,India,2022-03-29
1550,Linda Bailey,29,Female,US,2022-03-30
1551,Tyler Vaisnor,47,Male,Germany,2022-03-31
1552,Stephanie Wood,31,Male,India,2022-04-01
1553,Virginia Gutierrez,62,Male,UK,2022-04-02
1554,Katherine Cecchini,21,Female,UK,2022-04-03
1555,Lee Clegg,56,Male,Germany,2022-04-04
1556,Jeffrey Whitehead,64,Female,Germany,2022-04-05
1557,Veena Crump,23,Male,Germany,2022-04-06
1558,Michael Handsaker,30,Female,India,2022-04-07
1559,Carol Tusting,23,Male,India,2022-04-08
1560,Eric Alipranti,21,Male,Canada,2022-04-09
1561,Tamara Heritage,26,Male,Canada,2022-04-10
1562,Agustin Roush,57,Female,UK,2022-04-11
1563,Dale Ucti,61,Male,US,2022-04-12
1564,Marjorie Clark,45,Male,Germany,2022-04-13
1565,Wathalee Steuber,29,Female,Germany,2022-04-14
1566,Hazel Souza,64,Female,India,2022-04-15
1567,Samantha Weller,43,Male,US,2022-04-16
1568,John Spinks,42,Female,Brazil,2022-04-17
1569,Francis Bradshaw,41,Male,Canada,2022-04-18
1570,Cheryl Lyons,41,Male,Canada,2022-04-19
1571,Audrey Wold,52,Male,Canada,2022-04-20
1572,Richard Winter,43,Female,Canada,2022-04-21
1573,Thomas Adler,43,Male,Germany,2022-04-22
1574,Ann Simmons,57,Female,US,2022-04-23
1575,Evelyn Delvanti,38,Female,Canada,2022-04-24
1576,David Pegg,52,Male,India,2022-04-25
1577,Diane Biondo,49,Male,UK,2022-04-26
1578,Zeev Mestaz,48,Female,India,2022-04-27
1579,Darroll Loomer,40,Female,UK,2022-04-28
1580,Connie Chauvin,35,Female,Germany,2022-04-29
1581,Donna Arnold,30,Male,Germany,2022-04-30
1582,Lynn Stam,41,Female,Canada,2022-05-01
1583,Alena Burton,53,Female,UK,2022-05-02
1584,Phyllis Martinez,25,Male,Germany,2022-05-03
1585,Ron Carbone,30,Male,Germany,2022-05-04
1586,Bobbie Williams,43,Male,UK,2022-05-05
1587,Debbie Turcios,53,Female,UK,2022-05-06
1588,Chuck Stengel,31,Male,India,2022-05-07
1589,Kevin Genara,57,Female,UK,2022-05-08
1590,Kerry Fitzgerald,63,Female,US,2022-05-09
1591,Diana Spence,34,Male,Brazil,2022-05-10
1592,Billie Debekker,49,Female,US,2022-05-11
1593,Patti Ives,19,Female,US,2022-05-12
1594,Sherry Carter,54,Female,Germany,2022-05-13
1595,Kim Leming,38,Female,Brazil,2022-05-14
1596,Ronald Archie,29,Male,Germany,2022-05-15
1597,Pamela Thesing,36,Female,Germany,2022-05-16
1598,Ken Sparkman,22,Male,UK,2022-05-17
1599,Blaise Moody,51,Female,Brazil,2022-05-18
1600,Masako King,62,Male,US,2022-05-19
1601,Rita Polley,62,Female,Germany,2022-05-20
1602,Tami Turnbloom,35,Female,Canada,2022-05-21
1603,Murray Van Hoboken,22,Female,Brazil,2022-05-22
1604,Janet Marmaro,40,Female,India,2022-05-23
1605,Nancy Roberson,62,Female,UK,2022-05-24
1606,William Stadfey,33,Female,Canada,2022-05-25
1607,Edward Hatton,22,Male,Canada,2022-05-26
1608,Mari Caldwell,47,Female,US,2022-05-27
1609,James Clark,32,Male,Germany,2022-05-28
1610,Mildred Whitson,21,Female,UK,2022-05-29
1611,Richard Gandette,18,Male,Canada,2022-05-30
1612,Jodi Smith,61,Male,UK,2022-05-31
1613,Joan Archibald,29,Male,UK,2022-06-01
1614,Darleen Purcell,46,Female,UK,2022-06-02
1615,Marie Ord,41,Female,US,2022-06-03
1616,Nanette Richards,39,Female,Canada,2022-06-04
1617,Patta Swishoff,50,Female,Germany,2022-06-05
1618,Walter Romero,24,Female,Brazil,2022-06-06
1619,Jeff Quinn,23,Male,India,2022-06-07
1620,Dieter Pesonen,57,Male,UK,2022-06-08
1621,Frank Hughey,21,Male,Brazil,2022-06-09
1622,Mary Bottarini,57,Male,India,2022-06-10
1623,Hilary Pomeroy,26,Male,US,2022-06-11
1624,Leslie McClelland,45,Male,India,2022-06-12
1625,Barbara Combs,34,Female,Canada,2022-06-13
1626,Linda Van Pelt,44,Male,India,2022-06-14
1627,Alexandro Mattson,24,Male,India,2022-06-15
1628,David Velez,39,Male,India,2022-06-16
1629,Matt Carroll,23,Male,India,2022-06-17
1630,Masako King,18,Female,India,2022-06-18
1631,Ann Jourdenais,22,Female,US,2022-06-19
1632,Paula Taylor,20,Female,India,2022-06-20
1633,Johann Winternitz,32,Female,UK,2022-06-21
1634,Catherine Turnwall,55,Female,US,2022-06-22
1635,Wanda Kenney,62,Female,India,2022-06-23
1636,Jamie Agnew,39,Male,UK,2022-06-24
1637,Starla Duplin,58,Male,Canada,2022-06-25
1638,Janice Yates,34,Female,UK,2022-06-26
1639,June Williams,57,Male,Germany,2022-06-27
1640,Linda DeHaven,31,Male,Brazil,2022-06-28
1641,Catherine Hammond,42,Male,Germany,2022-06-29
1642,Jo Ellen Espinoza,51,Male,UK,2022-06-30
1643,Frederick Stanley,35,Female,Brazil,2022-07-01
1644,David Bartness,63,Male,US,2022-07-02
1645,Kathy Loyer,21,Male,US,2022-07-03
1646,Peter Grimm,62,Male,Canada,2022-07-04
1647,Zenin Sussman,50,Male,Canada,2022-07-05
1648,Adeline Chun,55,Female,Germany,2022-07-06
1649,Michael Gates,54,Male,US,2022-07-07
1650,Daphne Combs,34,Male,UK,2022-07-08
1651,Frank Bush,20,Male,Brazil,2022-07-09
1652,Donna Ragland,41,Male,Canada,2022-07-10
1653,Norman Torres,26,Male,Brazil,2022-07-11
1654,Kathy Nolen,36,Female,Germany,2022-07-12
1655,Frances Anthony,59,Male,India,2022-07-13
1656,Chung Yu Leigh,24,Male,Brazil,2022-07-14
1657,Barton Rose,54,Female,Brazil,2022-07-15
1658,James Hays,51,Male,US,2022-07-16
1659,Barbara Blackburn,41,Male,UK,2022-07-17
1660,William Werschay,60,Female,India,2022-07-18
1661,Tyler Voerge,53,Female,US,2022-07-19
1662,Michael St. Peter,23,Male,India,2022-07-20
1663,Harriet Collins,22,Female,India,2022-07-21
1664,Bill Sarne,22,Male,UK,2022-07-22
1665,Frank Bush,38,Female,Germany,2022-07-23
1666,Danny Turpin,51,Male,Brazil,2022-07-24
1667,Katherine Hester,47,Female,UK,2022-07-25
1668,James Oakley,42,Male,Germany,2022-07-26
1669,Robert Johnston,22,Male,US,2022-07-27
1670,Albert Rhodes,64,Male,India,2022-07-28
1671,Deborah McGill,64,Male,UK,2022-07-29
1672,Jacqueline Wessels,25,Male,Germany,2022-07-30
1673,Louis Phillips,44,Male,US,2022-07-31
1674,Glenn Haddock,60,Male,UK,2022-08-01
1675,Martha Stranik,20,Female,Canada,2022-08-02
1676,Joanne Modecker,34,Female,India,2022-08-03
1677,Davis Wilson,32,Female,Germany,2022-08-04
1678,Kristina Benigar,23,Male,Brazil,2022-08-05
1679,Vena Khong,39,Female,US,2022-08-06
1680,Peter Grimm,34,Female,Canada,2022-08-07
1681,Paul Provencio,56,Male,US,2022-08-08
1682,Jerome Lane,38,Male,UK,2022-08-09
1683,Dallas Bagdis,64,Male,India,2022-08-10
1684,Harriet Davis,34,Male,Germany,2022-08-11
1685,Marjorie Callahan,38,Female,Brazil,2022-08-12
1686,Aaron Keane,39,Female,UK,2022-08-13
1687,Mimi Worsham,26,Male,Germany,2022-08-14
1688,Anna-lee Pope,28,Male,Canada,2022-08-15
1689,Sandra Woodward,55,Female,US,2022-08-16
1690,Rose Germanson,44,Female,Brazil,2022-08-17
1691,Curtis Pollard,22,Female,India,2022-08-18
1692,Gracia Tuell,58,Male,India,2022-08-19
1693,Curt Weaver,49,Male,UK,2022-08-20
1694,Robyn Phillips,61,Male,US,2022-08-21
1695,David Finley,63,Male,Germany,2022-08-22
1696,Nell Cole,22,Female,UK,2022-08-23
1697,Lorraine Mays,48,Male,India,2022-08-24
1698,Jason Messicci,25,Male,Brazil,2022-08-25
1699,Miguel Jackson,31,Male,Canada,2022-08-26
1700,Pamela Walden,61,Male,Canada,2022-08-27
1701,Wendy Hawkins,31,Female,UK,2022-08-28
1702,Paul Wolfe,40,Female,US,2022-08-29
1703,John Hurst,24,Male,Brazil,2022-08-30
1704,Vannessa Melle,49,Female,Germany,2022-08-31
1705,Peggy Petty,47,Female,Germany,2022-09-01
1706,Sarah Moore,48,Male,Germany,2022-09-02
1707,Dorothy Roach,40,Male,Germany,2022-09-03
1708,Cassandra Yazdani,33,Female,Germany,2022-09-04
1709,Mark Blackburn,41,Female,India,2022-09-05
1710,Eduardo Godinez,51,Female,Germany,2022-09-06
1711,Sharon Haddix,32,Female,Canada,2022-09-07
1712,Lynn Alvarez,18,Male,Germany,2022-09-08
1713,Catherine Benallich,37,Female,Germany,2022-09-09
1714,Kathy Sandblom,29,Male,UK,2022-09-10
1715,Ned Tiffany,44,Male,UK,2022-09-11
1716,Mary Sloan,30,Female,India,2022-09-12
1717,Anne Silva,42,Female,Germany,2022-09-13
1718,Anthony Ball,63,Female,UK,2022-09-14
1719,Tamara Beveridge,31,Female,India,2022-09-15
1720,Claudia Barger,21,Male,UK,2022-09-16
1721,Lawrence Hale,55,Female,Canada,2022-09-17
1722,Andrew Stetler,54,Female,US,2022-09-18
1723,Dorothy Hensley,21,Male,Brazil,2022-09-19
1724,H. Virginia Vandiver,46,Male,Brazil,2022-09-20
1725,Virginia Weiss,19,Female,Brazil,2022-09-21
1726,Barbara Craig,29,Male,Germany,2022-09-22
1727,Leigha Van Buskirk,35,Female,India,2022-09-23
1728,Helen Henry,27,Female,Germany,2022-09-24
1729,Craig Wilson,27,Female,Canada,2022-09-25
1730,Vincent Stiles,54,Male,UK,2022-09-26
1731,Kristy Maloney,64,Female,Germany,2022-09-27
1732,Guy Smith,49,Male,India,2022-09-28
1733,Henrietta Simmons,43,Female,Canada,2022-09-29
1734,Kathy Tran,42,Male,Germany,2022-09-30
1735,Brenda Tato,22,Male,Brazil,2022-10-01
1736,Katherine Cecchini,43,Female,US,2022-10-02
1737,Doris Valenti,41,Male,Canada,2022-10-03
1738,Mark Barr,19,Female,US,2022-10-04
1739,Rita Vigil,36,Male,US,2022-10-05
1740,Joseph Wright III,59,Male,Brazil,2022-10-06
1741,Bonnie Aiello,36,Male,Germany,2022-10-07
1742,Debbie Segura,27,Female,UK,2022-10-08
1743,Frances Pritts,60,Female,Germany,2022-10-09
1744,Ella Ferris,19,Male,Germany,2022-10-10
1745,Aaron Carabellos,43,Male,Brazil,2022-10-11
1746,Chris Batouche,30,Male,Brazil,2022-10-12
1747,Debora Shepard,62,Male,US,2022-10-13
1748,Charles Munoz,55,Male,UK,2022-10-14
1749,Samantha Alcon,60,Male,UK,2022-10-15
1750,Betty Goble,23,Male,UK,2022-10-16
1751,Peggy Petty,49,Female,Germany,2022-10-17
1752,Cheryl Lancaster,19,Female,Canada,2022-10-18
1753,Mary Anne Watts,50,Female,US,2022-10-19
1754,Frances Creech,19,Female,Canada,2022-10-20
1755,Joy Rivkin,58,Female,Germany,2022-10-21
1756,Gina Wilson,62,Female,Brazil,2022-10-22
1757,Randy Puchalla,36,Female,Brazil,2022-10-23
1758,Andrew Fahlenkamp,60,Female,US,2022-10-24
1759,Rose Proctor,36,Female,Brazil,2022-10-25
1760,Larry Gray,61,Female,Brazil,2022-10-26
1761,Mari Paulsen,43,Male,Brazil,2022-10-27
1762,Sarah Barron,26,Female,US,2022-10-28
1763,Blade Tyree,44,Female,US,2022-10-29
1764,Rebecca Alvarez,59,Male,India,2022-10-30
1765,Geneva Burkhardt,33,Male,Germany,2022-10-31
1766,Kris Stand,53,Male,Brazil,2022-11-01
1767,Felipe Triolo,50,Male,Germany,2022-11-02
1768,Catherine Turnwall,24,Male,India,2022-11-03
1769,Gregory Westall,51,Male,US,2022-11-04
1770,Milton Collopy,19,Male,Canada,2022-11-05
1771,Stanley Bellifa,58,Male,US,2022-11-06
1772,Michael Cellini,40,Female,Canada,2022-11-07
1773,Joe Stafford,48,Female,Germany,2022-11-08
1774,John Gannon,38,Female,Germany,2022-11-09
1775,Louise Klunder,25,Male,Germany,2022-11-10
1776,Leonard Pershin,39,Female,India,2022-11-11
1777,Ted Cogswell,30,Male,UK,2022-11-12
1778,Ginine Powers,28,Male,US,2022-11-13
1779,Ruby Sue Styles,19,Male,UK,2022-11-14
1780,Ryan Ward,56,Male,UK,2022-11-15
1781,Sharon Casey,41,Female,India,2022-11-16
1782,David Trolen,53,Male,Canada,2022-11-17
1783,Michael Burgh,43,Male,Canada,2022-11-18
1784,Edie Horbach,35,Female,UK,2022-11-19
1785,Jack Castillo,43,Male,Brazil,2022-11-20
1786,Patricia Andie Wanlass,59,Male,US,2022-11-21
1787,Dorothy Adams,43,Male,UK,2022-11-22
1788,Ed Weaber,19,Female,Brazil,2022-11-23
1789,Tom Vanbuskirk,28,Male,Germany,2022-11-24
1790,Raymond Claverie,48,Male,UK,2022-11-25
1791,Eloise Visperas,61,Female,Germany,2022-11-26
1792,Daniel Posey,24,Female,UK,2022-11-27
1793,Norma Avila,40,Female,India,2022-11-28
1794,Clara Till,22,Female,India,2022-11-29
1795,Ellen Allen,49,Female,Brazil,2022-11-30
1796,Ellen Waits,45,Male,India,2022-12-01
1797,Ann Toke,27,Male,UK,2022-12-02
1798,Melanie Snow,30,Female,Brazil,2022-12-03
1799,Theresa Sumbler,35,Male,Germany,2022-12-04
1800,Richard Aparisio,33,Female,Canada,2022-12-05
1801,Terri Burke,43,Male,UK,2022-12-06
1802,Jimmy King,30,Female,India,2022-12-07
1803,Richard Belding,54,Female,Germany,2022-12-08
1804,Katherine McClure,18,Male,India,2022-12-09
1805,Lori Gigandet,59,Female,Germany,2022-12-10
1806,Dorothy Contreras,24,Male,US,2022-12-11
1807,Ethan Bunosky,20,Male,Germany,2022-12-12
1808,Shawnda Stith,44,Male,US,2022-12-13
1809,Robert Stotka,35,Male,UK,2022-12-14
1810,Matthew Wallace,49,Male,UK,2022-12-15
1811,Anna Wurick,45,Male,US,2022-12-16
1812,H. Virginia Vandiver,45,Female,Brazil,2022-12-17
1813,Clare Lopez,18,Male,Canada,2022-12-18
1814,Rhoda Blackstock,25,Male,India,2022-12-19
1815,Pamela Smith,21,Female,Germany,2022-12-20
1816,Patricia Campbell,56,Female,Brazil,2022-12-21
1817,Patrick Gabbard,60,Male,India,2022-12-22
1818,Dick Murray,31,Male,India,2022-12-23
1819,Jose Curry,32,Male,UK,2022-12-24
1820,Sandra Bishop,22,Male,UK,2022-12-25
1821,Kevin Templeton,35,Male,Canada,2022-12-26
1822,John Colon,22,Male,UK,2022-12-27
1823,Cheryl Cereghino,18,Male,India,2022-12-28
1824,Bev Desalvo,19,Female,Canada,2022-12-29
1825,Jean Tiffiny,27,Male,Brazil,2022-12-30
1826,Michael Wagner,63,Male,UK,2022-12-31
1827,Susan Martinez,23,Male,Brazil,2023-01-01
1828,Lynn Williams,18,Female,Germany,2023-01-02
1829,Boyd Cicerelli,21,Male,Canada,2023-01-03
1830,Mariano Walker,21,Male,US,2023-01-04
1831,Edward Barrera,57,Female,Germany,2023-01-05
1832,Henry Bonal,34,Female,Germany,2023-01-06
1833,Calvin Carpenter,37,Female,Germany,2023-01-07
1834,Carol Colletti,45,Male,India,2023-01-08
1835,James Ray,21,Female,Germany,2023-01-09
1836,Andrew Garcia,39,Female,India,2023-01-10
1837,Christopher Wagner,30,Male,Brazil,2023-01-11
1838,Carolyn Tancredy,38,Female,India,2023-01-12
1839,Billie Moncivaiz,23,Male,US,2023-01-13
1840,Helen Valdivia,31,Female,Germany,2023-01-14
1841,Diane Drier,49,Male,US,2023-01-15
1842,Pat Butler,45,Female,Canada,2023-01-16
1843,Lois Griffin,53,Male,US,2023-01-17
1844,Paul Baughman,58,Female,Germany,2023-01-18
1845,Niki Netz,40,Female,US,2023-01-19
1846,Ingrid Costa,32,Male,US,2023-01-20
1847,Reiko Vasquez,64,Female,US,2023-01-21
1848,Charles Zetzer,50,Male,Germany,2023-01-22
1849,Gary Balestrery,25,Female,Canada,2023-01-23
1850,Hershel Vincent,21,Male,Germany,2023-01-24
1851,David Finley,49,Female,UK,2023-01-25
1852,David Salem,32,Male,Germany,2023-01-26
1853,Julie Boersen,42,Male,India,2023-01-27
1854,Joseph Wright III,21,Female,Canada,2023-01-28
1855,John Stout,55,Female,US,2023-01-29
1856,Gilbert Degroot,45,Male,Canada,2023-01-30
1857,Dawn Coburn,25,Male,US,2023-01-31
1858,Joyce Snyder,26,Female,Brazil,2023-02-01
1859,Katherine Hilen,29,Male,Canada,2023-02-02
1860,Sonny Porter,58,Female,India,2023-02-03
1861,Olga Oliver,44,Male,Brazil,2023-02-04
1862,Dan Yount,48,Male,UK,2023-02-05
1863,Craig Landry,35,Male,UK,2023-02-06
1864,Edward Staloch,27,Male,US,2023-02-07
1865,Carl Bryant Brown,63,Male,US,2023-02-08
1866,Verla Epling,32,Female,Brazil,2023-02-09
1867,Leslie Urias,37,Female,Germany,2023-02-10
1868,Leopoldo Renfro,57,Female,India,2023-02-11
1869,Carlos Lopez,28,Female,Canada,2023-02-12
1870,Ryan Sednek,37,Female,UK,2023-02-13
1871,Martha Wilson,20,Female,UK,2023-02-14
1872,Benjamin Boshnack,61,Male,India,2023-02-15
1873,Edward Buensalido,64,Male,Germany,2023-02-16
1874,Monica Kinney,49,Male,UK,2023-02-17
1875,Marcia Sultan,34,Female,Brazil,2023-02-18
1876,Tom Smith,22,Female,Brazil,2023-02-19
1877,Gloria Duncan,40,Male,Germany,2023-02-20
1878,Gene Cole,42,Female,Brazil,2023-02-21
1879,Glaudeana Florez,40,Female,Canada,2023-02-22
1880,Marie Leadingham,40,Female,US,2023-02-23
1881,Karen Romers,50,Male,Canada,2023-02-24
1882,Lana Weis,42,Male,Canada,2023-02-25
1883,Cornelius Giacalone,58,Male,Canada,2023-02-26
1884,Steven Weldon,48,Female,Canada,2023-02-27
1885,Ashley Whalley,42,Female,Canada,2023-02-28
1886,Mike Carr,43,Male,US,2023-03-01
1887,Silas Zocchi,62,Female,UK,2023-03-02
1888,Markeaus Jur,40,Female,US,2023-03-03
1889,Linda Hall,19,Male,US,2023-03-04
1890,Florence Disch,35,Male,Germany,2023-03-05
1891,Anthony Jones,57,Female,Germany,2023-03-06
1892,Lorraine Ayers,30,Male,Canada,2023-03-07
1893,Chesney Jaramillo,36,Female,US,2023-03-08
1894,Kevin Bidelman,38,Male,Germany,2023-03-09
1895,Beverly Baker,18,Male,UK,2023-03-10
1896,Walter Munhall,50,Female,India,2023-03-11
1897,Renee Allen,31,Male,Brazil,2023-03-12
1898,Larry Slone,25,Female,UK,2023-03-13
1899,Rosemarie Ulibarri,46,Male,US,2023-03-14
1900,H. Jennie Stratton,46,Female,US,2023-03-15
1901,Lauren Brandolino,59,Male,Brazil,2023-03-16
1902,Pamela Fox,44,Male,Brazil,2023-03-17
1903,Mike Takaki,42,Female,US,2023-03-18
1904,Maudie Walker,46,Female,India,2023-03-19
1905,James Sparacino,32,Female,UK,2023-03-20
1906,Lorna Martinez,59,Male,Brazil,2023-03-21
1907,Yolanda Bailey,54,Female,UK,2023-03-22
1908,Paul Baughman,28,Male,Brazil,2023-03-23
1909,Betty Ramirez,33,Male,Germany,2023-03-24
1910,Willis Daly,26,Female,UK,2023-03-25
1911,Denise Baird,40,Male,US,2023-03-26
1912,Joe Tran,59,Male,UK,2023-03-27
1913,Julie Stroh,45,Male,India,2023-03-28
1914,Chad Tedford,38,Male,Germany,2023-03-29
1915,Angela Greves,51,Female,Germany,2023-03-30
1916,Dave Roberts,51,Female,Germany,2023-03-31
1917,Linda Jasdzewski,55,Male,US,2023-04-01
1918,Robert Hintz,34,Female,Brazil,2023-04-02
1919,Teresa Bradshaw,18,Male,India,2023-04-03
1920,Ronald Adina,59,Male,Brazil,2023-04-04
1921,Jeremy Styers,46,Male,US,2023-04-05
1922,Sarah Bers,27,Male,Canada,2023-04-06
1923,Joan Duran,48,Female,Brazil,2023-04-07
1924,Charles Adler,52,Male,UK,2023-04-08
1925,Patsi Woodman,64,Female,Canada,2023-04-09
1926,Zelda Acevedo,56,Female,India,2023-04-10
1927,Jane Filler,45,Female,Canada,2023-04-11
1928,Jane Gonzalez,35,Female,US,2023-04-12
1929,Oscar Quesinberry,18,Male,UK,2023-04-13
1930,Dora Sims,35,Male,India,2023-04-14
1931,Herman Shaffett,23,Male,Canada,2023-04-15
1932,Catherine Starr,20,Male,India,2023-04-16
1933,Jose Ogden,54,Male,India,2023-04-17
1934,Darrin Wallin,55,Male,UK,2023-04-18
1935,Donald Adkins,51,Female,Brazil,2023-04-19
1936,Ned Tiffany,49,Male,Brazil,2023-04-20
1937,Peter Ciccone,42,Male,UK,2023-04-21
1938,Jeffrey Adis,50,Male,UK,2023-04-22
1939,Danny Turpin,61,Male,Canada,2023-04-23
1940,Leslie Bohannan,25,Female,US,2023-04-24
1941,Charlene Connor,32,Female,Brazil,2023-04-25
1942,Maria Gray,26,Male,Germany,2023-04-26
1943,Marian Campanelli,22,Female,Brazil,2023-04-27
1944,Fran Highfill,54,Female,Germany,2023-04-28
1945,Burt Burks,31,Female,Germany,2023-04-29
1946,Perfecto Wright,43,Female,US,2023-04-30
1947,Virginia Brice,43,Male,UK,2023-05-01
1948,Pam Mendez,19,Female,UK,2023-05-02
1949,Kathleen Henderson,59,Male,UK,2023-05-03
1950,Charlotte Plutt,25,Female,Germany,2023-05-04
1951,Robert Conway,25,Female,Brazil,2023-05-05
1952,Barbara Blackburn,53,Female,Brazil,2023-05-06
1953,Benjamin Green,33,Female,US,2023-05-07
1954,Karen Bass,53,Male,India,2023-05-08
1955,Michelle Leasman,41,Female,India,2023-05-09
1956,Edmund Brooks,18,Female,India,2023-05-10
1957,Joyce Affleck,41,Female,Canada,2023-05-11
1958,Julia Wilson,32,Female,UK,2023-05-12
1959,Tracey Henriques,49,Female,Canada,2023-05-13
1960,Jeroen Myers,32,Male,Germany,2023-05-14
1961,Jessica Davis,47,Male,Brazil,2023-05-15
1962,Ernest Staton,56,Male,US,2023-05-16
1963,Stacey Gregory,25,Male,Germany,2023-05-17
1964,David Sandtisteven,51,Female,US,2023-05-18
1965,Olga York,48,Male,US,2023-05-19
1966,Liliana Mitchell,46,Male,India,2023-05-20
1967,Sharon Sinisi,20,Female,Germany,2023-05-21
1968,Dallas Bagdis,19,Male,Canada,2023-05-22
1969,Robert Carter,35,Male,Brazil,2023-05-23
1970,Sidney Martinez,46,Male,US,2023-05-24
1971,Herman Pack,26,Female,US,2023-05-25
1972,Kathy Benight,47,Female,UK,2023-05-26
1973,Ann Perez,20,Male,Canada,2023-05-27
1974,Cheryl Herring,31,Female,Germany,2023-05-28
1975,Maria Duran,59,Male,US,2023-05-29
1976,Michael Cereghino,60,Male,Germany,2023-05-30
1977,Joe Wiesner,58,Female,Germany,2023-05-31
1978,Dori Grando,60,Male,Brazil,2023-06-01
1979,Ronald Adina,20,Female,Germany,2023-06-02
1980,Laura Tracy,56,Male,Germany,2023-06-03
1981,Paul Marinelli,31,Male,Germany,2023-06-04
1982,Ethel Tankhilevich,58,Female,Canada,2023-06-05
1983,Tim Musso,19,Male,Canada,2023-06-06
1984,Christine Bartley,59,Female,Brazil,2023-06-07
1985,William Roybal,42,Male,Germany,2023-06-08
1986,Arthur Haas,18,Male,Brazil,2023-06-09
1987,Dewey Rhea,47,Female,UK,2023-06-10
1988,William Lloyd,35,Male,UK,2023-06-11
1989,Sara Brown,26,Male,US,2023-06-12
1990,Mitzi Buell,40,Male,India,2023-06-13
1991,Gene Jahn,30,Male,Brazil,2023-06-14
1992,John Andrade,64,Female,Brazil,2023-06-15
1993,Kathleen Otey,47,Male,UK,2023-06-16
1994,George McCane,51,Male,India,2023-06-17
1995,Daphne Combs,39,Male,UK,2023-06-18
1996,Louis Dawson,39,Female,UK,2023-06-19
1997,Joyce Minsky,33,Female,US,2023-06-20
1998,Debra Couch,20,Female,US,2023-06-21
1999,Mary Thornton,64,Female,UK,2023-06-22
2000,Elaine Avancena,48,Male,Canada,2023-06-23
2001,Myrna Mulberry,56,Male,Canada,2023-06-24
2002,Lianna Zamora,27,Female,Germany,2023-06-25
2003,James Boles,50,Female,India,2023-06-26
2004,Todd Zweifel,49,Female,Canada,2023-06-27
2005,Candice Ashe,56,Female,US,2023-06-28
2006,Curt Espinoza,26,Female,UK,2023-06-29
2007,Randel Newsome,42,Female,Germany,2023-06-30
2008,Carolyn Walters,38,Female,India,2023-07-01
2009,Gerald McCombs,19,Female,US,2023-07-02
2010,Annabelle Valencia,47,Female,Brazil,2023-07-03
2011,Joseph Yanoff,59,Female,Germany,2023-07-04
2012,Henry Ferrell,22,Male,Canada,2023-07-05
2013,Charlotte Plutt,54,Male,Germany,2023-07-06
2014,Natalie Zuerner,37,Male,Brazil,2023-07-07
2015,Christine Camo,46,Female,Germany,2023-07-08
2016,Julie Jones,57,Female,Canada,2023-07-09
2017,Tommy Tullos,25,Male,US,2023-07-10
2018,Jean Wong,23,Female,Germany,2023-07-11
2019,Amy Hensley,36,Male,Brazil,2023-07-12
2020,Aldeen Gallagher,44,Male,US,2023-07-13
2021,Rosario Cartwright,24,Female,US,2023-07-14
2022,Glen Czarnecki,31,Female,Germany,2023-07-15
2023,Jody Pryor,32,Male,US,2023-07-16
2024,Sue Clegg,62,Female,US,2023-07-17
2025,Olga Singleton,21,Female,India,2023-07-18
2026,Monica Aggson,57,Male,US,2023-07-19
2027,Janice Zane,56,Female,Canada,2023-07-20
2028,Jeffrey Curtis,62,Male,US,2023-07-21
2029,Phyllis Quintana,24,Female,Brazil,2023-07-22
2030,Poppie Desandre,52,Male,UK,2023-07-23
2031,Vertrice McGin,60,Female,Brazil,2023-07-24
2032,Angela Evans,56,Female,US,2023-07-25
2033,Steven Matson,49,Female,Brazil,2023-07-26
2034,Alvin Smith,19,Male,US,2023-07-27
2035,Devon Webb,18,Female,India,2023-07-28
2036,Pedro Castillo,20,Male,Canada,2023-07-29
2037,Creta Hart,33,Male,India,2023-07-30
2038,Frank Rivera,57,Female,Canada,2023-07-31
2039,Mina Gillespie,39,Female,UK,2023-08-01
2040,Robert Wilson,47,Female,US,2023-08-02
2041,Carol Steele,36,Male,India,2023-08-03
2042,Laura Fritz,51,Male,Canada,2023-08-04
2043,Susanna French,35,Female,Germany,2023-08-05
2044,Harold Erickson,33,Male,Germany,2023-08-06
2045,Christy Margolis,64,Male,Canada,2023-08-07
2046,Bruce Shafer,40,Male,UK,2023-08-08
2047,June Conness,26,Female,UK,2023-08-09
2048,Odonna Bernbaun,53,Male,UK,2023-08-10
2049,Jennifer Casaus,60,Female,Canada,2023-08-11
2050,Sondra Kerns,58,Male,Brazil,2023-08-12
2051,Mattie Rasberry,44,Male,UK,2023-08-13
2052,Brenda McElfresh,31,Female,Canada,2023-08-14
2053,Janet Holland,59,Male,Canada,2023-08-15
2054,Emanuel Coleman,48,Female,Brazil,2023-08-16
2055,Sydney Chandler,55,Female,US,2023-08-17
2056,Donald White,40,Male,UK,2023-08-18
2057,Maureen Doose,27,Female,Brazil,2023-08-19
2058,Martin Johnson,28,Female,Canada,2023-08-20
2059,Edna Stuart,23,Male,US,2023-08-21
2060,James Caldwell,48,Male,US,2023-08-22
2061,Norma Campbell,60,Male,Germany,2023-08-23
2062,Bryan Kelley,50,Male,India,2023-08-24
2063,James Strauch,28,Female,US,2023-08-25
2064,Nadine Lujan,52,Male,Germany,2023-08-26
2065,Rose Germanson,60,Female,Germany,2023-08-27
2066,Eddie Vigil,32,Female,Germany,2023-08-28
2067,Cylvia Mahrous,32,Female,Brazil,2023-08-29
2068,Larry Carrington,59,Female,UK,2023-08-30
2069,Ernest Smith,41,Male,Brazil,2023-08-31
2070,Dorothy Weir,30,Female,Brazil,2023-09-01
2071,Joey Von Waldegg,62,Male,Brazil,2023-09-02
2072,Juanita Zocchi,19,Female,Brazil,2023-09-03
2073,Donald Curl,50,Male,Germany,2023-09-04
2074,Vernon Barstad,47,Male,UK,2023-09-05
2075,Lawrence Hale,48,Male,India,2023-09-06
2076,David Wall,36,Female,UK,2023-09-07
2077,Marlin Coriell,29,Male,India,2023-09-08
2078,Angie Williams,27,Female,UK,2023-09-09
2079,Shirley Barnes,36,Male,Germany,2023-09-10
2080,Phillip Ard,23,Female,US,2023-09-11
2081,Dawn Holobaugh,44,Female,UK,2023-09-12
2082,Regina Sorensen,29,Male,US,2023-09-13
2083,Harriet Bezzerides,63,Female,Germany,2023-09-14
2084,James Buenning,38,Male,US,2023-09-15
2085,Shane Belli,33,Female,India,2023-09-16
2086,Parmer Kille,20,Male,UK,2023-09-17
2087,Raymond Van Dyke,45,Female,Germany,2023-09-18
2088,Maria Smith,32,Female,Canada,2023-09-19
2089,Elizabeth Cartwright,34,Female,UK,2023-09-20
2090,Heath Lopez,43,Male,US,2023-09-21
2091,Joyce Cornwell,26,Female,UK,2023-09-22
2092,Simona Sims,40,Male,Canada,2023-09-23
2093,Chad Hanson,25,Male,UK,2023-09-24
2094,Michelle Udovich,58,Male,India,2023-09-25
2095,Leonor Cirafice,20,Male,Canada,2023-09-26
2096,Edwin White,23,Male,Brazil,2023-09-27
2097,Fred Parker,30,Male,Canada,2023-09-28
2098,Fereshteh Clayton,31,Female,Germany,2023-09-29
2099,Margaret Adler,35,Female,Brazil,2023-09-30
2100,Herold Smith,49,Male,Canada,2023-10-01
2101,James Jones,19,Male,Canada,2023-10-02
2102,Robin Arthur,43,Female,India,2023-10-03
2103,Nadine Norman,56,Male,UK,2023-10-04
2104,Lynn Stam,29,Male,US,2023-10-05
2105,Leoncio Herring,64,Male,Germany,2023-10-06
2106,Kimberly Johnson,54,Female,Brazil,2023-10-07
2107,Walter Stanton,22,Female,Canada,2023-10-08
2108,Gledola Connelly,42,Male,India,2023-10-09
2109,Diana Patton,30,Male,Germany,2023-10-10
2110,Carol Gibson,33,Female,India,2023-10-11
2111,Cyndy Erskine,45,Female,Canada,2023-10-12
2112,Mildred Adams,20,Male,US,2023-10-13
2113,Carol Butler,55,Male,India,2023-10-14
2114,Beverly Thornlow,37,Male,UK,2023-10-15
2115,Sam Wheeler,19,Female,India,2023-10-16
2116,William Akin,53,Male,Canada,2023-10-17
2117,Fernando Suresy,50,Female,Brazil,2023-10-18
2118,April Mermis,20,Female,Brazil,2023-10-19
2119,Frank Freeze,53,Female,Brazil,2023-10-20
2120,Elizabeth Leong,32,Male,Canada,2023-10-21
2121,Donald Bertholic,26,Male,UK,2023-10-22
2122,Sharon Buclatin,30,Female,India,2023-10-23
2123,Mabel Oreskovich,48,Female,India,2023-10-24
2124,Robin Garcia,36,Male,UK,2023-10-25
2125,Karen Chessman,57,Female,US,2023-10-26
2126,Ben Avis,22,Male,UK,2023-10-27
2127,Rubie Leona Bowers,23,Male,Brazil,2023-10-28
2128,Robert Jouett,27,Male,Canada,2023-10-29
2129,Mike Bledsoe,45,Male,Brazil,2023-10-30
2130,Deborah Leyba,22,Female,Brazil,2023-10-31
2131,Neioa Fray,51,Male,Canada,2023-11-01
2132,Timothy Hansen,43,Male,India,2023-11-02
2133,Harvey Wightman,64,Female,UK,2023-11-03
2134,Connie Cammon,22,Male,Brazil,2023-11-04
2135,Jake Brown,23,Male,Brazil,2023-11-05
2136,Ernie Northcutt,46,Male,UK,2023-11-06
2137,Bob Alexander,19,Female,UK,2023-11-07
2138,Mary Crump,56,Male,Brazil,2023-11-08
2139,Cole Roe,35,Female,India,2023-11-09
2140,Mary Jane Clark,22,Male,US,2023-11-10
2141,Amber East,34,Male,UK,2023-11-11
2142,Dorothy Roach,51,Female,Canada,2023-11-12
2143,Michael Cobb,55,Female,Germany,2023-11-13
2144,Vicki Brammeier,46,Male,Brazil,2023-11-14
2145,Tamara Heritage,25,Female,Canada,2023-11-15
2146,Freda Cope,45,Male,India,2023-11-16
2147,Dinah Tysor,18,Female,Germany,2023-11-17
2148,Joan Busch,32,Male,India,2023-11-18
2149,Martin Schwalm,57,Male,UK,2023-11-19
2150,Angela Evans,19,Female,Germany,2023-11-20
2151,Julie Pokorney,59,Male,India,2023-11-21
2152,Michael Glancy,51,Female,UK,2023-11-22
2153,Kirk Valencia,22,Female,Canada,2023-11-23
2154,Sarah McNamara,39,Female,Brazil,2023-11-24
2155,Judy Storjohann,64,Female,Brazil,2023-11-25
2156,Jerry Kolosso,37,Female,India,2023-11-26
2157,John Ault,42,Female,Germany,2023-11-27
2158,Robert Berneman,27,Male,UK,2023-11-28
2159,Alexandra Burton,43,Female,UK,2023-11-29
2160,Jon Antonucci,38,Female,Brazil,2023-11-30
2161,Sharon Crow,63,Male,US,2023-12-01
2162,Mary Miller,41,Male,Brazil,2023-12-02
2163,Lin Conley,58,Male,India,2023-12-03
2164,Robert Soria,31,Female,US,2023-12-04
2165,Adam Tschann,18,Female,Germany,2023-12-05
2166,Terry Davis,49,Female,Brazil,2023-12-06
2167,Edward Quinonez,44,Female,India,2023-12-07
2168,Wanda Vernon,40,Female,UK,2023-12-08
2169,Harry Friedman,56,Male,Canada,2023-12-09
2170,John Mc Clane,48,Female,Germany,2023-12-10
2171,Aida Stewart,43,Male,Canada,2023-12-11
2172,Joseph Conti,20,Male,India,2023-12-12
2173,Anna Britton,37,Male,Brazil,2023-12-13
2174,Aaron Shehorn,42,Male,Canada,2023-12-14
2175,Joseph Valderrama,53,Female,UK,2023-12-15
2176,Jacob Azzolino,48,Male,Germany,2023-12-16
2177,Shelley Zane,51,Female,UK,2023-12-17
2178,Marie Ord,20,Female,UK,2023-12-18
2179,Randall Stephens,54,Female,US,2023-12-19
2180,Vivian Whipple,64,Male,India,2023-12-20
2181,Vicki Welsh,20,Male,Canada,2023-12-21
2182,Katie Reder,20,Female,Canada,2023-12-22
2183,Sue Hofsetz,20,Male,Canada,2023-12-23
2184,Nicole Albrecht,28,Male,UK,2023-12-24
2185,Kathi McManus,34,Male,UK,2023-12-25
2186,Lynn Alvarez,58,Female,UK,2023-12-26
2187,Mary Browning,35,Male,Brazil,2023-12-27
2188,Robert Batouche,56,Female,UK,2023-12-28
2189,Michael John Troyer,57,Male,UK,2023-12-29
2190,Gary Ferrill,31,Female,Brazil,2023-12-30
2191,Mary Lafayette,61,Female,Germany,2023-12-31
2192,Betty Rivera,42,Male,US,2024-01-01
2193,Jim Allen,60,Female,Canada,2024-01-02
2194,Isabella Palumbo,23,Male,Brazil,2024-01-03
2195,John Truszkowski,49,Male,Canada,2024-01-04
2196,Lori Folga,58,Female,US,2024-01-05
2197,Douglas Clark,24,Female,Brazil,2024-01-06
2198,Alice Zachery,39,Male,Brazil,2024-01-07
2199,Robert Evans,38,Female,India,2024-01-08
2200,Ronald Archie,57,Male,India,2024-01-09
2201,Anne Lowe,37,Male,Germany,2024-01-10
2202,Geraldine Spicer,32,Male,India,2024-01-11
2203,Hershel Vincent,38,Male,Germany,2024-01-12
2204,Patti Zimmerman,37,Male,India,2024-01-13
2205,Stacie Mcanich,28,Male,India,2024-01-14
2206,Mary Vaccaro,37,Female,Brazil,2024-01-15
2207,Biju Jones,37,Male,India,2024-01-16
2208,William Baker,20,Female,UK,2024-01-17
2209,Emilo Miller,48,Female,Germany,2024-01-18
2210,Dewey Rhea,21,Male,Brazil,2024-01-19
2211,Jewel Creek,22,Male,US,2024-01-20
2212,Freda Cope,38,Male,Germany,2024-01-21
2213,Ben Charles,56,Female,UK,2024-01-22
2214,Delbert Steffy,20,Female,UK,2024-01-23
2215,Tina Trahan,39,Female,Canada,2024-01-24
2216,Kathy Reynolds,54,Male,India,2024-01-25
2217,John Finnell,60,Female,US,2024-01-26
2218,Mark Delong,41,Male,US,2024-01-27
2219,Angel Forsythe,57,Female,Brazil,2024-01-28
2220,Denise Passig,36,Male,US,2024-01-29
2221,Kathleen Pacheco,20,Female,Brazil,2024-01-30
2222,Kimberly Oliver,35,Male,Brazil,2024-01-31
2223,William Wade,31,Female,Brazil,2024-02-01
2224,Anthony Barr,59,Female,Brazil,2024-02-02
2225,Edna Keane,25,Female,Brazil,2024-02-03
2226,Bryan Kelley,31,Male,UK,2024-02-04
2227,Dorothy Conway,36,Female,US,2024-02-05
2228,Stephanie White,36,Male,Canada,2024-02-06
2229,Myrna Mulberry,43,Female,Brazil,2024-02-07
2230,Monika Elliott,28,Male,Brazil,2024-02-08
2231,Barrett Younkin,51,Female,US,2024-02-09
2232,Myka Chen,41,Female,Canada,2024-02-10
2233,Catherine Castorena,62,Female,UK,2024-02-11
2234,Susan Brush,50,Male,Brazil,2024-02-12
2235,Rosalie Anderson,48,Male,Germany,2024-02-13
2236,Phyllis Sage,32,Female,US,2024-02-14
2237,Madge Falsetta,22,Male,India,2024-02-15
2238,Raymond Manchego,60,Male,India,2024-02-16
2239,Stacy Caulfield,60,Male,Germany,2024-02-17
2240,Glen Van Attenhoven,40,Female,Germany,2024-02-18
2241,Lorraine Mcgough,51,Female,UK,2024-02-19
2242,Ruby Tran,33,Male,UK,2024-02-20
2243,Charles Williams,54,Female,Germany,2024-02-21
2244,Scott Rodgers,31,Female,UK,2024-02-22
2245,Lori Fenster,33,Male,UK,2024-02-23
2246,Amber Salazar,50,Male,Germany,2024-02-24
2247,Shirley Ortiz,63,Female,Germany,2024-02-25
2248,J. Brent Whicher,53,Male,US,2024-02-26
2249,Thomas Wiseman,19,Male,Brazil,2024-02-27
2250,Neal Gramstorff,55,Male,US,2024-02-28
2251,Tim Montano,34,Male,US,2024-02-29
2252,Nancy Platt,28,Female,Canada,2024-03-01
2253,Robert Soria,63,Female,Germany,2024-03-02
2254,Paul Fulton,18,Female,UK,2024-03-03
2255,Scott Motz,47,Female,Brazil,2024-03-04
2256,Rodney Gentry,43,Male,Brazil,2024-03-05
2257,Lorraine Turcios,33,Male,Brazil,2024-03-06
2258,Marjorie Barton,61,Female,Germany,2024-03-07
2259,Gordon Kirschner,38,Male,US,2024-03-08
2260,Faye Wilson,44,Female,Brazil,2024-03-09
2261,Timothy Carroll,59,Male,Brazil,2024-03-10
2262,Marsha Woodward,41,Male,India,2024-03-11
2263,Kelly Wilkinson,61,Male,Germany,2024-03-12
2264,Harold Cottles,18,Female,Brazil,2024-03-13
2265,John Weibert,21,Female,Germany,2024-03-14
2266,Fereshteh Clayton,51,Male,Brazil,2024-03-15
2267,Brooke Mitchell,38,Female,Canada,2024-03-16
2268,Steve Ortega,42,Male,Brazil,2024-03-17
2269,Sam Wheeler,38,Male,India,2024-03-18
2270,Myron Hand,57,Male,India,2024-03-19
2271,Theresa Bergstrom,52,Male,Brazil,2024-03-20
2272,Pacita Kuntz,46,Male,Brazil,2024-03-21
2273,Paul Thomson,37,Female,India,2024-03-22
2274,Mary Wysocki,22,Male,UK,2024-03-23
2275,Michelle Tolentino,30,Male,UK,2024-03-24
2276,Grace Towns,33,Male,India,2024-03-25
2277,Angela Bauer,48,Male,India,2024-03-26
2278,Peter Contreras,29,Female,US,2024-03-27
2279,Gregory Vanderbout,57,Female,Germany,2024-03-28
2280,Sarah Barron,21,Female,US,2024-03-29
2281,Shirley Orr,41,Female,Brazil,2024-03-30
2282,John Carson,23,Male,Canada,2024-03-31
2283,Mary Beth Bergstrom,35,Male,India,2024-04-01
2284,Ramona Antrim,25,Male,India,2024-04-02
2285,Eric Winters,46,Female,US,2024-04-03
2286,Barbara Prutch,27,Male,India,2024-04-04
2287,Lillian Heckman,53,Female,UK,2024-04-05
2288,Roberta Blackwood,44,Male,UK,2024-04-06
2289,Theresa Pence,37,Female,Brazil,2024-04-07
2290,Geraldine Aubrecht,42,Female,Germany,2024-04-08
2291,Cora Starich,34,Male,US,2024-04-09
2292,Kathryn Walters,58,Male,US,2024-04-10
2293,Bonnie Carpenter,38,Female,Brazil,2024-04-11
2294,Brian Ball,21,Female,UK,2024-04-12
2295,Laurie Faucette,29,Male,Brazil,2024-04-13
2296,Wanda McClure,47,Male,India,2024-04-14
2297,Charlene Whitney,55,Female,US,2024-04-15
2298,Ernest Kiser,34,Male,India,2024-04-16
2299,Shawn Brennen,38,Female,Germany,2024-04-17
2300,Mary Helen,50,Male,Canada,2024-04-18
2301,Alma Osborne,55,Male,Brazil,2024-04-19
2302,John Koshis,41,Female,UK,2024-04-20
2303,Jake Bass,63,Female,Germany,2024-04-21
2304,Georgia Syseskey,64,Male,US,2024-04-22
2305,Ed Mosco,26,Male,Brazil,2024-04-23
2306,Robert Bertolino,29,Female,UK,2024-04-24
2307,Christine Avila,27,Female,UK,2024-04-25
2308,Mark Hutton,64,Female,US,2024-04-26
2309,Elvira Valderrama,23,Male,UK,2024-04-27
2310,Eleanor Burns,45,Male,Canada,2024-04-28
2311,Stephen Anderson,48,Male,Brazil,2024-04-29
2312,Clay Tremblay,24,Male,Brazil,2024-04-30
2313,Joshua Strongman,25,Male,Canada,2024-05-01
2314,Sam Sims,45,Female,US,2024-05-02
2315,Susan Snow,46,Female,Germany,2024-05-03
2316,Barbara Ann Phelps,18,Male,US,2024-05-04
2317,Filemon Whitaker,20,Female,Brazil,2024-05-05
2318,Stephen Aldrich,24,Female,Canada,2024-05-06
2319,Daniel Brafford,38,Female,UK,2024-05-07
2320,Henry Pusedu,27,Female,US,2024-05-08
2321,James Eichorn,22,Female,Brazil,2024-05-09
2322,Renato Huff,29,Female,Germany,2024-05-10
2323,Kenneth Higinbotham,46,Female,Germany,2024-05-11
2324,Thomas Colarelli,39,Male,India,2024-05-12
2325,Theresa Griffin,59,Male,Brazil,2024-05-13
2326,Christine Ferden,62,Female,US,2024-05-14
2327,Peggy Obermiller,37,Female,Brazil,2024-05-15
2328,Ella Burks,56,Male,UK,2024-05-16
2329,Rebecca Lindsey,41,Female,US,2024-05-17
2330,Kristine Aldred,30,Male,India,2024-05-18
2331,Sheila Jenkins,29,Male,US,2024-05-19
2332,Ryan Borum,39,Male,Canada,2024-05-20
2333,Mary Coleman,43,Female,Germany,2024-05-21
2334,Ginger Roman,19,Female,India,2024-05-22
2335,Jeff Wakefield,34,Female,Canada,2024-05-23
2336,James Haugh,39,Male,Brazil,2024-05-24
2337,Martha Toomey,48,Female,Brazil,2024-05-25
2338,David Wainwright,58,Female,Canada,2024-05-26
2339,Catherine Hathcock,54,Male,Germany,2024-05-27
2340,Hope Marino,32,Female,US,2024-05-28
2341,Robert Catlin,64,Male,Brazil,2024-05-29
2342,Margaret Garbiso,33,Female,US,2024-05-30
2343,Carl Stickney,57,Male,US,2024-05-31
2344,Nancy Smrha,56,Female,Germany,2024-06-01
2345,Theresa Stephens,22,Male,India,2024-06-02
2346,Shannon Wittenberg,57,Male,Brazil,2024-06-03
2347,Marcus Tilly,38,Male,UK,2024-06-04
2348,Victor Vargas,61,Female,Germany,2024-06-05
2349,Cindy Westhaiser,38,Female,India,2024-06-06
2350,Jackie Gilbert,42,Male,US,2024-06-07
2351,Reina Geyer,60,Male,India,2024-06-08
2352,Karl Charlesworth,25,Male,India,2024-06-09
2353,William Whatley,54,Male,UK,2024-06-10
2354,Elena Trost,57,Female,UK,2024-06-11
2355,Anne Conduff,47,Male,Brazil,2024-06-12
2356,Sophia West,34,Female,US,2024-06-13
2357,David Pacheco,53,Female,UK,2024-06-14
2358,Ingrid Burkhardt,34,Female,Germany,2024-06-15
2359,Kathy Harvey,59,Male,Germany,2024-06-16
2360,Gary Newcomer,22,Female,Germany,2024-06-17
2361,Michael Ananos,56,Female,Canada,2024-06-18
2362,Doris Rohar,47,Male,Germany,2024-06-19
2363,Barbara Carter,36,Female,India,2024-06-20
2364,Helen Schacter,38,Female,Canada,2024-06-21
2365,Rick Carpenter,45,Male,Brazil,2024-06-22
2366,Veola Allen,36,Female,Brazil,2024-06-23
2367,Robert Jasper,21,Female,Germany,2024-06-24
2368,Bryan White,37,Male,India,2024-06-25
2369,Jeffrey Baker,48,Female,Brazil,2024-06-26
2370,Karen Carr,41,Female,Germany,2024-06-27
2371,Dinah Tysor,43,Female,Canada,2024-06-28
2372,Julie Jones,35,Male,Canada,2024-06-29
2373,Simone Shoaf,59,Male,Canada,2024-06-30
2374,Ana Medina,40,Male,India,2024-07-01
2375,Nadya Borg,50,Male,Germany,2024-07-02
2376,Jerry Ballard,57,Female,UK,2024-07-03
2377,Mae Winder,24,Male,India,2024-07-04
2378,Robert Hulett,28,Female,India,2024-07-05
2379,Jerry Zermach,63,Male,India,2024-07-06
2380,Jack Clark,53,Male,India,2024-07-07
2381,Josephine Scott,50,Female,UK,2024-07-08
2382,Jalexis Martin,30,Male,India,2024-07-09
2383,Diane Kuhl,61,Female,Canada,2024-07-10
2384,Samuel Warren,37,Female,Brazil,2024-07-11
2385,Todd Carpenter,21,Male,India,2024-07-12
2386,Deborah Traube,51,Male,India,2024-07-13
2387,Leda Witte,38,Female,US,2024-07-14
2388,Margo Woodbury,29,Male,Canada,2024-07-15
2389,William Lohr,50,Male,Germany,2024-07-16
2390,Daniel Traser,21,Male,India,2024-07-17
2391,Phillip Verhaeghe,38,Female,Brazil,2024-07-18
2392,Marilyn Lazo,41,Male,Germany,2024-07-19
2393,Preston Warrick,26,Male,US,2024-07-20
2394,Beulah Richards,35,Male,UK,2024-07-21
2395,Henry Campen,40,Female,Canada,2024-07-22
2396,Margaret Adler,18,Male,US,2024-07-23
2397,William Block,32,Female,UK,2024-07-24
2398,Tyler Austin,50,Female,US,2024-07-25
2399,Kay Burch,27,Female,UK,2024-07-26
2400,Elmer Rich,29,Male,India,2024-07-27
2401,Milton Collopy,42,Male,Brazil,2024-07-28
2402,Inez Martinez,29,Female,Germany,2024-07-29
2403,Stella Poole,55,Male,US,2024-07-30
2404,Diane Chaffin,27,Female,Germany,2024-07-31
2405,Kathleen Morales,44,Female,UK,2024-08-01
2406,Elza Topp,61,Male,India,2024-08-02
2407,Monique Caprio,42,Male,India,2024-08-03
2408,Chris Trigg,59,Female,UK,2024-08-04
2409,Deborah Diack,29,Male,Canada,2024-08-05
2410,Catherine Waterhouse,57,Male,India,2024-08-06
2411,Timothy Hansen,22,Male,Canada,2024-08-07
2412,Colleen Fellhauer,40,Female,US,2024-08-08
2413,Daphney Winslow,59,Male,UK,2024-08-09
2414,Judi Barroso,47,Male,Canada,2024-08-10
2415,Robert Vasilauskas,58,Female,Germany,2024-08-11
2416,August Isaacs,52,Male,Brazil,2024-08-12
2417,Cathy Mulay,30,Male,Canada,2024-08-13
2418,Edmund Brooks,45,Female,Canada,2024-08-14
2419,Florentius Bass,24,Male,US,2024-08-15
2420,Nancy Logan,48,Female,India,2024-08-16
2421,Bev Desalvo,63,Male,Germany,2024-08-17
2422,Elsie Baltazor,34,Female,Brazil,2024-08-18
2423,Raul Reed,49,Male,US,2024-08-19
2424,James Story,36,Male,US,2024-08-20
2425,Justin Soler,34,Female,Germany,2024-08-21
2426,Margery Breen,33,Female,US,2024-08-22
2427,Donald Baker,35,Male,Brazil,2024-08-23
2428,Vicki Hills,31,Female,Germany,2024-08-24
2429,Deborah Pacioretty,27,Female,Germany,2024-08-25
2430,Karlyn Burtis,31,Female,Canada,2024-08-26
2431,Barbara Lamaak,35,Female,Canada,2024-08-27
2432,Cheryl Vigil,47,Male,US,2024-08-28
2433,Judith Smith,54,Male,Brazil,2024-08-29
2434,Stephen Sheffield,30,Female,Brazil,2024-08-30
2435,David Wall,26,Female,US,2024-08-31
2436,Joanne Franklin,60,Male,US,2024-09-01
2437,Dnesa Bock,59,Male,India,2024-09-02
2438,Sharon Parcher,51,Female,UK,2024-09-03
2439,Barbara Towery,57,Male,US,2024-09-04
2440,Betty Caldara,61,Female,Germany,2024-09-05
2441,Jeff Toyne,51,Female,India,2024-09-06
2442,Rachel Hope,39,Female,Brazil,2024-09-07
2443,Nancy Hirota,36,Female,Canada,2024-09-08
2444,Chris Christiansen,62,Female,Germany,2024-09-09
2445,Michael Wheat,37,Male,Brazil,2024-09-10
2446,Peggy Smith,47,Female,Canada,2024-09-11
2447,Luz Engstrom,58,Male,UK,2024-09-12
2448,Susan Tracey,43,Male,Germany,2024-09-13
2449,Harriett Zvibleman,43,Female,India,2024-09-14
2450,Don Martin,46,Male,US,2024-09-15
2451,Gwen White,33,Female,India,2024-09-16
2452,Greg Ponce,19,Male,US,2024-09-17
2453,Daniel Baccus,27,Female,US,2024-09-18
2454,Susan Whisman,53,Female,India,2024-09-19
2455,Tom Vanbuskirk,54,Female,Germany,2024-09-20
2456,Michael Caskey,51,Female,India,2024-09-21
2457,Sherri Cabling,51,Female,US,2024-09-22
2458,Jill Garner,18,Female,India,2024-09-23
2459,Rose Perez,58,Male,Brazil,2024-09-24
2460,Gladys Martinez,25,Female,Germany,2024-09-25
2461,Theresa Bergstrom,47,Male,Brazil,2024-09-26
2462,Edward Baker,35,Female,UK,2024-09-27
2463,James Taylor,59,Female,Canada,2024-09-28
2464,Carol Bond,55,Female,India,2024-09-29
2465,Ronny Panepinto,39,Male,Canada,2024-09-30
2466,Jason Germ,58,Female,India,2024-10-01
2467,Max Luna,46,Female,US,2024-10-02
2468,Julie Vij,43,Female,Germany,2024-10-03
2469,James Stevens,49,Female,UK,2024-10-04
2470,Colonel Hargrave,23,Male,Germany,2024-10-05
2471,Debby Wise,31,Male,Canada,2024-10-06
2472,Matthew Lough,50,Female,US,2024-10-07
2473,Lorraine Villenas,47,Male,Brazil,2024-10-08
2474,Mike Madrid,47,Female,US,2024-10-09
2475,David McCool,28,Male,US,2024-10-10
2476,Anna Wurick,53,Male,India,2024-10-11
2477,Howard Caywood,25,Female,Canada,2024-10-12
2478,Kristine Aldred,28,Male,Canada,2024-10-13
2479,Lea Ann Johnson,62,Male,UK,2024-10-14
2480,Mimi Springer,54,Male,Germany,2024-10-15
2481,Thomas Vielmetti,48,Male,Canada,2024-10-16
2482,Judith Hardin,57,Male,US,2024-10-17
2483,Rebekkah Beck,63,Male,UK,2024-10-18
2484,Dorothy Warren,33,Male,UK,2024-10-19
2485,Elizabeth Berkebile,59,Female,Germany,2024-10-20
2486,Leopoldo Renfro,45,Male,US,2024-10-21
2487,Sara Jenson,61,Female,Germany,2024-10-22
2488,Michael Kochevar,43,Female,India,2024-10-23
2489,Catherine Castillo,23,Female,UK,2024-10-24
2490,Doris Thurlow,34,Female,UK,2024-10-25
2491,Jerry Cook,55,Female,UK,2024-10-26
2492,Albert Van Antwerp,32,Male,Brazil,2024-10-27
2493,Matthew Bengtson,25,Male,Canada,2024-10-28
2494,Ann Komma,61,Male,Germany,2024-10-29
2495,Aubri Booth,31,Male,India,2024-10-30
2496,Vincent White,26,Male,Canada,2024-10-31
2497,Heather Smith,37,Male,UK,2024-11-01
2498,Gwen White,19,Female,Brazil,2024-11-02
2499,Gloria Bertelloti,46,Female,Germany,2024-11-03
2500,Roger Ulrichsen,38,Female,UK,2024-11-04
2501,Rachel Hope,29,Female,UK,2024-11-05
2502,Roger Baker,39,Female,India,2024-11-06
2503,Michael Dreiling,21,Male,Canada,2024-11-07
2504,Cindy Lunt,21,Female,Germany,2024-11-08
2505,Maudlyn Bergman,30,Male,US,2024-11-09
2506,Fred Tato,27,Female,India,2024-11-10
2507,Leslie Cain,64,Female,UK,2024-11-11
2508,Justine Ryan,47,Male,Germany,2024-11-12
2509,Gerald Bowie,26,Female,Germany,2024-11-13
2510,F. Wes Bradley,50,Female,Brazil,2024-11-14
2511,Filomena Visser,18,Female,UK,2024-11-15
2512,Chaz Addington,24,Female,India,2024-11-16
2513,Louis Lewis,33,Female,UK,2024-11-17
2514,Virginia Renteria,27,Female,UK,2024-11-18
2515,Connie Bradley,40,Male,India,2024-11-19
2516,Edward Turner,39,Female,UK,2024-11-20
2517,Georgia Mathews,40,Male,Canada,2024-11-21
2518,Deanna Sabella,25,Male,Brazil,2024-11-22
2519,Alexandro Mattson,43,Female,UK,2024-11-23
2520,Josephine Allen,57,Female,Germany,2024-11-24
2521,Jill Haseman,48,Female,India,2024-11-25
2522,Lindsay Alvarado,46,Male,Brazil,2024-11-26
2523,Sarah Williard,55,Female,Canada,2024-11-27
2524,Harvey Tikotsky,36,Female,Germany,2024-11-28
2525,Don Redmond,51,Male,Canada,2024-11-29
2526,Helen Toyota,45,Male,India,2024-11-30
2527,Grace Taylor,31,Male,UK,2024-12-01
2528,Irma Johnson,29,Female,UK,2024-12-02
2529,Alicia Argo,27,Male,UK,2024-12-03
2530,Priscilla Trujillo,24,Female,US,2024-12-04
2531,Virginia Woods,41,Male,Germany,2024-12-05
2532,Jeremy Pawloski,57,Female,Canada,2024-12-06
2533,Cheryl Thorton,54,Male,US,2024-12-07
2534,Alex Smith,58,Female,India,2024-12-08
2535,Barbara Gelabert,64,Female,US,2024-12-09
2536,Joye Childers,59,Male,Canada,2024-12-10
2537,Diana Bockser,61,Female,India,2024-12-11
2538,Bobby Lundin,43,Male,Germany,2024-12-12
2539,Doris Suarez,58,Female,Germany,2024-12-13
2540,Barton Rose,31,Female,UK,2024-12-14
2541,Amy Bolte,49,Male,Germany,2024-12-15
2542,Lela Ard,39,Male,Canada,2024-12-16
2543,Julia Welge,22,Male,Germany,2024-12-17
2544,Harriet Peirson,20,Male,UK,2024-12-18
2545,Vicki-ann Bennett,25,Male,Brazil,2024-12-19
2546,Jennifer McMasters,48,Male,US,2024-12-20
2547,Earl Booyer,44,Female,Germany,2024-12-21
2548,Julie Pokorney,29,Male,Canada,2024-12-22
2549,Roger Starr,49,Female,Germany,2024-12-23
2550,Nadya Borg,38,Female,Germany,2024-12-24
2551,Edward Buensalido,48,Male,UK,2024-12-25
2552,Chris Phoenix,31,Female,Canada,2024-12-26
2553,Young Cha Adkins,55,Male,Germany,2024-12-27
2554,Helen Henry,18,Female,Brazil,2024-12-28
2555,Anna Winder,60,Female,US,2024-12-29
2556,Janis Otis,22,Female,Canada,2024-12-30
2557,Rose Harshell,18,Female,UK,2024-12-31
2558,Don Clay,52,Female,Canada,2025-01-01
2559,Joanne Franklin,28,Female,Germany,2025-01-02
2560,Kathy Saver,45,Male,Germany,2025-01-03
2561,Shae Meuller,64,Female,Canada,2025-01-04
2562,Joan Brett,42,Male,Germany,2025-01-05
2563,Michael Haines,25,Female,Canada,2025-01-06
2564,Garrett Rodrick,36,Female,Brazil,2025-01-07
2565,Robert Soerensen,25,Male,Germany,2025-01-08
2566,Josie Kersten,47,Female,Germany,2025-01-09
2567,Buck Megenity,22,Male,Brazil,2025-01-10
2568,Theresa Keith,51,Male,India,2025-01-11
2569,Nathan Muenich,43,Female,Canada,2025-01-12
2570,Linda Petrick,60,Male,UK,2025-01-13
2571,Walter Stowell,59,Male,India,2025-01-14
2572,Patricia Ogelb,23,Male,Canada,2025-01-15
2573,Margaret Carrillo,50,Female,Brazil,2025-01-16
2574,Ashlie Patton,34,Male,UK,2025-01-17
2575,Celestial Spurgeon,62,Male,UK,2025-01-18
2576,Rene Hernandez,38,Male,UK,2025-01-19
2577,Carl Holland,30,Male,US,2025-01-20
2578,Hiram Moody,27,Female,India,2025-01-21
2579,Emmett Hauck,52,Male,Germany,2025-01-22
2580,Jeanne Corsentino,42,Male,Canada,2025-01-23
2581,Kim Brunner,41,Male,Brazil,2025-01-24
2582,Jesse Johnson,60,Male,Germany,2025-01-25
2583,Nola Brannon,43,Male,UK,2025-01-26
2584,Scott Motz,45,Female,Canada,2025-01-27
2585,Mari Paulsen,44,Female,India,2025-01-28
2586,Philip Stimac,59,Female,India,2025-01-29
2587,Lori Mitchell,46,Female,Brazil,2025-01-30
2588,Mary Aulick,45,Female,India,2025-01-31
2589,Kim Chan,31,Male,UK,2025-02-01
2590,Karen Beltrame,34,Female,Germany,2025-02-02
2591,Georgia Syseskey,32,Male,Canada,2025-02-03
2592,Audrey Ahmadzai,60,Female,Brazil,2025-02-04
2593,Christine Stevens,19,Female,UK,2025-02-05
2594,Affie Harmon,19,Male,US,2025-02-06
2595,Charles Bach,39,Male,UK,2025-02-07
2596,William Randolph,20,Female,Brazil,2025-02-08
2597,Bruce Tepper,59,Female,India,2025-02-09
2598,Alan Bradley,27,Male,Brazil,2025-02-10
2599,Don Howard,62,Female,Germany,2025-02-11
2600,Santosh Moore,41,Male,Canada,2025-02-12
2601,Kathleen Garza,19,Male,Canada,2025-02-13
2602,Roy Colombana,21,Male,UK,2025-02-14
2603,Onetha Ball,61,Male,India,2025-02-15
2604,Marie Bellamy,38,Female,Germany,2025-02-16
2605,Donna Michaluk,37,Female,India,2025-02-17
2606,Helen Weiss,31,Male,Germany,2025-02-18
2607,Bonnie Mcveigh,55,Male,Germany,2025-02-19
2608,Christina North,57,Male,Germany,2025-02-20
2609,Jean Barr,51,Female,US,2025-02-21
2610,Jason Kile,34,Male,Brazil,2025-02-22
2611,Suzanne Huget,31,Male,Brazil,2025-02-23
2612,Lola Stange,47,Female,US,2025-02-24
2613,Cynthia Claypool,37,Female,Brazil,2025-02-25
2614,Jennifer Brummett,50,Male,UK,2025-02-26
2615,Elena Turkette,57,Female,India,2025-02-27
2616,Gladys Eberle,50,Male,US,2025-02-28
2617,Donny Castano,51,Female,Canada,2025-03-01
2618,Michael Briggs,48,Female,Brazil,2025-03-02
2619,Caroline Woodard,23,Female,Canada,2025-03-03
2620,Clinton Hulette,43,Male,Brazil,2025-03-04
2621,Shenna Ward,41,Male,Brazil,2025-03-05
2622,Vartan Quintana,36,Female,Canada,2025-03-06
2623,Geraldine Collins,25,Female,US,2025-03-07
2624,Daniel Salka,57,Male,Germany,2025-03-08
2625,Evelyn Clay,27,Female,Brazil,2025-03-09
2626,Sheila Linderman,64,Female,India,2025-03-10
2627,James Rozmiarek,22,Female,UK,2025-03-11
2628,Ivan Nickels,31,Female,Brazil,2025-03-12
2629,Lynette Spellman,58,Male,Brazil,2025-03-13
2630,Robert Kelly,33,Male,Brazil,2025-03-14
2631,Frances Whilhite,59,Male,Canada,2025-03-15
2632,Maria Rottmann,55,Male,Canada,2025-03-16
2633,Donald Sweet,62,Female,Canada,2025-03-17
2634,Jeffrey Hahn,19,Female,UK,2025-03-18
2635,Edwin Fraysur,30,Female,Brazil,2025-03-19
2636,Ariana Miles,21,Male,Brazil,2025-03-20
2637,Mary Smith,61,Male,Brazil,2025-03-21
2638,Debbie Solano,52,Female,India,2025-03-22
2639,Helen Toyota,54,Male,UK,2025-03-23
2640,Nancy Eggleston,33,Male,UK,2025-03-24
2641,Nieves Vargas,51,Female,UK,2025-03-25
2642,Fran Highfill,38,Female,UK,2025-03-26
2643,Cleo Passig,64,Male,UK,2025-03-27
2644,Vivian Ba,26,Male,India,2025-03-28
2645,James Barnurn,32,Male,US,2025-03-29
2646,Christopher Young,42,Male,UK,2025-03-30
2647,Ryan Puckett,45,Female,Brazil,2025-03-31
2648,Wade Yates,54,Female,US,2025-04-01
2649,Andrew Beller,42,Male,Canada,2025-04-02
2650,Elizabeth Maydew,46,Male,UK,2025-04-03
2651,Kathryn Chamberlin,18,Male,India,2025-04-04
2652,Marty Adkins,54,Female,India,2025-04-05
2653,Mildred Shryock,54,Male,Brazil,2025-04-06
2654,Lillian Martinez,63,Female,US,2025-04-07
2655,Vincent Wu,62,Male,Germany,2025-04-08
2656,Louis Boydstun,47,Female,Brazil,2025-04-09
2657,Dorothy Owen,56,Male,India,2025-04-10
2658,Judith Smith,41,Male,India,2025-04-11
2659,Paula Moberly,27,Female,Germany,2025-04-12
2660,Valerie Hill,18,Female,UK,2025-04-13
2661,Susan Vecera,20,Male,India,2025-04-14
2662,Glenn Sladnick,36,Female,Canada,2025-04-15
2663,Meredith Thumann,53,Female,India,2025-04-16
2664,Ruth Bates,24,Male,Germany,2025-04-17
2665,Wathalee Lopez,55,Male,Germany,2025-04-18
2666,Frank May,22,Male,US,2025-04-19
2667,Linda Velasquez,50,Male,UK,2025-04-20
2668,Monica Beeler,49,Female,Canada,2025-04-21
2669,Paul Ogan,33,Female,India,2025-04-22
2670,Harland Dyer,62,Male,Germany,2025-04-23
2671,Terry Springs,43,Male,Canada,2025-04-24
2672,Yvonne Rose,31,Male,US,2025-04-25
2673,Mary Carrillo,63,Male,US,2025-04-26
2674,Carol Brong,29,Male,Brazil,2025-04-27
2675,Felicia Larsen,36,Male,UK,2025-04-28
2676,Eugene Rodriguez,26,Male,US,2025-04-29
2677,Robert Burns,38,Male,Brazil,2025-04-30
2678,Maria Terry,35,Female,India,2025-05-01
2679,Anna Cornett,63,Male,Canada,2025-05-02
2680,Matthew Liven,27,Male,Canada,2025-05-03
2681,Brandon Perez,25,Female,Brazil,2025-05-04
2682,John Garcia,57,Female,India,2025-05-05
2683,Susan Greene,55,Female,US,2025-05-06
2684,Robert Stovall,22,Female,US,2025-05-07
2685,Kerry Fitzgerald,43,Female,Brazil,2025-05-08
2686,Sherri Holmes,26,Female,India,2025-05-09
2687,Ingrid Costa,34,Female,Brazil,2025-05-10
2688,Ewing Bostick,26,Male,Brazil,2025-05-11
2689,Dawn Valerio,31,Male,Brazil,2025-05-12
2690,Ryan Sednek,21,Male,US,2025-05-13
2691,Shawn Brennen,47,Male,Brazil,2025-05-14
2692,Gregory Bullock,62,Male,Germany,2025-05-15
2693,Douglas Russell,63,Female,India,2025-05-16
2694,Shelley Barukh,43,Female,UK,2025-05-17
2695,Charles Sanchez,31,Female,US,2025-05-18
2696,Bernadine Garrison,64,Male,Germany,2025-05-19
2697,Dona Vlcek,22,Male,Brazil,2025-05-20
2698,Peter Jones,56,Female,US,2025-05-21
2699,Mark Velasquez,51,Female,UK,2025-05-22
2700,Charles Tolton,20,Female,India,2025-05-23
2701,Teresa Blanc,54,Male,Germany,2025-05-24
2702,Edward Smrt,41,Female,Canada,2025-05-25
2703,Beatrice Boggs,36,Male,Germany,2025-05-26
2704,Julianna Kochan,31,Male,India,2025-05-27
2705,Michael Kato,64,Female,Germany,2025-05-28
2706,Marliyn Hinkle,44,Male,UK,2025-05-29
2707,Sue Hyland,41,Female,Canada,2025-05-30
2708,Jay Ralph,21,Female,UK,2025-05-31
2709,Lynn Bradley,32,Male,Canada,2025-06-01
2710,Eduardo Godinez,23,Male,India,2025-06-02
2711,Edna Pellow,60,Female,Brazil,2025-06-03
2712,Leota Cramer,19,Female,US,2025-06-04
2713,Mark Babbel,28,Female,Canada,2025-06-05
2714,Susan Vecera,58,Male,UK,2025-06-06
2715,Margaret Winslow,59,Female,Canada,2025-06-07
2716,Elizabeth Peoples,54,Female,Germany,2025-06-08
2717,Matthew Hunter,58,Male,Germany,2025-06-09
2718,Daniel Sanders,64,Male,Canada,2025-06-10
2719,Mandi Meyer,25,Male,Canada,2025-06-11
2720,Mai Reed,19,Female,Brazil,2025-06-12
2721,Patricia Stoddard,53,Female,Canada,2025-06-13
2722,Sam Hill,50,Male,US,2025-06-14
2723,Naldo Pyles,46,Female,US,2025-06-15
2724,John Walker,56,Male,US,2025-06-16
2725,Mitch Meece,51,Female,Germany,2025-06-17
2726,Filemon Whitaker,23,Female,Canada,2025-06-18
2727,Heather Almeida,38,Male,India,2025-06-19
2728,Amanda Peterson,59,Male,India,2025-06-20
2729,Mildred Bartz,40,Female,UK,2025-06-21
2730,Michael Sowa,41,Female,Brazil,2025-06-22
2731,Joan Weaver,36,Female,UK,2025-06-23
2732,Mae Winder,21,Male,India,2025-06-24
2733,Cynthia Cheever,47,Female,US,2025-06-25
2734,Diane Brown,20,Male,US,2025-06-26
2735,Michael Schoolcraft,64,Male,Brazil,2025-06-27
2736,David Ashoo,48,Female,US,2025-06-28
2737,Wanda Parks,31,Female,Germany,2025-06-29
2738,Joseph Smith,35,Male,US,2025-06-30
2739,Erma Camille,49,Female,US,2025-07-01
2740,Julie Staton,43,Female,India,2025-07-02
2741,Denise Thompson,37,Female,US,2025-07-03
2742,Gerry Flores,32,Female,UK,2025-07-04
2743,Ronald Evans,45,Male,UK,2025-07-05
2744,Ayanaa Maness,46,Female,US,2025-07-06
2745,Gilbert Degroot,53,Male,Germany,2025-07-07
2746,Ebony Allen,28,Male,UK,2025-07-08
2747,George Zagar,19,Female,India,2025-07-09
2748,Ron Anderson,44,Female,India,2025-07-10
2749,Doris Carter,39,Male,US,2025-07-11
2750,Pearle Roberts,21,Female,India,2025-07-12
2751,Erica Raines,18,Female,US,2025-07-13
2752,Randy Carrigan,24,Male,Brazil,2025-07-14
2753,Carolyn Chavez,60,Female,UK,2025-07-15
2754,Michael Dreiling,19,Female,Germany,2025-07-16
2755,Deborah Blackburn,23,Female,UK,2025-07-17
2756,John Beaver,52,Female,Brazil,2025-07-18
2757,Clarence Tatman,53,Female,Canada,2025-07-19
2758,Paula Tomlinson,29,Male,Brazil,2025-07-20
2759,Erica Wall,51,Male,Brazil,2025-07-21
2760,Robert Jecman,52,Female,Canada,2025-07-22
2761,Daniel Roberts,34,Female,India,2025-07-23
2762,Agnes Pelcher,44,Female,Brazil,2025-07-24
2763,Patty Thompson,38,Female,US,2025-07-25
2764,Mary Treadwell,23,Male,Canada,2025-07-26
2765,Barbara Doll,22,Female,US,2025-07-27
2766,Diane Blossom,47,Male,Canada,2025-07-28
2767,Mary Angypas,35,Female,Brazil,2025-07-29
2768,Lenore Willson,56,Female,UK,2025-07-30
2769,James Small,38,Male,US,2025-07-31
2770,Dee Thayer,41,Male,Brazil,2025-08-01
2771,Wonnell Wu,61,Female,Canada,2025-08-02
2772,Rochelle Cunningham,26,Female,Brazil,2025-08-03
2773,Marilyn Schaidt,44,Female,Germany,2025-08-04
2774,Craig Wilson,33,Female,Germany,2025-08-05
2775,Opal Kesler,26,Male,Brazil,2025-08-06
2776,Justin Mulder,59,Male,India,2025-08-07
2777,Erin Tubbs,22,Male,India,2025-08-08
2778,Oscar Roche,48,Female,India,2025-08-09
2779,Tim Montano,49,Female,Canada,2025-08-10
2780,Mary Francis Benigar,38,Female,Germany,2025-08-11
2781,Tyler Andrews,52,Male,India,2025-08-12
2782,Shirley Cichon,20,Male,Brazil,2025-08-13
2783,William Lile,21,Male,UK,2025-08-14
2784,Jennie Benjoseph,19,Male,US,2025-08-15
2785,Andy Schilleroff,63,Female,Brazil,2025-08-16
2786,Amber Beckman,54,Female,Brazil,2025-08-17
2787,Dorothy Weir,46,Female,India,2025-08-18
2788,Josephine Grass,56,Male,US,2025-08-19
2789,Peter Fryer,56,Male,Brazil,2025-08-20
2790,Gayle Winfrey,40,Male,India,2025-08-21
2791,Marilyn Hansen,47,Female,Canada,2025-08-22
2792,Mila Lyttle,53,Female,India,2025-08-23
2793,Dan Bachman,34,Male,Germany,2025-08-24
2794,Pat Carey,21,Male,UK,2025-08-25
2795,Louis Gonzales,28,Female,Brazil,2025-08-26
2796,Louise Wakefield,62,Male,Brazil,2025-08-27
2797,Maisy Waldrop,19,Male,Germany,2025-08-28
2798,Catherine Kowalewski,24,Male,UK,2025-08-29
2799,Susan White,44,Female,UK,2025-08-30
2800,Ashlie Patton,58,Male,US,2025-08-31
2801,Harry Jordan,30,Female,Canada,2025-09-01
2802,Vicki Carstensen,44,Female,India,2025-09-02
2803,Beverly Avila,28,Female,US,2025-09-03
2804,Ronald Tkachenko,45,Male,US,2025-09-04
2805,Sidney Martinez,27,Female,India,2025-09-05
2806,Ernesto Chapman,59,Female,Brazil,2025-09-06
2807,Glenn Aguilar,64,Female,Germany,2025-09-07
2808,Bradley Doman,56,Male,Germany,2025-09-08
2809,Louis Stoal,47,Male,US,2025-09-09
2810,Tracy Rangel,45,Male,Canada,2025-09-10
2811,Shay Kamp,27,Female,Canada,2025-09-11
2812,Billie Moncivaiz,59,Female,Canada,2025-09-12
2813,Judith Hardin,54,Female,Germany,2025-09-13
2814,Charlene Mahanti,52,Male,Canada,2025-09-14
2815,Jeanne Zysko,45,Female,Germany,2025-09-15
2816,Michelle Cochran,32,Female,UK,2025-09-16
2817,Norma Campbell,55,Female,India,2025-09-17
2818,Jorge Boettjer,46,Male,Brazil,2025-09-18
2819,Courtney Dull,29,Female,Canada,2025-09-19
2820,Carl Morris,38,Male,Canada,2025-09-20
2821,Dennis Ahlin,25,Female,Canada,2025-09-21
2822,Inez Carlson,51,Female,Germany,2025-09-22
2823,Sam Cambra,59,Male,US,2025-09-23
2824,Mary Deeds,48,Female,Canada,2025-09-24
2825,Dan Rafferty,47,Male,UK,2025-09-25
2826,Susan Papir,52,Male,Canada,2025-09-26
2827,Cherrie Morgan,23,Male,Brazil,2025-09-27
2828,Nora Walton,22,Female,US,2025-09-28
2829,Carl Beckby,46,Male,Canada,2025-09-29
2830,John Donnelly,59,Female,India,2025-09-30
2831,Florence Duran,51,Male,Brazil,2025-10-01
2832,Brandon Camo,31,Female,Brazil,2025-10-02
2833,Phyllis Sage,50,Male,Brazil,2025-10-03
2834,Leona Bourret,25,Female,Canada,2025-10-04
2835,Mary Lou Ballard,33,Female,UK,2025-10-05
2836,John Lane,28,Male,UK,2025-10-06
2837,Lynda Conway,19,Male,India,2025-10-07
2838,David Barnemam,41,Male,Canada,2025-10-08
2839,Concetta Steinberg,43,Male,Germany,2025-10-09
2840,Carl Williams,48,Male,UK,2025-10-10
2841,Frederick Crosby,38,Female,UK,2025-10-11
2842,Daniel Lincoln,47,Male,Brazil,2025-10-12
2843,Fred Madlener,63,Female,Canada,2025-10-13
2844,Bonnie Carpenter,51,Female,Canada,2025-10-14
2845,W. Dale Souza,63,Female,India,2025-10-15
2846,Robert Isaacs,39,Female,India,2025-10-16
2847,Jesse Devine,38,Male,Brazil,2025-10-17
2848,Julia Hutchings,55,Female,Canada,2025-10-18
2849,Andrew Bonifacio,46,Female,UK,2025-10-19
2850,Judith Vislosky,29,Female,Brazil,2025-10-20
2851,Marcella Peters,60,Male,Canada,2025-10-21
2852,Ralph Borrillo,33,Female,Canada,2025-10-22
2853,Todd Little,51,Male,Brazil,2025-10-23
2854,Phillip Ard,57,Male,Germany,2025-10-24
2855,Larry Goldberg,59,Female,India,2025-10-25
2856,Dawn Dalander,36,Male,Canada,2025-10-26
2857,Adrienne Clement,47,Male,India,2025-10-27
2858,Cali Hufton,61,Female,Germany,2025-10-28
2859,Buck Megenity,18,Male,Brazil,2025-10-29
2860,Katherine McClure,45,Female,US,2025-10-30
2861,Dorrie Bell,29,Female,India,2025-10-31
2862,Jed Piquette,21,Male,India,2025-11-01
2863,Margaret Hill,33,Male,US,2025-11-02
2864,Jerry Zermach,39,Female,India,2025-11-03
2865,Maryann Soderholm,52,Female,Canada,2025-11-04
2866,Richard Archibold,31,Male,India,2025-11-05
2867,Leonard Smith,52,Male,India,2025-11-06
2868,Barbara Bowling,47,Male,India,2025-11-07
2869,Ray Crump,26,Male,Germany,2025-11-08
2870,Angie Williams,52,Female,UK,2025-11-09
2871,Ann Bagley,60,Female,Brazil,2025-11-10
2872,Maria Sylva,28,Male,Germany,2025-11-11
2873,Alphonse Hammer,62,Male,Canada,2025-11-12
2874,Kathryn Baczynski,46,Male,US,2025-11-13
2875,Sheree Stormer,35,Female,Brazil,2025-11-14
2876,Ethel Reiners,42,Female,Germany,2025-11-15
2877,Kathy Montoya,37,Male,Canada,2025-11-16
2878,Myra Williams,23,Female,Brazil,2025-11-17
2879,Paul Takeda,64,Male,India,2025-11-18
2880,Lorraine Dills,63,Female,Canada,2025-11-19
2881,Susan Duenas,44,Female,UK,2025-11-20
2882,Garrett Rodrick,32,Male,India,2025-11-21
2883,Sarah Estep,57,Female,Germany,2025-11-22
2884,Tina Southers,31,Female,UK,2025-11-23
2885,Anthony Ghysels,27,Female,UK,2025-11-24
2886,Jason Castello,35,Female,Canada,2025-11-25
2887,Joseph Browne,18,Male,Germany,2025-11-26
2888,Adele Snyder,50,Male,UK,2025-11-27
2889,D. Teddie Brown,43,Male,Brazil,2025-11-28
2890,Harry Rasmussen,23,Female,Canada,2025-11-29
2891,Yvette Eckley,48,Male,Canada,2025-11-30
2892,Ashley Bielawski,24,Male,UK,2025-12-01
2893,Robert Campbell,60,Male,Canada,2025-12-02
2894,Harold Ernest,30,Female,US,2025-12-03
2895,Elizabeth Kryway,35,Male,Canada,2025-12-04
2896,Ruth Swenson,27,Female,UK,2025-12-05
2897,Merridee Archuleta,22,Female,Brazil,2025-12-06
2898,William Chaney,37,Male,UK,2025-12-07
2899,Kimberly Lundy,51,Male,Germany,2025-12-08
2900,Donald Thompson,59,Male,UK,2025-12-09
2901,Tom Jorgenson,19,Female,UK,2025-12-10
2902,George Zagar,58,Male,UK,2025-12-11
2903,Martha Mapes,31,Male,US,2025-12-12
2904,Wesley Healy,28,Female,US,2025-12-13
2905,Angela Hutchinson,42,Female,India,2025-12-14
2906,Rose Dardanis,24,Male,UK,2025-12-15
2907,Gledola Connelly,33,Female,Brazil,2025-12-16
2908,Susan Solari,52,Female,Canada,2025-12-17
2909,Sean Lentz,26,Male,Brazil,2025-12-18
2910,Glenn Olivera,56,Male,UK,2025-12-19
2911,Kellie Cannon,20,Female,India,2025-12-20
2912,Chad Lusk,54,Female,Germany,2025-12-21
2913,Tamara Trubin,20,Male,US,2025-12-22
2914,Bridget Vanotterloo,24,Male,US,2025-12-23
2915,J. Miller,61,Male,UK,2025-12-24
2916,Kathy Lopez,33,Female,Germany,2025-12-25
2917,Keith Lambuth,43,Female,UK,2025-12-26
2918,Florence Rosemont,25,Female,India,2025-12-27
2919,Joseph Velasquez,53,Male,Canada,2025-12-28
2920,Betty Jo Hedgpeth,33,Female,India,2025-12-29
2921,Dennis Mack,21,Female,Canada,2025-12-30
2922,Sue Meyer,22,Female,Germany,2025-12-31
2923,Kit Taylor,24,Female,Brazil,2026-01-01
2924,Mary Jo Park,24,Male,Germany,2026-01-02
2925,Catherine Park,37,Female,Germany,2026-01-03
2926,Marie Ord,51,Male,Brazil,2026-01-04
2927,Patricia Bowie,25,Male,Brazil,2026-01-05
2928,Elaina Anderson,19,Male,Brazil,2026-01-06
2929,Suzette Baseheart,53,Male,Brazil,2026-01-07
2930,Louis Gonzales,43,Female,Brazil,2026-01-08
2931,Timothy Norris,38,Female,India,2026-01-09
2932,Vee Woods,25,Male,UK,2026-01-10
2933,Safron Thurman,51,Female,US,2026-01-11
2934,Douglas Worland,33,Male,Germany,2026-01-12
2935,George Umene,60,Female,India,2026-01-13
2936,Bonnie Pearl,51,Female,Germany,2026-01-14
2937,Shirley Lease,50,Female,Germany,2026-01-15
2938,Elvira Valderrama,62,Male,Germany,2026-01-16
2939,Susan Greene,31,Male,India,2026-01-17
2940,Linda Blaine,22,Female,Germany,2026-01-18
2941,Richard Tanner,24,Female,Germany,2026-01-19
2942,Dorothy Barry,60,Male,UK,2026-01-20
2943,Joan Kotai,48,Male,US,2026-01-21
2944,Rhonda Moen,54,Female,India,2026-01-22
2945,Frank Attiga,41,Male,Brazil,2026-01-23
2946,Maurice Corey,41,Female,Canada,2026-01-24
2947,Sherrie Berkley,36,Female,India,2026-01-25
2948,Lois Byrne,58,Male,Canada,2026-01-26
2949,Nathan Cordova,21,Male,US,2026-01-27
2950,Mary Kinnaird,59,Female,Brazil,2026-01-28
2951,Robin Purcell,23,Female,UK,2026-01-29
2952,Kenneth Ramsey,27,Female,Canada,2026-01-30
2953,Susan Zehner,37,Female,Canada,2026-01-31
2954,Dale Carmody,58,Female,Germany,2026-02-01
2955,Richard Capoot,23,Female,UK,2026-02-02
2956,Helen Wyatt,62,Male,Brazil,2026-02-03
2957,Earl Triemer,61,Male,Brazil,2026-02-04
2958,Glenn Hahn,63,Female,Germany,2026-02-05
2959,Brandy Malone,61,Male,India,2026-02-06
2960,Victoria Snowden,25,Female,Brazil,2026-02-07
2961,Troilus Sims,38,Female,UK,2026-02-08
2962,Joan Carol,32,Male,Canada,2026-02-09
2963,Renee Payne,51,Male,Brazil,2026-02-10
2964,Lucia Snow,62,Female,UK,2026-02-11
2965,Roger Wornica,50,Female,Brazil,2026-02-12
2966,Bonnie Martin,43,Female,US,2026-02-13
2967,Mary Cooper,28,Female,Brazil,2026-02-14
2968,Charles Martinez,45,Female,Canada,2026-02-15
2969,Jennifer Armstrong,40,Female,Canada,2026-02-16
2970,Evelyn Zilen,26,Male,Germany,2026-02-17
2971,Carol Guilford,36,Male,US,2026-02-18
2972,Andrea Donlon,29,Male,Brazil,2026-02-19
2973,Richard Zefeldt,60,Male,Canada,2026-02-20
2974,Daniel Bruner,44,Male,Germany,2026-02-21
2975,Hazel Ice,51,Male,US,2026-02-22
2976,Carolyne Nelson,42,Male,UK,2026-02-23
2977,Martine Arnold,60,Male,Germany,2026-02-24
2978,Judith Fitzi,21,Female,Canada,2026-02-25
2979,Patricia Marshall,50,Male,Brazil,2026-02-26
2980,Mark Watson,41,Female,Germany,2026-02-27
2981,Edith Coleman,49,Male,UK,2026-02-28
2982,Jodi Willis,37,Female,India,2026-03-01
2983,Larry Tuazon,21,Male,India,2026-03-02
2984,Alice Kesterson,36,Male,US,2026-03-03
2985,Elena Turkette,18,Female,UK,2026-03-04
2986,Antonio Bonilla,33,Female,Canada,2026-03-05
2987,Barbara Barton,18,Male,Canada,2026-03-06
2988,Sue Palmer,34,Male,US,2026-03-07
2989,Steven Sheffield,41,Female,Brazil,2026-03-08
2990,Sheila Valentino,62,Male,India,2026-03-09
2991,Brian Heiser,25,Male,India,2026-03-10
2992,James Brooks,23,Male,Germany,2026-03-11
2993,Yvette Azari,23,Female,Germany,2026-03-12
2994,Christopher Padilla,58,Male,US,2026-03-13
2995,James Trubow,53,Female,UK,2026-03-14
2996,Julia Clem,36,Male,UK,2026-03-15
2997,Natalie Clado,55,Female,India,2026-03-16
2998,Sandy Wright,40,Female,Canada,2026-03-17
2999,Shirley Vargas,63,Female,UK,2026-03-18
3000,Mike Madrid,25,Female,Canada,2026-03-19
3001,Janelle Sloan,38,Male,Canada,2026-03-20
3002,Dana Carol Shannon,45,Female,US,2026-03-21
3003,Henry Pusedu,46,Female,UK,2026-03-22
3004,Karma Sharp,18,Male,Canada,2026-03-23
3005,Cindy Willner,34,Male,UK,2026-03-24
3006,Velma Wells,57,Male,India,2026-03-25
3007,Maria Sanchez,62,Male,Canada,2026-03-26
3008,Joanne Berens,39,Male,Brazil,2026-03-27
3009,Sonja Sommers,63,Female,India,2026-03-28
3010,Pamela Messmer,33,Male,India,2026-03-29
3011,Gloria Cross,40,Male,US,2026-03-30
3012,Christopher Bright,42,Male,Brazil,2026-03-31
3013,Jim Jones,60,Female,Brazil,2026-04-01
3014,Sharon Sandage,34,Male,US,2026-04-02
3015,Theresa Keith,40,Male,Brazil,2026-04-03
3016,David Newsome,23,Male,UK,2026-04-04
3017,Peggy Bermea,56,Male,US,2026-04-05
3018,Norman Smith,55,Female,Canada,2026-04-06
3019,James Remley,64,Female,UK,2026-04-07
3020,Nona Rodacy,64,Male,Canada,2026-04-08
3021,Marilyn Aguilliar,59,Male,US,2026-04-09
3022,Douglas Russell,57,Female,Canada,2026-04-10
3023,Loren Allen,54,Female,India,2026-04-11
3024,Nick Bruce,57,Female,Canada,2026-04-12
3025,Michael Odor,34,Female,UK,2026-04-13
3026,Janette Toevs,59,Female,US,2026-04-14
3027,Willodene Barnes,51,Male,Germany,2026-04-15
3028,Fraidon Morris,56,Female,Canada,2026-04-16
3029,Hazel Clark,23,Male,Brazil,2026-04-17
3030,Maria Marsden,33,Female,Brazil,2026-04-18
3031,Jim Allen,43,Male,UK,2026-04-19
3032,Phil Haynes,58,Male,Canada,2026-04-20
3033,Thelma Hardrick,48,Female,Canada,2026-04-21
3034,Olga Singleton,24,Female,Brazil,2026-04-22
3035,Mary Carrillo,38,Male,India,2026-04-23
3036,Richard Walker,58,Male,Canada,2026-04-24
3037,Jacquelyn Wagner,26,Female,Germany,2026-04-25
3038,Sheila Bancroft,35,Male,UK,2026-04-26
3039,RitaIva Bouton,24,Female,UK,2026-04-27
3040,Laurie Campbell,43,Female,India,2026-04-28
3041,Leslie Appelhans,42,Male,US,2026-04-29
3042,Ricardo White,48,Female,US,2026-04-30
3043,Doug Fead,35,Female,UK,2026-05-01
3044,Sandra Maynard,59,Male,India,2026-05-02
3045,Andrew Luecke,40,Male,Canada,2026-05-03
3046,Jill Wilson,21,Male,US,2026-05-04
3047,M. Stephen Knox,35,Female,Canada,2026-05-05
3048,Gloria Freiberg,55,Male,India,2026-05-06
3049,Geneva Willems,57,Male,Canada,2026-05-07
3050,Edward Ahillas,24,Female,UK,2026-05-08
3051,Dorothy Burgess,60,Male,India,2026-05-09
3052,Evelyn Delvanti,61,Male,Canada,2026-05-10
3053,Maria Silva,34,Male,Canada,2026-05-11
3054,Susan Venegas,34,Male,Brazil,2026-05-12
3055,Stacie Stowe,59,Female,Germany,2026-05-13
3056,Kathleen Morales,64,Female,Brazil,2026-05-14
3057,Helen Hayden,22,Male,UK,2026-05-15
3058,Nathan Randall,38,Male,Brazil,2026-05-16
3059,Judy Doolittle,27,Male,Canada,2026-05-17
3060,David Tenney,19,Male,Canada,2026-05-18
3061,Pamela Messmer,60,Male,UK,2026-05-19
3062,Chauncey Schaub,18,Female,US,2026-05-20
3063,"Ronald Hewton, Sr.",27,Female,Germany,2026-05-21
3064,Karen Pacheco,29,Male,UK,2026-05-22
3065,John Garcia,20,Male,Canada,2026-05-23
3066,Gladys Wookey,37,Male,UK,2026-05-24
3067,Freddie Stephens,42,Male,Germany,2026-05-25
3068,David Sanders,64,Male,US,2026-05-26
3069,Clair Stuart,21,Female,US,2026-05-27
3070,Dominic James,52,Male,Canada,2026-05-28
3071,Christie Trujillo,62,Female,Brazil,2026-05-29
3072,Jennifer Berry,52,Male,Brazil,2026-05-30
3073,Nasrin Hooker,46,Female,UK,2026-05-31
3074,Teresa Babb,23,Female,Canada,2026-06-01
3075,Cheryl Mondragon,50,Male,UK,2026-06-02
3076,Margaret Adams,36,Male,Brazil,2026-06-03
3077,Mary Katherine Sloan,50,Male,India,2026-06-04
3078,Nica Wall,62,Male,UK,2026-06-05
3079,James Remley,62,Male,UK,2026-06-06
3080,Denise Spencer,18,Male,Brazil,2026-06-07
3081,Doug Graham,18,Male,Canada,2026-06-08
3082,Susan Zerfas,31,Male,Canada,2026-06-09
3083,Kenneth Higinbotham,43,Male,Canada,2026-06-10
3084,Doris Fox,29,Female,Canada,2026-06-11
3085,Elmer Coakley,28,Female,Germany,2026-06-12
3086,Gail Wojik,50,Male,US,2026-06-13
3087,Daniel Walston,26,Female,Brazil,2026-06-14
3088,Linda Thomas,37,Male,Brazil,2026-06-15
3089,Deborah Traube,48,Male,Brazil,2026-06-16
3090,John Malmgren,50,Male,Brazil,2026-06-17
3091,Mark Abram,20,Female,Brazil,2026-06-18
3092,Sam Sims,34,Female,Germany,2026-06-19
3093,Tyler Calicura,51,Female,UK,2026-06-20
3094,Robert Lazo,52,Male,India,2026-06-21
3095,Patricia Joyce,44,Female,UK,2026-06-22
3096,Harold Cottles,26,Female,India,2026-06-23
3097,Dixie Good,63,Male,UK,2026-06-24
3098,Cian Stedman,21,Female,Germany,2026-06-25
3099,Gautam Hathi,32,Female,Canada,2026-06-26
3100,Matthew Wallace,57,Male,Brazil,2026-06-27
3101,Jean Fernandez,44,Male,UK,2026-06-28
3102,Eyra Green,64,Male,Canada,2026-06-29
3103,William Reyher,36,Female,US,2026-06-30
3104,Caryl Esche,35,Female,UK,2026-07-01
3105,Mary Gancel,30,Female,US,2026-07-02
3106,Arlene Ang,39,Male,Brazil,2026-07-03
3107,Peter Fryer,51,Female,Germany,2026-07-04
3108,Jayne Chandler,48,Male,US,2026-07-05
3109,John Johnson,44,Female,UK,2026-07-06
3110,Andrew Howley,33,Male,Germany,2026-07-07
3111,Susan Davis,30,Male,UK,2026-07-08
3112,Dennis Ashford,26,Male,UK,2026-07-09
3113,Warren Ureste,19,Male,UK,2026-07-10
3114,Pas Vered,59,Male,Canada,2026-07-11
3115,Peter Brown,58,Female,Brazil,2026-07-12
3116,Stanley Marks,61,Female,India,2026-07-13
3117,Harriet Geer,48,Male,UK,2026-07-14
3118,Eric Belleci,29,Male,UK,2026-07-15
3119,Christine Sandy Kurtz,35,Female,Canada,2026-07-16
3120,Susan Higgins,57,Male,UK,2026-07-17
3121,Arden Gonzales,21,Female,Brazil,2026-07-18
3122,Danielle Breslin,41,Female,Canada,2026-07-19
3123,Janis Otis,54,Male,Brazil,2026-07-20
3124,Joanne Talley,47,Male,UK,2026-07-21
3125,Stephen Bolling,24,Female,UK,2026-07-22
3126,Joan Lovato,53,Male,US,2026-07-23
3127,Kyle Hansen,59,Female,US,2026-07-24
3128,Mary Sullivan,30,Female,UK,2026-07-25
3129,Paul Tato,54,Male,Germany,2026-07-26
3130,Jerry Kolosso,63,Male,Brazil,2026-07-27
3131,Michael Warner,22,Female,UK,2026-07-28
3132,Tamara Dowd,23,Male,Canada,2026-07-29
3133,Hansraji Topliss,53,Female,India,2026-07-30
3134,Vicki Welsh,41,Male,Germany,2026-07-31
3135,Donald Thompson,26,Male,UK,2026-08-01
3136,Nicholas Martinez,33,Female,UK,2026-08-02
3137,Ken Ross,30,Male,Germany,2026-08-03
3138,Jeffrey Marsac,31,Female,India,2026-08-04
3139,Deborah Soldan,58,Male,Brazil,2026-08-05
3140,William Lile,55,Female,US,2026-08-06
3141,Alexis Vukelich,37,Male,Brazil,2026-08-07
3142,Thomas Butler,20,Male,Canada,2026-08-08
3143,Robert Rovenza,32,Female,Brazil,2026-08-09
3144,Judy Anderson,32,Female,US,2026-08-10
3145,Kathryn Holderness,27,Female,Canada,2026-08-11
3146,James Myers,31,Female,US,2026-08-12
3147,Donald Barrier,48,Female,Canada,2026-08-13
3148,Derek Standridge,63,Male,Brazil,2026-08-14
3149,Betty Marco,57,Female,Brazil,2026-08-15
3150,John Beresford,18,Male,UK,2026-08-16
3151,Martin Cameron,23,Female,Canada,2026-08-17
3152,Josephine Schwartz,41,Male,Germany,2026-08-18
3153,Diane Scott,44,Male,Canada,2026-08-19
3154,Zachariah Shrader,22,Male,Germany,2026-08-20
3155,Michael Pfeifer,59,Male,Brazil,2026-08-21
3156,Anthony Fenton,39,Female,US,2026-08-22
3157,Brian Clayton,28,Female,Germany,2026-08-23
3158,Fred Bolla,47,Female,UK,2026-08-24
3159,Janet Carl,53,Female,India,2026-08-25
3160,Jerry Ashbrook,43,Male,Germany,2026-08-26
3161,Carol Banks,25,Male,Brazil,2026-08-27
3162,Irving Buck,21,Male,UK,2026-08-28
3163,John Smith,45,Female,Canada,2026-08-29
3164,Margaret Potter,57,Female,US,2026-08-30
3165,Becky Andres,53,Male,Canada,2026-08-31
3166,Annabelle Valencia,34,Male,UK,2026-09-01
3167,Betty Avetisian,60,Female,UK,2026-09-02
3168,Marsha Perse,50,Female,US,2026-09-03
3169,Ella Burks,18,Male,India,2026-09-04
3170,James Neibaur,54,Female,Brazil,2026-09-05
3171,Ronald Heymsfield,64,Female,Canada,2026-09-06
3172,Donny Castano,19,Female,Canada,2026-09-07
3173,Klara Nilson,21,Male,India,2026-09-08
3174,Mary Tate,36,Male,Brazil,2026-09-09
3175,Charles Pearl,32,Male,Germany,2026-09-10
3176,Raul Reed,39,Male,US,2026-09-11
3177,Sharon James,52,Male,US,2026-09-12
3178,Theresa McFarren,22,Female,India,2026-09-13
3179,Sam Cambra,36,Male,UK,2026-09-14
3180,James Ure,33,Male,Germany,2026-09-15
3181,Fatima Larsen,22,Male,UK,2026-09-16
3182,Todd Logan,35,Female,Germany,2026-09-17
3183,Marjorie Clark,48,Female,US,2026-09-18
3184,Pierce Villa,26,Male,India,2026-09-19
3185,Jason Becker,22,Male,Brazil,2026-09-20
3186,Jeffrey Boswell,53,Female,India,2026-09-21
3187,Mary Wang,55,Female,US,2026-09-22
3188,Dan Yount,38,Male,US,2026-09-23
3189,Tom Smith,44,Female,Canada,2026-09-24
3190,Peggy Pearson,44,Male,Canada,2026-09-25
3191,Jamie Agnew,22,Male,India,2026-09-26
3192,Gunar Kasimir,61,Female,UK,2026-09-27
3193,Michelle Casaus,40,Female,Brazil,2026-09-28
3194,Ramon Werts,63,Male,Canada,2026-09-29
3195,Benjamin Morris,62,Female,Germany,2026-09-30
3196,Deidre Pugh,27,Male,Germany,2026-10-01
3197,Ana Medina,28,Female,Canada,2026-10-02
3198,Glen Leadingham,19,Female,Canada,2026-10-03
3199,Doreene Traeber,55,Male,UK,2026-10-04
3200,Judine Hunt,60,Male,UK,2026-10-05
3201,Valerie Thomas,53,Male,Germany,2026-10-06
3202,Belinda Campello,62,Female,Brazil,2026-10-07
3203,Norma Velasquez,25,Male,Brazil,2026-10-08
3204,Onetha Ball,59,Male,Brazil,2026-10-09
3205,Portia Velasquez,54,Female,India,2026-10-10
3206,Laurel Stevens,60,Male,Canada,2026-10-11
3207,Nola Blanco,54,Male,Germany,2026-10-12
3208,Helen Schacter,33,Male,US,2026-10-13
3209,Virginia Beerbaum,53,Male,US,2026-10-14
3210,Bette Rayburn,39,Female,US,2026-10-15
3211,Inge Vaughn,19,Female,UK,2026-10-16
3212,Viva Petrie,33,Female,Brazil,2026-10-17
3213,Mariam Carey,20,Female,UK,2026-10-18
3214,Virginia Crotto,55,Male,US,2026-10-19
3215,Donna Applegate,40,Female,Canada,2026-10-20
3216,Janet Vigil,44,Female,US,2026-10-21
3217,Frances Schultz,42,Female,UK,2026-10-22
3218,Ernest Staton,54,Female,UK,2026-10-23
3219,Cathy Vine,26,Female,Brazil,2026-10-24
3220,Clarine Arbaiza,54,Female,US,2026-10-25
3221,Michelle Tran,61,Male,Germany,2026-10-26
3222,Edward Barrera,63,Male,US,2026-10-27
3223,Robert Swagerty,63,Male,India,2026-10-28
3224,Ken Cox,62,Male,US,2026-10-29
3225,Dennis Stonesifer,60,Female,Brazil,2026-10-30
3226,Joanna Hanold,45,Male,Canada,2026-10-31
3227,Joyce Bentley,50,Male,US,2026-11-01
3228,James Gold,47,Female,India,2026-11-02
3229,Anthony Stafford,27,Female,UK,2026-11-03
3230,Mary Ingram,38,Female,India,2026-11-04
3231,Leslie Urias,50,Female,UK,2026-11-05
3232,Jack Baccus,37,Male,UK,2026-11-06
3233,Belinda Topping,63,Male,US,2026-11-07
3234,Joey Mahlon,35,Male,Brazil,2026-11-08
3235,Shih-yin Cramer,34,Male,Germany,2026-11-09
3236,Branna Seul,20,Female,UK,2026-11-10
3237,Jackie Cooke,41,Female,India,2026-11-11
3238,Karen Brown,18,Female,India,2026-11-12
3239,John Weaver,41,Female,Brazil,2026-11-13
3240,Kenneth Hall,28,Male,US,2026-11-14
3241,Randall Van Fleet,35,Female,Canada,2026-11-15
3242,Barbara Wisnewski,62,Female,Germany,2026-11-16
3243,Tyler Vaisnor,43,Male,Brazil,2026-11-17
3244,Karen Spevack,47,Male,Brazil,2026-11-18
3245,Carolyn Walters,29,Female,Canada,2026-11-19
3246,W. Malcolm Turner,51,Female,UK,2026-11-20
3247,Margorie Butcher,45,Female,India,2026-11-21
3248,Carolyn Leon,29,Male,Brazil,2026-11-22
3249,Janice Widman,51,Male,India,2026-11-23
3250,Linda Horton,57,Male,US,2026-11-24
3251,Margaret Clendenen,28,Female,India,2026-11-25
3252,Lisa Wills,59,Male,UK,2026-11-26
3253,Patrick Teater,48,Female,US,2026-11-27
3254,Michael Takaki,40,Female,US,2026-11-28
3255,Myrtle Lee,36,Female,US,2026-11-29
3256,Jeroen Myers,37,Male,Germany,2026-11-30
3257,Paul Purcell,30,Female,Canada,2026-12-01
3258,Joseph Henderson,30,Male,Canada,2026-12-02
3259,Gerald Mitchell,64,Female,US,2026-12-03
3260,Juanita Aiello,51,Male,Brazil,2026-12-04
3261,Monica Ardon,33,Male,Germany,2026-12-05
3262,Myreda Calahoo,20,Male,Brazil,2026-12-06
3263,Janice Sondag,23,Female,US,2026-12-07
3264,Jim Taylor,47,Male,Germany,2026-12-08
3265,Harriet Cabezzaslacayo,40,Male,Canada,2026-12-09
3266,Pamala Kotc,47,Female,Canada,2026-12-10
3267,Harry Torphy,53,Female,Canada,2026-12-11
3268,Lorene Drury,53,Female,India,2026-12-12
3269,Jimmy King,62,Male,Canada,2026-12-13
3270,Monta Bahr,18,Male,Germany,2026-12-14
3271,Elmer Villaluz,39,Female,India,2026-12-15
3272,Jeannette Bura,21,Male,Germany,2026-12-16
3273,Shannon Sullivan,20,Male,Canada,2026-12-17
3274,Karen Schuster,42,Female,India,2026-12-18
3275,Eran Tipton,19,Female,Canada,2026-12-19
3276,Lucille Beaty,21,Female,UK,2026-12-20
3277,Mike Melillo,58,Male,Canada,2026-12-21
3278,Cindy Dodd,58,Male,US,2026-12-22
3279,Ann Westover,61,Female,US,2026-12-23
3280,Celine Gay,50,Female,Canada,2026-12-24
3281,Bendt Tutt,36,Male,India,2026-12-25
3282,Kathy Sandblom,64,Male,Brazil,2026-12-26
3283,Jeff Hartman,56,Male,Canada,2026-12-27
3284,Donna Katz,42,Male,UK,2026-12-28
3285,Lillian McCormick,58,Male,India,2026-12-29
3286,Thomas Young,58,Male,UK,2026-12-30
3287,Shae Meuller,57,Male,Germany,2026-12-31
3288,Ray Crump,62,Female,Canada,2027-01-01
3289,Clay Warthen,34,Female,Germany,2027-01-02
3290,Mae Winder,63,Male,India,2027-01-03
3291,Emma Gillis,57,Male,Brazil,2027-01-04
3292,Beverly Purvey,18,Female,India,2027-01-05
3293,Anna Stephens,20,Female,UK,2027-01-06
3294,John Johnson,24,Female,India,2027-01-07
3295,Kandi Mcauliffe,64,Male,Brazil,2027-01-08
3296,Carol Clark,19,Male,UK,2027-01-09
3297,Jerome Walcott,60,Male,US,2027-01-10
3298,Margaret Cheney,58,Female,UK,2027-01-11
3299,Theresa Verdadero,44,Female,UK,2027-01-12
3300,Harold Cohen,40,Male,Brazil,2027-01-13
3301,Mollie Bradford,63,Female,UK,2027-01-14
3302,Bethany Bermudez,31,Female,Germany,2027-01-15
3303,Lorence Zastpil,32,Female,India,2027-01-16
3304,Minerva Marshall,50,Male,UK,2027-01-17
3305,Cassandra Telfer,26,Female,Germany,2027-01-18
3306,Diane Barukh,24,Male,Germany,2027-01-19
3307,Carla Zubaty,46,Female,Canada,2027-01-20
3308,Theresa Mcevoy,18,Female,Brazil,2027-01-21
3309,Donna Kneipple,23,Female,Canada,2027-01-22
3310,Jerry Zermach,20,Male,Canada,2027-01-23
3311,Kathleen Pacheco,56,Female,UK,2027-01-24
3312,Jerry Mercado,53,Female,India,2027-01-25
3313,Ron Bratek,54,Male,US,2027-01-26
3314,Jorge Phillips,25,Male,UK,2027-01-27
3315,Josh Mullins,31,Male,India,2027-01-28
3316,Allison Ehrens,31,Male,US,2027-01-29
3317,Hazel Dewberry,55,Female,Germany,2027-01-30
3318,Kenneth Whittington,20,Male,Brazil,2027-01-31
3319,Henry Bonal,34,Female,India,2027-02-01
3320,Marilyn Medina,29,Male,India,2027-02-02
3321,Derek Standridge,43,Male,Canada,2027-02-03
3322,David Stevens,42,Female,India,2027-02-04
3323,Virginia Whitney,19,Female,Brazil,2027-02-05
3324,Ray Carter,41,Female,UK,2027-02-06
3325,David White,24,Male,Canada,2027-02-07
3326,Melvin Bukias,20,Male,Germany,2027-02-08
3327,Nathan Eddy,24,Female,India,2027-02-09
3328,Emma Johnson,20,Female,Brazil,2027-02-10
3329,Joshua Small,27,Male,Canada,2027-02-11
3330,Tony Irvin,63,Male,US,2027-02-12
3331,Jeanne Ibarra,43,Male,India,2027-02-13
3332,Michelle Gottier,27,Female,Brazil,2027-02-14
3333,Lamont Van Katwyk,19,Male,Brazil,2027-02-15
3334,Helen Laing,36,Male,India,2027-02-16
3335,Bruce Wood,51,Male,Germany,2027-02-17
3336,Matthew Miller,46,Female,Brazil,2027-02-18
3337,Dennis Passig,52,Male,UK,2027-02-19
3338,Lauri Stubbs,40,Female,US,2027-02-20
3339,Kimberly Bergethon,58,Male,Canada,2027-02-21
3340,Joshua Branson,63,Male,UK,2027-02-22
3341,John Lenorovitz,21,Male,UK,2027-02-23
3342,Merle Stotka,25,Male,US,2027-02-24
3343,Kittie Mills,50,Male,Germany,2027-02-25
3344,Gonzalo Plant,64,Male,UK,2027-02-26
3345,Helen Bland,25,Female,UK,2027-02-27
3346,Vangie Perry,32,Male,Canada,2027-02-28
3347,Susan Duenas,52,Female,Brazil,2027-03-01
3348,Kenneth Thomas,26,Female,Brazil,2027-03-02
3349,Ted Kottenstette,39,Male,Brazil,2027-03-03
3350,Gerald Casey,45,Male,Germany,2027-03-04
3351,Samuel Ferrill,21,Female,Germany,2027-03-05
3352,Christopher Young,33,Female,India,2027-03-06
3353,Deborah Payne,36,Female,Canada,2027-03-07
3354,Phil Munoz,61,Female,Brazil,2027-03-08
3355,Lester Bowman,33,Female,Germany,2027-03-09
3356,Adrienne Clement,39,Male,US,2027-03-10
3357,Mary Coy,25,Female,UK,2027-03-11
3358,Holly Leland,44,Female,Germany,2027-03-12
3359,James Perry,33,Male,Brazil,2027-03-13
3360,Sarah Estep,61,Female,UK,2027-03-14
3361,Carl Sonneborn,55,Male,Germany,2027-03-15
3362,Joy Turner,32,Male,Brazil,2027-03-16
3363,Joan Johnson,35,Female,Brazil,2027-03-17
3364,Kevin Zorovich,45,Male,Brazil,2027-03-18
3365,William Battaglia,50,Female,Germany,2027-03-19
3366,Maryan Purcell,60,Male,Germany,2027-03-20
3367,Kyle Hansen,41,Female,Brazil,2027-03-21
3368,Duane West,22,Male,India,2027-03-22
3369,Stacey Cereghino,25,Male,Germany,2027-03-23
3370,Jeremy Hoffman,59,Female,India,2027-03-24
3371,Abigail Foster,57,Male,Canada,2027-03-25
3372,Bob Pencoff,62,Female,US,2027-03-26
3373,Kadija Proctor,28,Male,Germany,2027-03-27
3374,Judy Storjohann,48,Male,Canada,2027-03-28
3375,Earl Booyer,46,Female,US,2027-03-29
3376,Carol Cook,43,Male,Brazil,2027-03-30
3377,Johanna Strickland,18,Female,UK,2027-03-31
3378,Trish Pederson,54,Male,Canada,2027-04-01
3379,James Barnurn,25,Male,Brazil,2027-04-02
3380,John Wenzel,23,Male,UK,2027-04-03
3381,Susan Neuner,58,Male,UK,2027-04-04
3382,Barbara Sponburg,59,Female,India,2027-04-05
3383,Robert Stephenson,29,Male,Brazil,2027-04-06
3384,Emily Barela,20,Male,Brazil,2027-04-07
3385,Sandra Cartwright,37,Female,Canada,2027-04-08
3386,William Wade,60,Male,India,2027-04-09
3387,James Lewis,21,Female,India,2027-04-10
3388,Wendy Jenkins,55,Female,India,2027-04-11
3389,Frank Brink,39,Male,US,2027-04-12
3390,Veda Collins,23,Female,India,2027-04-13
3391,Nancy Cordova,28,Male,India,2027-04-14
3392,Julie Tackett,35,Female,Brazil,2027-04-15
3393,Mouloud Pancoast,34,Female,Germany,2027-04-16
3394,Eric Renn,43,Male,Brazil,2027-04-17
3395,Ila Wimmer,45,Male,US,2027-04-18
3396,Bonnie Witten,45,Male,US,2027-04-19
3397,Robert Christensen,25,Male,US,2027-04-20
3398,Theresa Noffsinger,57,Male,India,2027-04-21
3399,Helen Addington,21,Female,UK,2027-04-22
3400,Renee Horton,38,Male,Brazil,2027-04-23
3401,Toni Bezjak,50,Female,UK,2027-04-24
3402,Bradley Varadi,60,Female,Germany,2027-04-25
3403,Shirley Gottbehuet,35,Male,Germany,2027-04-26
3404,Joshua Pierce,27,Male,UK,2027-04-27
3405,Janice Walker,36,Male,India,2027-04-28
3406,Michelle Wills,40,Female,Germany,2027-04-29
3407,Sharon MacBride,34,Female,Germany,2027-04-30
3408,Charles Martinez,29,Male,Canada,2027-05-01
3409,Earl Taylor,27,Male,US,2027-05-02
3410,Henrietta Simmons,23,Female,UK,2027-05-03
3411,Patrick White,24,Male,Canada,2027-05-04
3412,Sam Sims,32,Female,Brazil,2027-05-05
3413,Susie Hurtado,52,Female,UK,2027-05-06
3414,Nadine Brehm,48,Female,Germany,2027-05-07
3415,Franklin Castillo,46,Male,UK,2027-05-08
3416,William Abravaya,56,Female,UK,2027-05-09
3417,Jason Cammarota,24,Female,Germany,2027-05-10
3418,James Bihl,58,Male,India,2027-05-11
3419,Pamela Visperas,21,Male,Canada,2027-05-12
3420,Ruth Brown,40,Female,UK,2027-05-13
3421,Christoper Edwards,44,Male,India,2027-05-14
3422,Tom Barajas,64,Male,US,2027-05-15
3423,Geneva McAden,27,Male,India,2027-05-16
3424,Matt Oneal,37,Male,Brazil,2027-05-17
3425,Debra Pence,28,Female,Brazil,2027-05-18
3426,Shany Starr,18,Female,India,2027-05-19
3427,Karen Perko,33,Female,Canada,2027-05-20
3428,Esther Norris,55,Male,Germany,2027-05-21
3429,Glenna Archilla,60,Female,Germany,2027-05-22
3430,Julie Estes,20,Female,Brazil,2027-05-23
3431,Brenda McElfresh,30,Male,Brazil,2027-05-24
3432,Lucille Edwards,40,Male,Canada,2027-05-25
3433,Ruby Kaye Dulude,34,Male,Brazil,2027-05-26
3434,Hattie Haemon,47,Male,US,2027-05-27
3435,Lupe Swartwood,19,Female,India,2027-05-28
3436,John Harrington,62,Male,Brazil,2027-05-29
3437,Dane Schmidt,58,Male,Germany,2027-05-30
3438,Joan Chilimidos,31,Male,UK,2027-05-31
3439,Lawrence Hale,23,Male,UK,2027-06-01
3440,Janice Monitor,51,Female,Brazil,2027-06-02
3441,Geneva McAden,59,Male,India,2027-06-03
3442,Kelvin McCarron,54,Male,US,2027-06-04
3443,Barry Slominski,39,Male,US,2027-06-05
3444,Anna Creager,34,Female,Germany,2027-06-06
3445,Elisabeth Slorf,20,Female,Canada,2027-06-07
3446,Jean Walsh,42,Male,Canada,2027-06-08
3447,Dustin Alvarez,29,Male,UK,2027-06-09
3448,Cathy Norwood,33,Female,Brazil,2027-06-10
3449,Rhoda Blackstock,45,Male,US,2027-06-11
3450,Gloria Querengasser,48,Female,Canada,2027-06-12
3451,Leah Jarnagin,62,Male,US,2027-06-13
3452,Jean Holcomb,54,Female,Germany,2027-06-14
3453,Kit Austen,27,Female,US,2027-06-15
3454,Maudlyn Bergman,26,Male,Brazil,2027-06-16
3455,Don Lundblade,34,Female,Canada,2027-06-17
3456,Garrett Price,37,Female,India,2027-06-18
3457,Ted Lindberg,42,Male,Canada,2027-06-19
3458,Michael Brackett,20,Male,Brazil,2027-06-20
3459,Lindsey Cruya,31,Female,India,2027-06-21
3460,Louise Klunder,36,Female,Germany,2027-06-22
3461,Royanne Newby,31,Male,Brazil,2027-06-23
3462,Verla Walter,56,Female,India,2027-06-24
3463,Gregory Wademan,37,Female,Germany,2027-06-25
3464,Susan York,31,Male,US,2027-06-26
3465,Vena Khong,25,Male,Brazil,2027-06-27
3466,Jinous Gonzales,40,Female,Germany,2027-06-28
3467,Nancy Bratset,43,Female,Canada,2027-06-29
3468,Mark Burris,25,Female,Brazil,2027-06-30
3469,Dora Horton,42,Male,UK,2027-07-01
3470,Craig Van Zandt,45,Male,Germany,2027-07-02
3471,Marina Erwin,46,Female,Canada,2027-07-03
3472,John Vanzwol,56,Male,UK,2027-07-04
3473,Donald Durbin,34,Female,Germany,2027-07-05
3474,Celia Haug,54,Male,Canada,2027-07-06
3475,Vincent Shane,42,Male,UK,2027-07-07
3476,Maxine Alexander,19,Male,Brazil,2027-07-08
3477,Tom Harbaugh,39,Female,Germany,2027-07-09
3478,Dennis Passig,36,Female,Germany,2027-07-10
3479,Yolanda Estep,46,Male,UK,2027-07-11
3480,Heysel Stratton,55,Male,India,2027-07-12
3481,Subhi Cervantes,64,Female,India,2027-07-13
3482,Oscar Roche,41,Male,Canada,2027-07-14
3483,Marcia Sultan,57,Male,Brazil,2027-07-15
3484,Clinton Primavera,56,Male,Brazil,2027-07-16
3485,Yehoshua Fenderbosch,63,Female,Canada,2027-07-17
3486,Stan Alexander,45,Male,US,2027-07-18
3487,Georgia Dondzila,35,Female,Canada,2027-07-19
3488,Scott Bongirno,57,Female,Canada,2027-07-20
3489,Marcella Peters,39,Male,India,2027-07-21
3490,Muffy Abbruzzese,31,Male,India,2027-07-22
3491,Carrie Wiley,26,Male,Canada,2027-07-23
3492,Ana Piserchio,46,Male,UK,2027-07-24
3493,Ezelle Kent,25,Female,Brazil,2027-07-25
3494,Aimee Brown,20,Male,Brazil,2027-07-26
3495,Dawn Woods,45,Female,Germany,2027-07-27
3496,Charles Weidman,22,Female,Germany,2027-07-28
3497,Cordelia Wolfe,38,Female,Canada,2027-07-29
3498,Joan Poole,53,Male,Germany,2027-07-30
3499,Louis Gomez,37,Male,US,2027-07-31
3500,Corinne Jordan,50,Female,UK,2027-08-01
3501,Mai Reed,40,Female,Brazil,2027-08-02
3502,Sandy Quillen,57,Female,Brazil,2027-08-03
3503,Ernie Weindel,24,Female,US,2027-08-04
3504,Vivian Anderson,59,Female,Germany,2027-08-05
3505,Alice Worster,51,Female,Brazil,2027-08-06
3506,Karen Hobier,54,Male,Germany,2027-08-07
3507,Winifred Zadel,32,Male,Canada,2027-08-08
3508,Charlotte Price,61,Male,Brazil,2027-08-09
3509,Susie Battle,35,Male,US,2027-08-10
3510,Dale Washburn,22,Female,India,2027-08-11
3511,Nancy Waterhouse,26,Male,Canada,2027-08-12
3512,Mark Clark,63,Female,UK,2027-08-13
3513,Dalene Crega,35,Female,Canada,2027-08-14
3514,Kimberly Smith,64,Male,UK,2027-08-15
3515,Marie Veistracten,47,Male,Germany,2027-08-16
3516,Al Stiles,55,Female,Germany,2027-08-17
3517,Kately York,38,Female,US,2027-08-18
3518,Ernie Northcutt,55,Female,US,2027-08-19
3519,Maria Darrow,62,Male,Germany,2027-08-20
3520,Joan Staley,31,Female,India,2027-08-21
3521,Frank Pierson,21,Female,India,2027-08-22
3522,Pamela Walden,33,Male,Canada,2027-08-23
3523,Nancy Hirota,25,Male,India,2027-08-24
3524,Pamela Messmer,26,Male,Brazil,2027-08-25
3525,Jerry Boren,30,Male,Germany,2027-08-26
3526,Leslie Glasier,20,Male,UK,2027-08-27
3527,Mary Jean Cochran,39,Male,Brazil,2027-08-28
3528,Pamela Anton,59,Female,US,2027-08-29
3529,Evelyn Delvanti,55,Female,India,2027-08-30
3530,Craig Sanchez,36,Male,US,2027-08-31
3531,Amanda Tucker,58,Male,Brazil,2027-09-01
3532,William Battaglia,60,Female,Germany,2027-09-02
3533,Bonnie Brook,60,Female,Germany,2027-09-03
3534,Irene Lackey,59,Male,India,2027-09-04
3535,Helen Brouillet,48,Female,UK,2027-09-05
3536,Joshua Clark,37,Female,Canada,2027-09-06
3537,Glaudeana Florez,54,Female,Germany,2027-09-07
3538,Chris King,64,Male,Brazil,2027-09-08
3539,Laurie Sweet,33,Male,India,2027-09-09
3540,Harry Chamber,20,Female,UK,2027-09-10
3541,Edwin Vaid,41,Male,UK,2027-09-11
3542,Crystal Truxel,21,Female,UK,2027-09-12
3543,Gina Hartvickson,20,Female,Brazil,2027-09-13
3544,James Thomas,59,Female,Brazil,2027-09-14
3545,Pamela Wallin,48,Male,UK,2027-09-15
3546,Cathy Mulay,45,Female,US,2027-09-16
3547,Juliet Crisp,26,Male,Canada,2027-09-17
3548,Margaret McCarthy,20,Male,Canada,2027-09-18
3549,Donna Blair,33,Female,India,2027-09-19
3550,Arlene Sinnamon,58,Female,India,2027-09-20
3551,Stanley Marks,18,Male,Germany,2027-09-21
3552,Joyce Krow,29,Male,India,2027-09-22
3553,Peter Colombo,43,Female,India,2027-09-23
3554,Elisa Belloni,64,Male,India,2027-09-24
3555,Julian Jones,30,Male,Germany,2027-09-25
3556,Henry Fielder,41,Female,UK,2027-09-26
3557,Alvin Smith,22,Male,Brazil,2027-09-27
3558,Kamal Pansa,18,Female,India,2027-09-28
3559,Kenneth Monninger,38,Male,Germany,2027-09-29
3560,Jacob Miller,31,Female,Brazil,2027-09-30
3561,Mary Corsi,53,Female,Germany,2027-10-01
3562,Barbara Gambrel,60,Male,Canada,2027-10-02
3563,Vera Reyes,38,Female,US,2027-10-03
3564,Patricia Parker,28,Female,Brazil,2027-10-04
3565,Thomas Ritacco,48,Female,Canada,2027-10-05
3566,Thai Thomas,30,Male,Canada,2027-10-06
3567,John Sherman,64,Male,Canada,2027-10-07
3568,David Staisteven,19,Male,India,2027-10-08
3569,Evelyn McGee,64,Male,Germany,2027-10-09
3570,Sharon Tracey,41,Male,US,2027-10-10
3571,Lori Anderson,50,Female,India,2027-10-11
3572,Mildred Bush,61,Male,Brazil,2027-10-12
3573,Gary Reimer,52,Male,UK,2027-10-13
3574,Teresa Coleman,59,Female,UK,2027-10-14
3575,Louise Wright,20,Male,Germany,2027-10-15
3576,Melvyn Kochevar,48,Female,Brazil,2027-10-16
3577,Ruby Tomlinson,30,Male,Brazil,2027-10-17
3578,Darrell Vuong,29,Male,Canada,2027-10-18
3579,Lorraine Todd,56,Female,UK,2027-10-19
3580,Kerri Mondragon,36,Male,UK,2027-10-20
3581,Nicolas Suleiman,18,Female,US,2027-10-21
3582,Martha Wilson,53,Female,UK,2027-10-22
3583,Andrew Luecke,33,Male,Germany,2027-10-23
3584,Ruth Webb,28,Female,India,2027-10-24
3585,Orlando Gee,63,Male,US,2027-10-25
3586,Pembra Kramp,43,Female,Canada,2027-10-26
3587,Joyce Snyder,37,Male,US,2027-10-27
3588,Thelma Cook,63,Female,Germany,2027-10-28
3589,Jerry Ingram,52,Female,India,2027-10-29
3590,Christopher Sweet,31,Male,India,2027-10-30
3591,Raymond Berg,52,Male,US,2027-10-31
3592,Julie Dunn,26,Male,Canada,2027-11-01
3593,Christian Frinton,23,Female,UK,2027-11-02
3594,Wellington Amato,19,Male,Germany,2027-11-03
3595,Helen Brouillet,46,Male,US,2027-11-04
3596,Peggy Thompson,49,Male,India,2027-11-05
3597,Richard Runyon,34,Male,India,2027-11-06
3598,Chandria Brunner,18,Female,India,2027-11-07
3599,John Vanzwol,63,Female,UK,2027-11-08
3600,Laura Welden,29,Male,India,2027-11-09
3601,Dorothy Wollesen,24,Male,Canada,2027-11-10
3602,Carol Lindsay,30,Female,Canada,2027-11-11
3603,Edward Kaddy,24,Female,Germany,2027-11-12
3604,Abigail Foster,60,Male,Canada,2027-11-13
3605,Judy Storjohann,36,Female,US,2027-11-14
3606,Jeff Hampton,32,Female,UK,2027-11-15
3607,Leslie Grauert,36,Male,India,2027-11-16
3608,Zelda Acevedo,41,Male,Brazil,2027-11-17
3609,Susan Brown,27,Male,India,2027-11-18
3610,Leland Bohrer,24,Female,India,2027-11-19
3611,Santosh Moore,50,Female,Germany,2027-11-20
3612,Carl Beckby,50,Female,Germany,2027-11-21
3613,Louis Lewis,60,Male,UK,2027-11-22
3614,Richard Sullivan,35,Female,India,2027-11-23
3615,Anthony Baldwin,38,Male,Brazil,2027-11-24
3616,Tom Holmes,34,Female,US,2027-11-25
3617,John Pearson,27,Male,UK,2027-11-26
3618,Marjory Mcgee,21,Male,Germany,2027-11-27
3619,Jeremy Styers,42,Male,Brazil,2027-11-28
3620,Delia Cody,51,Male,US,2027-11-29
3621,Rupert Johnson,28,Male,Germany,2027-11-30
3622,Bruce Ferguson,28,Female,US,2027-12-01
3623,Lenora Cortessis,42,Male,India,2027-12-02
3624,Leonard Burnett,43,Female,US,2027-12-03
3625,Mark Burris,62,Male,Canada,2027-12-04
3626,Thomas Medina,49,Female,US,2027-12-05
3627,Dorothy Burgess,50,Male,US,2027-12-06
3628,Carolyn Spindler,60,Female,India,2027-12-07
3629,Anita Lucero,62,Female,Canada,2027-12-08
3630,Barbara Craig,29,Female,India,2027-12-09
3631,Todd Kuntz,62,Male,Brazil,2027-12-10
3632,Todd Mendell,63,Male,Germany,2027-12-11
3633,Ellen Waits,23,Male,Brazil,2027-12-12
3634,Harry Britton,35,Female,UK,2027-12-13
3635,Michael Marks,49,Female,Brazil,2027-12-14
3636,Mary Mallory,40,Male,India,2027-12-15
3637,Cloyce Smith,63,Male,UK,2027-12-16
3638,Leonard Childs,61,Male,US,2027-12-17
3639,Elsie Smith,20,Female,US,2027-12-18
3640,Jason Kile,23,Female,Canada,2027-12-19
3641,Rafael Wright,64,Female,Canada,2027-12-20
3642,Trudy Voeltz,34,Female,Brazil,2027-12-21
3643,Carolyn Baumann,61,Female,Canada,2027-12-22
3644,Sadie Pope,54,Male,UK,2027-12-23
3645,Marguerite Pacheco,29,Male,UK,2027-12-24
3646,Stanley Staggs,45,Female,India,2027-12-25
3647,H. Patrick Vanzwol,33,Female,Germany,2027-12-26
3648,Stacie Aguilar,62,Male,Germany,2027-12-27
3649,Curtis Howard,20,Female,Brazil,2027-12-28
3650,Louis Stone,33,Male,Germany,2027-12-29
3651,Jaye Crump,60,Female,Germany,2027-12-30
3652,Georgia Landrum,30,Male,Canada,2027-12-31
3653,Howard Frost,18,Female,India,2028-01-01
3654,Corrie Steger,48,Male,UK,2028-01-02
3655,Victor Clott,40,Female,UK,2028-01-03
3656,Tara Chung,27,Female,UK,2028-01-04
3657,Dane Schmidt,60,Male,Canada,2028-01-05
3658,Vicki-ann Bennett,46,Female,UK,2028-01-06
3659,Joe Steele,50,Female,Germany,2028-01-07
3660,Carla Bertrand,49,Male,US,2028-01-08
3661,Justin Mulder,30,Male,Brazil,2028-01-09
3662,Mary Fidler,38,Male,Canada,2028-01-10
3663,Mathew Brener,55,Male,India,2028-01-11
3664,Kellie Belcher,22,Male,US,2028-01-12
3665,Lillian Martinez,20,Male,US,2028-01-13
3666,Donald Adkins,50,Female,Canada,2028-01-14
3667,Fe Sargent,37,Male,Canada,2028-01-15
3668,Kenneth Turner,63,Female,Canada,2028-01-16
3669,Helen Vlass,50,Female,US,2028-01-17
3670,Nadine Woodford,41,Male,Canada,2028-01-18
3671,Billilyn Whitmer,39,Male,Brazil,2028-01-19
3672,Andrew Passig,34,Female,India,2028-01-20
3673,Mustafa Daly,36,Male,India,2028-01-21
3674,Dorothy Owen,38,Male,UK,2028-01-22
3675,Felipe Triolo,50,Female,Canada,2028-01-23
3676,Mark Wortman,50,Male,India,2028-01-24
3677,Davis Wilson,35,Male,India,2028-01-25
3678,Phillip Dewell,48,Female,Germany,2028-01-26
3679,Richard Audia,59,Male,India,2028-01-27
3680,Cian Stedman,26,Male,Brazil,2028-01-28
3681,Daryl Amos,45,Male,US,2028-01-29
3682,Chris Evans,31,Male,UK,2028-01-30
3683,Geraldine Rizzi,23,Female,Canada,2028-01-31
3684,Norman Troxell,28,Female,Canada,2028-02-01
3685,Luz Engstrom,18,Male,UK,2028-02-02
3686,Dave Summers,31,Male,Canada,2028-02-03
3687,Brian Walmsley,40,Male,Germany,2028-02-04
3688,Dawn Van Buren,53,Male,Germany,2028-02-05
3689,Dawn Valerio,35,Male,Canada,2028-02-06
3690,Samantha Whitaker,48,Female,Germany,2028-02-07
3691,Louis Weart,59,Male,India,2028-02-08
3692,Norma Stuart,19,Male,UK,2028-02-09
3693,Kay Smith,43,Female,Brazil,2028-02-10
3694,Cheri Voeltz,57,Male,US,2028-02-11
3695,Rachel Minarick,55,Male,US,2028-02-12
3696,Cristobal Berve,49,Male,Brazil,2028-02-13
3697,Elizabeth Anderson,20,Female,Canada,2028-02-14
3698,Derek Carzino,51,Female,Germany,2028-02-15
3699,Paul Turner,35,Female,India,2028-02-16
3700,Doris Mills,64,Female,India,2028-02-17
3701,Martha Cozart,31,Male,India,2028-02-18
3702,Alma Poorbaugh,44,Male,India,2028-02-19
3703,Andre Downing,59,Female,UK,2028-02-20
3704,Walter Cavestany,33,Male,India,2028-02-21
3705,Maria Avis,35,Male,India,2028-02-22
3706,Audrey Stokes,22,Female,UK,2028-02-23
3707,Andrew Hesslink,41,Male,India,2028-02-24
3708,Karen Grant,52,Male,Germany,2028-02-25
3709,Dora Sims,55,Female,Brazil,2028-02-26
3710,Susan McCarthy,22,Male,UK,2028-02-27
3711,Stephen Weintraub,41,Male,UK,2028-02-28
3712,Frank Bush,39,Male,US,2028-02-29
3713,Greg Gilliland,38,Female,US,2028-03-01
3714,Mitchell Munoz,49,Female,India,2028-03-02
3715,Larry Slone,34,Male,India,2028-03-03
3716,Robert Young,27,Male,Canada,2028-03-04
3717,Rodney Bradford,39,Female,Germany,2028-03-05
3718,Rodney Sumdstrom,24,Male,US,2028-03-06
3719,Heather Geiermann,36,Female,India,2028-03-07
3720,David Milholm,54,Male,Canada,2028-03-08
3721,Louis Yellman,38,Female,UK,2028-03-09
3722,Dolores Green,40,Male,Germany,2028-03-10
3723,Jennifer Pinter,46,Female,US,2028-03-11
3724,Betty Aragon,24,Male,Brazil,2028-03-12
3725,Maryan Purcell,18,Female,India,2028-03-13
3726,Patricia Ogelb,37,Female,US,2028-03-14
3727,Gladys Brown,23,Female,India,2028-03-15
3728,Gladys Lockett,60,Female,India,2028-03-16
3729,Cory Elliot,31,Male,UK,2028-03-17
3730,Ronnie Kogov Sek,39,Male,Brazil,2028-03-18
3731,Mike Taylor,55,Female,Germany,2028-03-19
3732,Roger Ulrichsen,49,Female,Brazil,2028-03-20
3733,Barbara Sipsy,20,Male,Germany,2028-03-21
3734,Mario Benedetti,54,Female,Germany,2028-03-22
3735,Gwen Griffin,51,Male,Germany,2028-03-23
3736,William Horne,58,Male,Germany,2028-03-24
3737,John Larkins,49,Male,Brazil,2028-03-25
3738,Christian Archibald,34,Female,Germany,2028-03-26
3739,Stephanie Meadows,44,Male,UK,2028-03-27
3740,Anthony Jones,61,Female,India,2028-03-28
3741,Tina Zugar,63,Female,Brazil,2028-03-29
3742,Melissa Hudvinen,30,Female,Germany,2028-03-30
3743,Ronan Alvarado,39,Male,Canada,2028-03-31
3744,Diane Barukh,48,Male,India,2028-04-01
3745,Evelyn Oechsle,45,Female,UK,2028-04-02
3746,Garilyn Brown,25,Male,UK,2028-04-03
3747,Henry Higginbotham,18,Female,India,2028-04-04
3748,Sarah McNamara,38,Male,UK,2028-04-05
3749,Ben Blunt,46,Female,India,2028-04-06
3750,John McGhee,56,Female,India,2028-04-07
3751,Jaye Crump,28,Female,India,2028-04-08
3752,David Mathias,46,Male,Germany,2028-04-09
3753,Bette Rayburn,51,Male,Canada,2028-04-10
3754,Ramiro Leck,33,Male,India,2028-04-11
3755,Rosa Meastas,55,Female,India,2028-04-12
3756,Omar Simpson,25,Male,US,2028-04-13
3757,Ruth Brown,64,Female,Germany,2028-04-14
3758,Frances Schultz,25,Male,UK,2028-04-15
3759,Robert Kneppe,19,Female,Brazil,2028-04-16
3760,Mike Herman,45,Female,Canada,2028-04-17
3761,Lucia Cook,30,Male,Germany,2028-04-18
3762,Carolyn Case,30,Female,Germany,2028-04-19
3763,Sandra Evans,32,Female,Germany,2028-04-20
3764,Donald Adams,29,Male,India,2028-04-21
3765,Gaines Bordwell,19,Male,India,2028-04-22
3766,Henry Whisten,19,Female,Canada,2028-04-23
3767,Dwain Waterhouse,58,Female,Brazil,2028-04-24
3768,May Patrick,51,Male,UK,2028-04-25
3769,Shandi Brooks,52,Male,Germany,2028-04-26
3770,Arthur Verdugo,21,Female,Brazil,2028-04-27
3771,Rose Schaaf,32,Male,Brazil,2028-04-28
3772,Ann Coke,54,Male,Germany,2028-04-29
3773,Raymond Anderson,18,Male,Germany,2028-04-30
3774,Ernie Peterson,51,Female,Germany,2028-05-01
3775,Kimberlee Long,60,Male,India,2028-05-02
3776,Hershel Vincent,61,Male,UK,2028-05-03
3777,Yvonne Knapp,34,Female,Germany,2028-05-04
3778,Rudolph Bueno,18,Male,India,2028-05-05
3779,Rose Scott,38,Male,India,2028-05-06
3780,Stephen Guardamondo,24,Female,India,2028-05-07
3781,Jorge Wolfe,39,Female,UK,2028-05-08
3782,Fred Makris,40,Female,Brazil,2028-05-09
3783,Marlene Tsujimoto,53,Female,US,2028-05-10
3784,Evelyn Roberts,56,Female,Brazil,2028-05-11
3785,Maureen Ibsen,41,Female,India,2028-05-12
3786,Susan Spolasso,40,Male,Brazil,2028-05-13
3787,Michael Harris,55,Male,India,2028-05-14
3788,Paul Elliott,46,Male,Brazil,2028-05-15
3789,Diane Ask,19,Male,UK,2028-05-16
3790,Laura Bradley,26,Male,Germany,2028-05-17
3791,Marcia Whiston,43,Male,Brazil,2028-05-18
3792,James Clark,20,Male,Germany,2028-05-19
3793,Mary Crump,19,Female,Canada,2028-05-20
3794,Donald Newton,22,Female,US,2028-05-21
3795,Ricardo White,25,Male,US,2028-05-22
3796,Karin Blair,61,Male,UK,2028-05-23
3797,Mike Stevenson,42,Male,Canada,2028-05-24
3798,Mary Greer,44,Male,US,2028-05-25
3799,Thomas Butler,57,Male,Brazil,2028-05-26
3800,Tung Lof,37,Female,Canada,2028-05-27
3801,Gary Ferrill,59,Female,Germany,2028-05-28
3802,Dorothy Bongirno,64,Female,Brazil,2028-05-29
3803,James Compagno,21,Female,India,2028-05-30
3804,Heather Bick,35,Female,Germany,2028-05-31
3805,Liora Vaught,45,Male,India,2028-06-01
3806,Teri Shatswell,43,Male,Canada,2028-06-02
3807,Teresa Wrenn,22,Male,Germany,2028-06-03
3808,Michelle Adams,40,Female,Canada,2028-06-04
3809,Robert Brink,21,Male,Canada,2028-06-05
3810,Christopher Wright,30,Female,Canada,2028-06-06
3811,Doris Aitkenhead,22,Female,India,2028-06-07
3812,Cyril Bussey,61,Male,India,2028-06-08
3813,Shirley Nichols,62,Female,Canada,2028-06-09
3814,Jim Snow,41,Female,India,2028-06-10
3815,Kandi Mcauliffe,62,Male,Germany,2028-06-11
3816,J. Brent Whicher,20,Female,India,2028-06-12
3817,Deborah Hoffman,61,Female,India,2028-06-13
3818,Mark Babbel,62,Male,Germany,2028-06-14
3819,Melissa Babel,33,Female,India,2028-06-15
3820,Irene Hernandez,59,Female,UK,2028-06-16
3821,Barbara Smith,43,Male,Canada,2028-06-17
3822,David Watson,41,Male,UK,2028-06-18
3823,Edward Waterhouse,43,Female,India,2028-06-19
3824,Todd Little,40,Male,Canada,2028-06-20
3825,David Mize,38,Female,Germany,2028-06-21
3826,Nica Wall,21,Male,Canada,2028-06-22
3827,Robert Macha,20,Male,Germany,2028-06-23
3828,Alice Berry,19,Male,Canada,2028-06-24
3829,Bill Wroe,34,Male,India,2028-06-25
3830,Mark Fowler,58,Female,India,2028-06-26
3831,Abigail Foster,42,Female,India,2028-06-27
3832,Kerry Fitzgerald,58,Male,India,2028-06-28
3833,John Mieras,42,Female,Brazil,2028-06-29
3834,Cheryl Tobin,53,Male,US,2028-06-30
3835,Gerald Baber,48,Male,UK,2028-07-01
3836,Maxine Alexander,55,Female,Brazil,2028-07-02
3837,Steven Abdullah,39,Male,India,2028-07-03
3838,Helen Hayden,19,Male,UK,2028-07-04
3839,Lille Spencer,24,Male,US,2028-07-05
3840,Elvira Carmichael,43,Male,Brazil,2028-07-06
3841,Taylor Tu,18,Male,Canada,2028-07-07
3842,Brandon Perez,29,Male,US,2028-07-08
3843,Mark Blatt,30,Female,Germany,2028-07-09
3844,Dorothy Ace,61,Male,Brazil,2028-07-10
3845,Gunda Carucio,22,Female,UK,2028-07-11
3846,Nancy Tebo,42,Female,US,2028-07-12
3847,C. Desilvey,52,Male,India,2028-07-13
3848,Alice Nicholson,55,Male,Brazil,2028-07-14
3849,Alsy Morrow,52,Male,UK,2028-07-15
3850,Morville Steige,48,Female,US,2028-07-16
3851,Dawn Barber,55,Female,UK,2028-07-17
3852,Rebecca Walters,54,Female,India,2028-07-18
3853,Cathryn Musgrove,58,Male,Germany,2028-07-19
3854,Brandon Camo,29,Female,India,2028-07-20
3855,Onsby Kirby,45,Female,India,2028-07-21
3856,Ralph Campbell,63,Male,Brazil,2028-07-22
3857,Jason Livingston,32,Male,Germany,2028-07-23
3858,Jerry Christiansen,44,Male,India,2028-07-24
3859,Patricia Espinoza,32,Male,Canada,2028-07-25
3860,Jeff Hampton,58,Male,US,2028-07-26
3861,Nicholas Smith,27,Male,US,2028-07-27
3862,Frank Pilot,60,Female,India,2028-07-28
3863,Chris Cedeno,22,Male,Brazil,2028-07-29
3864,Young Cha Adkins,53,Female,India,2028-07-30
3865,Howard Frost,57,Male,Germany,2028-07-31
3866,Daniel Abramo,27,Female,Brazil,2028-08-01
3867,Carol Bond,47,Female,UK,2028-08-02
3868,Edie Vandyke,47,Female,Canada,2028-08-03
3869,Ruth Burger,53,Female,US,2028-08-04
3870,Gloria Bollacker,58,Male,UK,2028-08-05
3871,Martha Bunch,57,Female,Canada,2028-08-06
3872,Nicholas Smith,55,Female,Germany,2028-08-07
3873,Olga Trau,25,Female,US,2028-08-08
3874,Jack Wood,35,Female,Canada,2028-08-09
3875,Roy Baer,40,Male,India,2028-08-10
3876,Donald Richardson,50,Male,Brazil,2028-08-11
3877,Lita Brown,39,Male,Canada,2028-08-12
3878,Jenifer Ross,38,Male,UK,2028-08-13
3879,Donna Berry,32,Male,UK,2028-08-14
3880,Jackie Cooke,41,Male,Canada,2028-08-15
3881,Roberta Walker,32,Male,UK,2028-08-16
3882,Suzanne Cravens,64,Female,Canada,2028-08-17
3883,James Thomas,33,Female,UK,2028-08-18
3884,Emory Telfer,64,Male,US,2028-08-19
3885,Daphne McClaine,32,Female,Brazil,2028-08-20
3886,Sheila Addante,27,Male,US,2028-08-21
3887,Jerry Boxell,49,Female,Canada,2028-08-22
3888,Patricia Hayworth,24,Female,UK,2028-08-23
3889,Michael Belcher,35,Female,Brazil,2028-08-24
3890,William Bryan,40,Male,India,2028-08-25
3891,Jean Wright,19,Male,Canada,2028-08-26
3892,Lola Myers,52,Female,UK,2028-08-27
3893,Mildred Adams,30,Male,Brazil,2028-08-28
3894,Shawn Mccall,49,Male,UK,2028-08-29
3895,Sara Breer,60,Female,India,2028-08-30
3896,Howard King,44,Female,Germany,2028-08-31
3897,Sandra Altamirano,20,Male,India,2028-09-01
3898,Jennifer Confetti,39,Male,UK,2028-09-02
3899,Kelly Whitworth,32,Female,India,2028-09-03
3900,Christine Bartley,45,Female,UK,2028-09-04
3901,Steven Zobairi,53,Male,Brazil,2028-09-05
3902,Cecilia Rowell,23,Male,US,2028-09-06
3903,Mildred Morrow,52,Male,UK,2028-09-07
3904,Gary Zercher,50,Male,US,2028-09-08
3905,Claire Dr. Verne,18,Female,Canada,2028-09-09
3906,Vonetta Bachicha,37,Male,Germany,2028-09-10
3907,Mark Boutte,41,Female,US,2028-09-11
3908,Brian Willeford,41,Male,India,2028-09-12
3909,Cecil Stone,27,Female,Germany,2028-09-13
3910,Kimberly Smith,36,Female,Canada,2028-09-14
3911,Rex Meston,56,Male,Canada,2028-09-15
3912,Charles Flick,22,Male,Canada,2028-09-16
3913,Patrick White,30,Male,Brazil,2028-09-17
3914,Gail Rybolt,37,Female,Canada,2028-09-18
3915,Marilyn Tobias,51,Female,US,2028-09-19
3916,Kathryn Walters,34,Male,India,2028-09-20
3917,Ruth Patridge,26,Female,Brazil,2028-09-21
3918,Richard Cobb,20,Male,Germany,2028-09-22
3919,Sunne Sanchez,58,Male,India,2028-09-23
3920,Evelyn Brady,21,Male,Germany,2028-09-24
3921,Alma Bradbrook,62,Female,Canada,2028-09-25
3922,Ramon Williams,36,Female,Brazil,2028-09-26
3923,David Clark,54,Female,UK,2028-09-27
3924,Michelle Lane,21,Female,UK,2028-09-28
3925,Nicholas Smith,45,Female,India,2028-09-29
3926,John Smith,50,Male,US,2028-09-30
3927,Esther Koehlinger,43,Male,Germany,2028-10-01
3928,Ellen Brown,26,Male,Brazil,2028-10-02
3929,Gene Cole,30,Female,UK,2028-10-03
3930,Lori Bryington,53,Male,US,2028-10-04
3931,Margaret Gutierrez,28,Female,UK,2028-10-05
3932,Laurie Moon,64,Female,UK,2028-10-06
3933,Gary Dumin,23,Male,Germany,2028-10-07
3934,Jennifer Chapman,57,Female,Brazil,2028-10-08
3935,Wanda Wenzel,26,Male,India,2028-10-09
3936,Jane King,52,Female,Canada,2028-10-10
3937,Scott Rodriguez,44,Female,Brazil,2028-10-11
3938,Allan Marchman,50,Female,Brazil,2028-10-12
3939,Danielle Hurtado,23,Male,Canada,2028-10-13
3940,Neal Fritz,46,Female,India,2028-10-14
3941,James Viggiano,62,Male,Canada,2028-10-15
3942,Terry Anderson,63,Female,Germany,2028-10-16
3943,Anthony Baldwin,64,Male,Brazil,2028-10-17
3944,Charles Adams,28,Female,US,2028-10-18
3945,Louie Kruse,32,Male,UK,2028-10-19
3946,Joseph Steen,52,Female,UK,2028-10-20
3947,Edna Sullivan,37,Female,Germany,2028-10-21
3948,Jon Scarbrough,34,Female,Germany,2028-10-22
3949,Timothy Story,34,Male,Germany,2028-10-23
3950,Craig Van Zandt,42,Female,Brazil,2028-10-24
3951,Louise Cole,37,Male,UK,2028-10-25
3952,"James Werner, Jr.",40,Male,Germany,2028-10-26
3953,Ernest Elms,37,Female,Germany,2028-10-27
3954,Linda Vasquez,19,Male,Canada,2028-10-28
3955,Dean Bolla,18,Male,US,2028-10-29
3956,"Bradley Lorenzo, Jr.",60,Male,Canada,2028-10-30
3957,M. Barajas,34,Male,US,2028-10-31
3958,Jaye Crump,56,Female,India,2028-11-01
3959,Marcia Walker,41,Male,India,2028-11-02
3960,Raliegh Hild,31,Male,US,2028-11-03
3961,Elizabeth DuBose,18,Male,Brazil,2028-11-04
3962,Marylou Valladao,51,Male,UK,2028-11-05
3963,Phyllis Tuffield,53,Male,Canada,2028-11-06
3964,Michael Carpenter,57,Female,Canada,2028-11-07
3965,Christopher Solano,52,Female,Germany,2028-11-08
3966,Joan Terry,44,Female,India,2028-11-09
3967,Charles Vaughn,24,Female,UK,2028-11-10
3968,Gerald Bowie,61,Male,Canada,2028-11-11
3969,Ruth Culp,60,Female,Germany,2028-11-12
3970,John Connor,36,Female,US,2028-11-13
3971,Lucia Slater,56,Female,Brazil,2028-11-14
3972,Samuel Zobkiro,35,Female,Brazil,2028-11-15
3973,Vivian Dare,19,Male,US,2028-11-16
3974,Ruth Jones,49,Female,India,2028-11-17
3975,Elizabeth Jantzer,55,Female,India,2028-11-18
3976,Eric Meyer,21,Female,Canada,2028-11-19
3977,Ann Gaya,31,Female,India,2028-11-20
3978,Troy Finch,42,Male,UK,2028-11-21
3979,Keith Vicknair,48,Male,Canada,2028-11-22
3980,Elena Campbell,45,Female,India,2028-11-23
3981,Judy Schultheis,45,Male,US,2028-11-24
3982,Ella Worth,45,Female,UK,2028-11-25
3983,Sharon Lindall,51,Female,Canada,2028-11-26
3984,Angeline Wade,33,Female,Germany,2028-11-27
3985,Edward Roth,34,Female,Brazil,2028-11-28
3986,Jared Adams,37,Male,Brazil,2028-11-29
3987,Jennifer Weber,19,Male,India,2028-11-30
3988,Sharon Sandage,42,Female,UK,2028-12-01
3989,Louis Yellman,41,Female,Canada,2028-12-02
3990,Thoa Jordan,36,Male,Germany,2028-12-03
3991,Melissa Myers,32,Male,India,2028-12-04
3992,Karin Blair,41,Female,Canada,2028-12-05
3993,Carey Barnes,48,Female,Germany,2028-12-06
3994,Robert Helberg,51,Male,India,2028-12-07
3995,Robert Jecman,35,Male,Brazil,2028-12-08
3996,Michael St. Peter,58,Male,Brazil,2028-12-09
3997,Pamela Smith,32,Female,Canada,2028-12-10
3998,Nicki Richmeier,20,Female,UK,2028-12-11
3999,Mary Ruth Pina,64,Female,Canada,2028-12-12
4000,Ronald Whitworth,45,Female,India,2028-12-13
4001,Doug Thruman,47,Female,Canada,2028-12-14
4002,Jerry Sutton,57,Female,India,2028-12-15
4003,Audrey Bay,39,Female,Germany,2028-12-16
4004,Janice Mestas,22,Female,Germany,2028-12-17
4005,Matthew Basham,25,Male,US,2028-12-18
4006,Jean Hoessel,39,Male,Canada,2028-12-19
4007,Edna Sullivan,20,Male,Canada,2028-12-20
4008,Mike Brown,45,Female,Germany,2028-12-21
4009,Charles Boyce,25,Male,Canada,2028-12-22
4010,Justin Wilkerson,62,Female,UK,2028-12-23
4011,Clay White,57,Male,US,2028-12-24
4012,Shane Vacondias,57,Male,Canada,2028-12-25
4013,Ofelia Trembath,60,Male,US,2028-12-26
4014,Cheryl Inskeep,18,Female,UK,2028-12-27
4015,Bettie Pooler,19,Female,US,2028-12-28
4016,Jan Belle,64,Female,UK,2028-12-29
4017,Donald Scott,32,Female,India,2028-12-30
4018,Lola Myers,55,Female,US,2028-12-31
4019,Thai Thomas,57,Female,US,2029-01-01
4020,Robert Berneman,20,Female,Canada,2029-01-02
4021,Gilbert Amper,22,Male,India,2029-01-03
4022,Doris Saurerveirn,51,Female,Brazil,2029-01-04
4023,Ronald Tkachenko,19,Female,India,2029-01-05
4024,Raymond McCurry,58,Female,India,2029-01-06
4025,Maureen Turnbloom,18,Female,UK,2029-01-07
4026,Mildred Robinson,38,Female,US,2029-01-08
4027,Vina Benson,46,Male,India,2029-01-09
4028,Gregory Solero,38,Male,India,2029-01-10
4029,Robert Sanchez,61,Male,Germany,2029-01-11
4030,Bonnie Gyure,63,Female,Germany,2029-01-12
4031,Rosemary Dickson,61,Female,UK,2029-01-13
4032,Jerry Marthay,63,Female,Germany,2029-01-14
4033,Julie Varney,38,Male,Canada,2029-01-15
4034,Audrey Hoekman,21,Male,Germany,2029-01-16
4035,Wavley Arnone,25,Female,UK,2029-01-17
4036,Diana Lyndon,52,Female,India,2029-01-18
4037,Evelyn Noone,47,Female,India,2029-01-19
4038,John Magliocchetti,44,Male,UK,2029-01-20
4039,Anthony Domenico,22,Female,Germany,2029-01-21
4040,Angela Monninger,43,Female,India,2029-01-22
4041,Ralph Valle,36,Male,Brazil,2029-01-23
4042,Linda Mohs,61,Female,UK,2029-01-24
4043,Michael Carter,28,Male,US,2029-01-25
4044,Kayla Stotler,47,Female,Brazil,2029-01-26
4045,Mike Brown,60,Male,US,2029-01-27
4046,Joshua Ardell,61,Female,India,2029-01-28
4047,Marilyn Bowman,31,Female,UK,2029-01-29
4048,Thomas Sprangs,34,Male,Germany,2029-01-30
4049,Bitty Romero,41,Female,US,2029-01-31
4050,Virginia Daily,54,Female,Brazil,2029-02-01
4051,Tom Vaughn,56,Male,UK,2029-02-02
4052,Eunice Richendollar,30,Female,Germany,2029-02-03
4053,Sharon Zani,48,Male,India,2029-02-04
4054,Nichole Jenkins,24,Female,Germany,2029-02-05
4055,James McCoy,49,Male,Brazil,2029-02-06
4056,Makiko Testa,19,Male,Germany,2029-02-07
4057,Patricia Visperas,18,Female,UK,2029-02-08
4058,Mary Thomas,52,Male,US,2029-02-09
4059,Elizabeth Heil,53,Male,UK,2029-02-10
4060,Tyler Vaisnor,41,Female,Canada,2029-02-11
4061,Robert Brown,64,Female,Germany,2029-02-12
4062,Frances Aochi,47,Female,UK,2029-02-13
4063,Glen Roberts,63,Female,Brazil,2029-02-14
4064,Timothy Story,57,Male,India,2029-02-15
4065,Monica Peterson,39,Female,Brazil,2029-02-16
4066,Reade Hall,63,Female,UK,2029-02-17
4067,Danny Arteaga,51,Male,Germany,2029-02-18
4068,Jerry Lile,47,Female,UK,2029-02-19
4069,Dana Chappell,32,Male,Brazil,2029-02-20
4070,Arden Gonzales,24,Female,Brazil,2029-02-21
4071,Beth Moore,63,Female,US,2029-02-22
4072,Elise Arazia,22,Female,Canada,2029-02-23
4073,Cathy Thomas,24,Female,Brazil,2029-02-24
4074,Linda Amaya,35,Male,UK,2029-02-25
4075,Carolyn Johnson,49,Female,Canada,2029-02-26
4076,Walter Norby,56,Female,Brazil,2029-02-27
4077,Helen Henry,32,Female,Brazil,2029-02-28
4078,Elliott Burtchaell,43,Female,UK,2029-03-01
4079,Louisa Springer,30,Male,Canada,2029-03-02
4080,Mark Marchese,58,Female,UK,2029-03-03
4081,Eugene Romero,36,Male,Germany,2029-03-04
4082,Joe. Burnett,52,Female,Canada,2029-03-05
4083,Kevin Chrisulis,36,Male,UK,2029-03-06
4084,Jill Brown,40,Male,Canada,2029-03-07
4085,Felix Kochle,18,Female,Germany,2029-03-08
4086,Kristy Maloney,27,Female,Brazil,2029-03-09
4087,Courtney Dolzanie,34,Male,US,2029-03-10
4088,Jean Steffen,42,Female,US,2029-03-11
4089,Connie Cammon,48,Male,Brazil,2029-03-12
4090,Lorena Weiss,18,Male,US,2029-03-13
4091,Joseph Schofield,64,Female,Brazil,2029-03-14
4092,Charles Tolton,64,Male,Germany,2029-03-15
4093,Karen Bustamante,45,Female,US,2029-03-16
4094,Deborah Peadilla,27,Female,Germany,2029-03-17
4095,Sharon Zani,59,Male,Germany,2029-03-18
4096,Melvin Bukias,26,Male,Germany,2029-03-19
4097,Shirley Stolow,32,Male,Canada,2029-03-20
4098,Jerry Mercado,37,Male,Canada,2029-03-21
4099,Joshua Several,23,Female,India,2029-03-22
4100,John Dutton,52,Male,US,2029-03-23
4101,Margie Davis,50,Female,US,2029-03-24
4102,Ginger Roman,31,Female,Germany,2029-03-25
4103,Barbara Haste,31,Male,India,2029-03-26
4104,Linda Scharf,37,Male,Brazil,2029-03-27
4105,Lisa Vigil,19,Female,India,2029-03-28
4106,Theresa Castillo,23,Male,Germany,2029-03-29
4107,Lorna Martinez,53,Male,UK,2029-03-30
4108,Dennis Castro,48,Female,Brazil,2029-03-31
4109,Lori Earl,47,Male,US,2029-04-01
4110,Kathleen (Kay) Close,43,Female,Germany,2029-04-02
4111,Elizabeth Wansink,51,Female,Germany,2029-04-03
4112,Steven Baca,60,Female,US,2029-04-04
4113,Albert Van Antwerp,49,Male,Germany,2029-04-05
4114,Ann Komma,53,Male,India,2029-04-06
4115,Bernadette Rosania,30,Female,Brazil,2029-04-07
4116,Lisa Smith,58,Female,Germany,2029-04-08
4117,Don Cruz,20,Female,US,2029-04-09
4118,Laura Allen,52,Male,India,2029-04-10
4119,Jeremy Alexander,44,Male,India,2029-04-11
4120,Natasha Staton,42,Male,Germany,2029-04-12
4121,Edwin Oettel,31,Male,India,2029-04-13
4122,Marjorie Lee,26,Female,Germany,2029-04-14
4123,Ann Hass,29,Female,UK,2029-04-15
4124,Julie St. Aubyn,40,Male,Canada,2029-04-16
4125,Betty Tobias,35,Male,US,2029-04-17
4126,Sarah Jimenez,63,Female,Brazil,2029-04-18
4127,Cheryl Thorton,60,Male,Germany,2029-04-19
4128,Dana Turner,56,Male,Brazil,2029-04-20
4129,Ava Hudson,25,Female,UK,2029-04-21
4130,Siobhan Whyte,47,Male,UK,2029-04-22
4131,Brandon Ward,63,Male,US,2029-04-23
4132,Suzette Baseheart,20,Male,India,2029-04-24
4133,Veena Crump,30,Male,Canada,2029-04-25
4134,Paul Spence,43,Male,India,2029-04-26
4135,Michael Anderson,22,Male,Brazil,2029-04-27
4136,Virginia Lodes,37,Female,Germany,2029-04-28
4137,Mary Alvarado,19,Male,Brazil,2029-04-29
4138,Vivian Jarmillo,30,Female,US,2029-04-30
4139,Aida Stewart,49,Female,India,2029-05-01
4140,Urban Realino,42,Female,Canada,2029-05-02
4141,William Sparks,47,Female,Germany,2029-05-03
4142,Nancy Fisher,43,Male,Canada,2029-05-04
4143,John Truszkowski,22,Male,Germany,2029-05-05
4144,Rosemary Salo,19,Female,India,2029-05-06
4145,Sam Forsberg,64,Male,Canada,2029-05-07
4146,Samuel Wagner,31,Male,UK,2029-05-08
4147,Mildred Bartz,55,Female,Canada,2029-05-09
4148,Carolee Brown,57,Male,India,2029-05-10
4149,Richard Bolstad,25,Male,India,2029-05-11
4150,Andre De Herrera,62,Male,Canada,2029-05-12
4151,Edith Slonim,63,Female,US,2029-05-13
4152,Robert Walker,60,Male,UK,2029-05-14
4153,Leah Hawkins,29,Female,US,2029-05-15
4154,Christina Amaro,18,Male,Germany,2029-05-16
4155,Doug Thruman,45,Female,US,2029-05-17
4156,Connie Welch,27,Male,Germany,2029-05-18
4157,Carol Vigil,60,Male,Brazil,2029-05-19
4158,Audrey Topping,46,Male,US,2029-05-20
4159,Gerry Woulfe,25,Female,Germany,2029-05-21
4160,Gavin Boje,46,Female,India,2029-05-22
4161,Rebecca Sparvoli,22,Male,Brazil,2029-05-23
4162,Julian Milheiser,23,Male,India,2029-05-24
4163,Debbie Solano,47,Female,India,2029-05-25
4164,Diane Barukh,29,Female,US,2029-05-26
4165,Lisa Cowen,56,Male,Germany,2029-05-27
4166,Jeanni Espinoza,24,Male,Canada,2029-05-28
4167,Pearlie Rusek,56,Male,US,2029-05-29
4168,Charles Macaluso,35,Female,Germany,2029-05-30
4169,Nancy Logan,26,Female,India,2029-05-31
4170,Robin Barnette,36,Male,Brazil,2029-06-01
4171,Raymond Berg,44,Male,US,2029-06-02
4172,Beth Waskey,61,Male,India,2029-06-03
4173,Richard Capoot,61,Female,Canada,2029-06-04
4174,Katherine York,41,Male,UK,2029-06-05
4175,Anastacio Butcher,39,Female,Canada,2029-06-06
4176,Donald Chambers,47,Male,UK,2029-06-07
4177,Barbara Thorne,50,Female,India,2029-06-08
4178,Joseph Valderrama,38,Male,UK,2029-06-09
4179,Ruth Ann Trump,47,Male,US,2029-06-10
4180,Trisha Garcia,45,Male,Germany,2029-06-11
4181,Ruth Brashears,44,Female,UK,2029-06-12
4182,James Munson,43,Male,Germany,2029-06-13
4183,Lawrence Badger,49,Female,Brazil,2029-06-14
4184,Mohammad Caldwell,52,Male,Canada,2029-06-15
4185,Nichole Sweet,21,Female,India,2029-06-16
4186,Richard Price,52,Female,US,2029-06-17
4187,Courtney Dull,50,Male,US,2029-06-18
4188,Susan Tallmadge,62,Male,Brazil,2029-06-19
4189,Marcia ONeill,30,Male,India,2029-06-20
4190,Sondra Kerns,38,Male,US,2029-06-21
4191,David Walker,54,Female,Brazil,2029-06-22
4192,Debra Plasner,61,Female,UK,2029-06-23
4193,S. Gayle Keller,55,Female,Canada,2029-06-24
4194,Douglas Strong,35,Female,Canada,2029-06-25
4195,Melissa Mcculloch,43,Male,Germany,2029-06-26
4196,Willadean Deaton,52,Female,India,2029-06-27
4197,Angela Cottle,47,Male,Germany,2029-06-28
4198,Rosa LaSala,54,Female,Germany,2029-06-29
4199,Ryan Brown,58,Male,UK,2029-06-30
4200,David Seck,51,Female,UK,2029-07-01
4201,Lana Weis,26,Female,India,2029-07-02
4202,Bryan Rutledge,47,Female,US,2029-07-03
4203,Sally Hollinshed,22,Female,Germany,2029-07-04
4204,Jeanie Orton,37,Male,Canada,2029-07-05
4205,Alberto Baltazar,63,Male,US,2029-07-06
4206,Sherea Lanum,34,Female,Brazil,2029-07-07
4207,William White,55,Male,Canada,2029-07-08
4208,Daniel Hawn,26,Male,India,2029-07-09
4209,Karen Caldoron,49,Female,US,2029-07-10
4210,Candius Asmundstad,26,Female,US,2029-07-11
4211,Carol Steele,39,Female,US,2029-07-12
4212,Estella Tiedemann,41,Female,Brazil,2029-07-13
4213,Garth Wagner,34,Male,Brazil,2029-07-14
4214,Ila Wimmer,48,Male,Germany,2029-07-15
4215,David Wheeler,32,Female,Canada,2029-07-16
4216,Merrick McCain,28,Female,India,2029-07-17
4217,Luke Templeton,51,Male,India,2029-07-18
4218,Samuel Nix,53,Female,India,2029-07-19
4219,Chris Van Horn,18,Female,Canada,2029-07-20
4220,Yehoshua Fenderbosch,25,Male,Germany,2029-07-21
4221,Anna Kassian,47,Female,Germany,2029-07-22
4222,Joan Lovato,20,Male,Brazil,2029-07-23
4223,Stephen Guardamondo,30,Male,UK,2029-07-24
4224,Kay Jones,49,Female,Brazil,2029-07-25
4225,Boaz Jones,62,Female,Germany,2029-07-26
4226,Priscilla Bowie,21,Female,Canada,2029-07-27
4227,Mitra Farsai,20,Female,Canada,2029-07-28
4228,Randel Newsome,55,Female,US,2029-07-29
4229,Cathleen Bybee,59,Male,US,2029-07-30
4230,Maria Wheeler,64,Female,Canada,2029-07-31
4231,Richard Butler,18,Female,Brazil,2029-08-01
4232,Abraham Burns,50,Female,US,2029-08-02
4233,Lenore McNichols,22,Female,Brazil,2029-08-03
4234,Alice Cantrell,38,Male,UK,2029-08-04
4235,Jeff Mickelsen,52,Female,Germany,2029-08-05
4236,Verdeen Smith,25,Male,US,2029-08-06
4237,Jules Van Gemeren,59,Female,US,2029-08-07
4238,Kathryn Crowe,53,Male,Canada,2029-08-08
4239,Jeff Spero,55,Male,UK,2029-08-09
4240,Sheila Bancroft,43,Male,UK,2029-08-10
4241,Grace Bonine,58,Female,UK,2029-08-11
4242,Nina Metz,40,Female,US,2029-08-12
4243,Ellen Mallozzi,48,Male,Brazil,2029-08-13
4244,Jerry Megel,25,Male,India,2029-08-14
4245,Millard Heintz,23,Female,Brazil,2029-08-15
4246,Dick Murray,54,Female,Brazil,2029-08-16
4247,Martha Jackson,31,Female,US,2029-08-17
4248,Janet Budlong,27,Female,Germany,2029-08-18
4249,Barbara Younge,26,Male,Brazil,2029-08-19
4250,Deborah Hammond,58,Male,Canada,2029-08-20
4251,Dennis Justice,23,Female,India,2029-08-21
4252,Ethel Tankhilevich,32,Female,Canada,2029-08-22
4253,Larry Rote,58,Male,India,2029-08-23
4254,Patti Munsi,45,Female,Germany,2029-08-24
4255,Mark Avrin,35,Male,US,2029-08-25
4256,Sam Cambra,61,Male,Canada,2029-08-26
4257,Donna Ragland,33,Female,India,2029-08-27
4258,Jeff Quinn,54,Male,India,2029-08-28
4259,Terry Sanchez,43,Male,Brazil,2029-08-29
4260,Brian Campbell,44,Female,US,2029-08-30
4261,Paul Marinelli,60,Female,India,2029-08-31
4262,Jennifer Spindler,37,Female,Brazil,2029-09-01
4263,Tammy Cohen,44,Male,Canada,2029-09-02
4264,Willie Wilker,30,Male,Brazil,2029-09-03
4265,Marygael Valenzuela,49,Female,US,2029-09-04
4266,Keith Parker,46,Female,Germany,2029-09-05
4267,Beverly Glassman,26,Female,Brazil,2029-09-06
4268,Barbara Towery,45,Male,Canada,2029-09-07
4269,Karen Dahlberg,61,Male,Canada,2029-09-08
4270,Phyillis Carolin,59,Female,Brazil,2029-09-09
4271,Wayne Evans,22,Male,Brazil,2029-09-10
4272,Luz Whalen,59,Female,US,2029-09-11
4273,Barbara Duncan,56,Male,US,2029-09-12
4274,J. Kathleen ORourke,48,Male,India,2029-09-13
4275,Janie Snell,49,Male,UK,2029-09-14
4276,Arthur Kish,52,Female,UK,2029-09-15
4277,Sally Malone,42,Male,US,2029-09-16
4278,Leah Jarnagin,41,Female,Brazil,2029-09-17
4279,Derwin Sanchez,50,Female,UK,2029-09-18
4280,John Wills,55,Male,US,2029-09-19
4281,Justin Watson,47,Female,UK,2029-09-20
4282,Mary Lee,58,Male,India,2029-09-21
4283,Mary Dotson,44,Male,UK,2029-09-22
4284,Catherine Hammond,41,Female,US,2029-09-23
4285,Andres Brewer,19,Female,Brazil,2029-09-24
4286,Alice Cantrell,20,Male,UK,2029-09-25
4287,Dorothy Thomas,42,Male,India,2029-09-26
4288,Philip Ambrosino,18,Female,Canada,2029-09-27
4289,Cynthia Cheever,21,Female,Germany,2029-09-28
4290,Clayton Howard,40,Male,UK,2029-09-29
4291,Raymond Sondag,42,Male,Brazil,2029-09-30
4292,William Buxton,62,Female,Germany,2029-10-01
4293,Vee Woods,40,Female,Germany,2029-10-02
4294,Joseph Valderrama,21,Female,India,2029-10-03
4295,Paul Leon,23,Female,Germany,2029-10-04
4296,Joseph Bible,50,Male,Brazil,2029-10-05
4297,John Finnell,42,Male,Brazil,2029-10-06
4298,James Rajasekhar,48,Female,Canada,2029-10-07
4299,Ila Armstrong,49,Male,India,2029-10-08
4300,Cora Starich,19,Male,Canada,2029-10-09
4301,Crystal Gimblin,18,Male,US,2029-10-10
4302,Bill Stober,40,Male,Germany,2029-10-11
4303,Larry Carrington,45,Female,Brazil,2029-10-12
4304,Melissa Pyle,63,Female,US,2029-10-13
4305,Evelynn McNay,25,Female,Canada,2029-10-14
4306,Pilar Pontius,32,Male,Germany,2029-10-15
4307,Michael Cesena,19,Female,UK,2029-10-16
4308,Susan Kesinger,47,Male,Brazil,2029-10-17
4309,Anne Chester,41,Male,India,2029-10-18
4310,Linda Beaubien,36,Female,UK,2029-10-19
4311,Morville Steige,29,Male,US,2029-10-20
4312,Chad Neuhauser,42,Male,UK,2029-10-21
4313,Tevis Buchanan,42,Female,Germany,2029-10-22
4314,Ernest Kiser,29,Female,Canada,2029-10-23
4315,Rudy Vered,52,Female,Germany,2029-10-24
4316,Amy Vogel,41,Female,Germany,2029-10-25
4317,Mary Gancel,18,Female,Canada,2029-10-26
4318,Donna Perry,39,Female,UK,2029-10-27
4319,Sandra Chumney,40,Female,UK,2029-10-28
4320,Kathleen Winter,40,Female,Germany,2029-10-29
4321,Richard Sheeder,20,Female,Germany,2029-10-30
4322,Priscilla Dewell,61,Female,India,2029-10-31
4323,Stephanie Beitler,56,Male,Germany,2029-11-01
4324,Rachel Bishop,38,Male,Germany,2029-11-02
4325,Devon Wheeler,47,Female,India,2029-11-03
4326,John Brady,64,Male,India,2029-11-04
4327,Amalie Wharton,26,Female,Canada,2029-11-05
4328,Danielle Miller,34,Male,US,2029-11-06
4329,Carole Hoskins,30,Male,Brazil,2029-11-07
4330,James Brew,40,Female,Germany,2029-11-08
4331,Omar Simpson,51,Male,US,2029-11-09
4332,Cathy Filson,31,Female,UK,2029-11-10
4333,Elinor Stanis,39,Male,Germany,2029-11-11
4334,Annemarie Riccillo,20,Female,UK,2029-11-12
4335,Elizabeth Brubaker,26,Female,Germany,2029-11-13
4336,Curtis Tucker,18,Female,Germany,2029-11-14
4337,Peter Jones,46,Female,Germany,2029-11-15
4338,Robert Blair,53,Female,Brazil,2029-11-16
4339,Brenda Coniglio,21,Female,Brazil,2029-11-17
4340,Arden Gonzales,21,Male,Canada,2029-11-18
4341,Lester Werner,29,Female,India,2029-11-19
4342,Myra Van Antwerp,38,Male,India,2029-11-20
4343,Charles Vaughn,26,Male,US,2029-11-21
4344,Martha Marple,27,Male,Canada,2029-11-22
4345,Hazel Torres,33,Male,Canada,2029-11-23
4346,John Agnew,63,Male,Canada,2029-11-24
4347,David Realino,54,Male,Germany,2029-11-25
4348,Barbara Weller,36,Female,Canada,2029-11-26
4349,Don Maestas,38,Male,Germany,2029-11-27
4350,Pearle Roberts,52,Male,Germany,2029-11-28
4351,Carol Amyotte,57,Female,Brazil,2029-11-29
4352,Louis Stoal,29,Female,UK,2029-11-30
4353,Walter Sewell,40,Female,Germany,2029-12-01
4354,Jesse Carpio,18,Male,Canada,2029-12-02
4355,Roberta Robinson,31,Female,US,2029-12-03
4356,Norman Oliphant,18,Male,Brazil,2029-12-04
4357,Justin Emrick,39,Male,India,2029-12-05
4358,Ralph Butler,63,Female,Brazil,2029-12-06
4359,Kelly Jensen,21,Male,India,2029-12-07
4360,Ruthe Gardner,46,Female,US,2029-12-08
4361,Edwin Peterson,44,Male,UK,2029-12-09
4362,Kay Jones,20,Female,US,2029-12-10
4363,Hewitt Yewell,43,Male,Germany,2029-12-11
4364,Robert Leach,22,Female,UK,2029-12-12
4365,Dominic Gash,53,Male,Brazil,2029-12-13
4366,Judith McDowell,27,Male,Brazil,2029-12-14
4367,Mabel Mandonado,25,Female,India,2029-12-15
4368,Gregory Whiting,54,Female,UK,2029-12-16
4369,Charlene Whitney,21,Female,Canada,2029-12-17
4370,Hezzie Stanley,19,Female,India,2029-12-18
4371,Vicki Carstensen,60,Male,US,2029-12-19
4372,Naldo Pyles,33,Female,UK,2029-12-20
4373,Barbara Mohar,61,Male,UK,2029-12-21
4374,Michael Cobb,46,Female,UK,2029-12-22
4375,Robert Lyeba,39,Female,Germany,2029-12-23
4376,Joyce Cornwell,26,Female,US,2029-12-24
4377,John Robey,32,Female,US,2029-12-25
4378,Veleine Smales,54,Female,Canada,2029-12-26
4379,Mary Jane Razo,48,Female,Canada,2029-12-27
4380,Roger Smith,30,Female,UK,2029-12-28
4381,Anthony Bolio,60,Female,US,2029-12-29
4382,Phyllis Gonzales,58,Male,UK,2029-12-30
4383,Terry Wang,50,Male,Canada,2029-12-31
4384,George Reichert,61,Male,Germany,2030-01-01
4385,Tony Irvin,21,Female,Brazil,2030-01-02
4386,Eli Bartolemo,52,Female,Canada,2030-01-03
4387,Theolin Zobairi,38,Female,Brazil,2030-01-04
4388,Juan McIntyre,50,Female,Canada,2030-01-05
4389,John Johnson,50,Female,Brazil,2030-01-06
4390,Hazel Clark,27,Male,Germany,2030-01-07
4391,Elizabeth Kunkle,25,Female,Germany,2030-01-08
4392,Peggy Lutz,30,Female,Canada,2030-01-09
4393,Jules Van Gemeren,38,Male,India,2030-01-10
4394,Ray Peters,48,Male,US,2030-01-11
4395,Sophia West,29,Female,UK,2030-01-12
4396,Lorraine Villenas,30,Female,Germany,2030-01-13
4397,Sue Daugherty,40,Female,US,2030-01-14
4398,Reanel Adams,36,Female,India,2030-01-15
4399,W. Michael Christiansen,44,Male,Brazil,2030-01-16
4400,Terry Sanchez,64,Female,US,2030-01-17
4401,"M. Doyle Butler, Jr.",40,Female,UK,2030-01-18
4402,Frederick Whitten,31,Male,UK,2030-01-19
4403,Juanita Rael,22,Male,UK,2030-01-20
4404,Hewitt Yewell,39,Female,Germany,2030-01-21
4405,Diana Patton,36,Male,Brazil,2030-01-22
4406,Cynthia Claypool,43,Male,Germany,2030-01-23
4407,Lois Wood,57,Male,US,2030-01-24
4408,Kathaleen Cohen,61,Female,UK,2030-01-25
4409,Mattie Baxamusa,25,Female,India,2030-01-26
4410,Roger Brantome,22,Female,Brazil,2030-01-27
4411,Diane Ask,23,Male,Germany,2030-01-28
4412,Kirk Valencia,46,Female,US,2030-01-29
4413,Vickie Rife,44,Male,Germany,2030-01-30
4414,Jean Everett,52,Male,US,2030-01-31
4415,Freddy Quintana,26,Female,Germany,2030-02-01
4416,Vincent Deschner,35,Female,Brazil,2030-02-02
4417,Leman Booms,45,Female,Brazil,2030-02-03
4418,Edna Sullivan,53,Male,India,2030-02-04
4419,Guy Stevens,28,Female,India,2030-02-05
4420,Lisa Cowen,36,Female,Canada,2030-02-06
4421,Betty Garretson,23,Female,Germany,2030-02-07
4422,Debra Kelley,63,Female,Germany,2030-02-08
4423,Mohammad Caldwell,52,Male,Canada,2030-02-09
4424,Fredrick Vigil,43,Male,Canada,2030-02-10
4425,Julia Carver,18,Male,India,2030-02-11
4426,Betty Littrell,52,Male,Canada,2030-02-12
4427,Michael Wheat,57,Male,US,2030-02-13
4428,Beatrice Verdugo,20,Female,UK,2030-02-14
4429,Ken Ducat,52,Female,US,2030-02-15
4430,Patrick Coccimiglio,54,Male,Brazil,2030-02-16
4431,Ida Williams,23,Male,India,2030-02-17
4432,Rebecca Sparvoli,28,Male,Brazil,2030-02-18
4433,Irving Serna,18,Female,Canada,2030-02-19
4434,Terry Sanchez,53,Male,Brazil,2030-02-20
4435,Anna Cornett,21,Female,Brazil,2030-02-21
4436,Sharilynn Agee,46,Female,US,2030-02-22
4437,Karen Theisen,26,Female,Brazil,2030-02-23
4438,Sarah Caudill,41,Female,UK,2030-02-24
4439,Elizabeth Mason,26,Female,Germany,2030-02-25
4440,Suzette Baseheart,23,Male,Canada,2030-02-26
4441,June Torre,60,Male,Germany,2030-02-27
4442,Ann Gaya,36,Female,Brazil,2030-02-28
4443,Ricardo Dittemore,51,Female,Germany,2030-03-01
4444,Annmarie Hill,36,Male,US,2030-03-02
4445,Z . T.  Milton Albury,62,Male,India,2030-03-03
4446,Teresa Chorbajian,41,Male,Brazil,2030-03-04
4447,Megan Davis,25,Male,Brazil,2030-03-05
4448,Florence Cooke,48,Female,Germany,2030-03-06
4449,Karen Romers,21,Male,UK,2030-03-07
4450,Jody Pryor,58,Male,Canada,2030-03-08
4451,Kathleen Dwier,28,Female,India,2030-03-09
4452,Robert Hayden,18,Female,Germany,2030-03-10
4453,Rosmarie Carroll,61,Male,Brazil,2030-03-11
4454,Bettie Pooler,51,Female,India,2030-03-12
4455,Dorothy Contreras,38,Male,US,2030-03-13
4456,James Tieman,18,Male,UK,2030-03-14
4457,Barbara Schmidt,29,Female,US,2030-03-15
4458,Anna Kassian,63,Female,Brazil,2030-03-16
4459,John Kennedy,54,Male,Germany,2030-03-17
4460,Darrel Johnson,19,Female,Brazil,2030-03-18
4461,Faye Vaughn,60,Male,Germany,2030-03-19
4462,James Gregerson,32,Male,India,2030-03-20
4463,Ed Young,50,Female,Brazil,2030-03-21
4464,Carl Wesley,31,Male,Canada,2030-03-22
4465,Brenda Hurst,45,Male,UK,2030-03-23
4466,Dennis Tobias,27,Female,Brazil,2030-03-24
4467,Herbert Bomar,61,Female,India,2030-03-25
4468,David Anderson,48,Male,US,2030-03-26
4469,Martha Bunch,56,Male,Canada,2030-03-27
4470,Rose-marie Kinney,35,Male,US,2030-03-28
4471,Broamma Dembicki,52,Male,UK,2030-03-29
4472,Tamara Beveridge,19,Male,UK,2030-03-30
4473,Pamela Walden,19,Male,UK,2030-03-31
4474,James Bakeman,24,Male,Germany,2030-04-01
4475,Lawrence Roskey,34,Male,Brazil,2030-04-02
4476,Marina Erwin,36,Male,US,2030-04-03
4477,Carlo Wheeler,56,Male,India,2030-04-04
4478,Paul Lafoe,51,Male,Germany,2030-04-05
4479,Wavley Arnone,27,Male,Brazil,2030-04-06
4480,Dorothy Steingraf,20,Female,India,2030-04-07
4481,Frances Schultz,38,Female,India,2030-04-08
4482,Marjorie Leonard,58,Female,India,2030-04-09
4483,Shirley Springer,29,Female,UK,2030-04-10
4484,Jill Wilson,27,Male,Brazil,2030-04-11
4485,Matthew Bengtson,39,Female,Germany,2030-04-12
4486,Danita Speicher,46,Female,Brazil,2030-04-13
4487,Julie Tackett,21,Male,US,2030-04-14
4488,Joshua Trujillo,49,Female,India,2030-04-15
4489,William Cathey,48,Male,Brazil,2030-04-16
4490,Gail Hoblin,34,Female,Brazil,2030-04-17
4491,Laura Walters,24,Male,Canada,2030-04-18
4492,Kenneth Ramsey,37,Male,India,2030-04-19
4493,Cheryl Herring,24,Male,Germany,2030-04-20
4494,Anneliese Dye,30,Male,UK,2030-04-21
4495,Donna McConnell,42,Female,Germany,2030-04-22
4496,Deanna Davidson,36,Male,Brazil,2030-04-23
4497,Delores Wensler,25,Male,Canada,2030-04-24
4498,Michelle Bollin,36,Female,Canada,2030-04-25
4499,Daricia Almasie,36,Female,US,2030-04-26
4500,Carolyn Wagner,61,Male,Canada,2030-04-27
4501,Georgia Landrum,22,Male,Canada,2030-04-28
4502,Alice Nicholson,35,Female,UK,2030-04-29
4503,Samantha Woodering,54,Male,UK,2030-04-30
4504,Kimberly Johnson,26,Male,US,2030-05-01
4505,Kirk Steele,50,Male,Germany,2030-05-02
4506,Steven Williamson,59,Male,Canada,2030-05-03
4507,Kari Vermette,60,Female,Canada,2030-05-04
4508,Concetta Skapinok,63,Female,India,2030-05-05
4509,Jeanette Dismuke,53,Male,Germany,2030-05-06
4510,Eric Brumfield,56,Female,Germany,2030-05-07
4511,Lisa Lima,23,Male,US,2030-05-08
4512,JoAnne Riley,29,Female,India,2030-05-09
4513,Gerald Drury,56,Male,Canada,2030-05-10
4514,Frances Whilhite,54,Female,Canada,2030-05-11
4515,Joe Smith,42,Female,Canada,2030-05-12
4516,Jay Cancilla,58,Male,UK,2030-05-13
4517,Kimberly Oliver,60,Male,Brazil,2030-05-14
4518,Jenna Thys,28,Male,Germany,2030-05-15
4519,Noel Murphy,47,Female,Canada,2030-05-16
4520,Sylvester Valdez,55,Male,Germany,2030-05-17
4521,Jerry Ashbrook,62,Male,Canada,2030-05-18
4522,Dorothy Moyer,18,Female,Brazil,2030-05-19
4523,George Stenberg,33,Female,Canada,2030-05-20
4524,Grace Drake,25,Male,India,2030-05-21
4525,Sandra Young,27,Female,Germany,2030-05-22
4526,Lori Bethune,39,Male,India,2030-05-23
4527,Karen Dahlberg,61,Male,Brazil,2030-05-24
4528,Christine Miller,28,Female,US,2030-05-25
4529,Ashvini Sharama,58,Male,Canada,2030-05-26
4530,Emanuel Coleman,35,Female,Brazil,2030-05-27
4531,Mark Banuelos,41,Male,UK,2030-05-28
4532,Tracy Brown,28,Male,India,2030-05-29
4533,Mary Ayers,52,Male,US,2030-05-30
4534,Clarence Tatman,28,Male,Brazil,2030-05-31
4535,Bertie Wherrett,29,Male,Brazil,2030-06-01
4536,Loretta Maez,35,Female,India,2030-06-02
4537,Mary Aigaki,29,Female,US,2030-06-03
4538,Isabella Farley,54,Male,Brazil,2030-06-04
4539,Edna Leonguerrero,55,Female,Germany,2030-06-05
4540,Donna Brockett,63,Female,UK,2030-06-06
4541,William Akin,59,Male,Germany,2030-06-07
4542,Lisa Bowman,27,Female,India,2030-06-08
4543,Jeffrey Evoy,36,Male,Germany,2030-06-09
4544,Jeanine Finnell,63,Male,India,2030-06-10
4545,Emma Gillis,37,Male,Brazil,2030-06-11
4546,Karen Stanfield,60,Female,Canada,2030-06-12
4547,Theresa Kohari,43,Male,Germany,2030-06-13
4548,Eric Carroll,20,Female,UK,2030-06-14
4549,Jeanelle Vigil,39,Female,Canada,2030-06-15
4550,Larry Meek,35,Male,UK,2030-06-16
4551,Julie Waggoner,57,Female,India,2030-06-17
4552,Sharron Steffanson,38,Female,Brazil,2030-06-18
4553,Murray Van Hoboken,58,Female,Germany,2030-06-19
4554,Susan York,28,Female,Canada,2030-06-20
4555,Lisa Strehlitz,54,Female,UK,2030-06-21
4556,Arline Walker,62,Female,US,2030-06-22
4557,Richard Wellington,20,Female,Brazil,2030-06-23
4558,Marillyn Cox,44,Female,US,2030-06-24
4559,Michael Bohling,40,Female,Brazil,2030-06-25
4560,Peter Stephenson,57,Female,India,2030-06-26
4561,Daniel Boustead,42,Female,Brazil,2030-06-27
4562,Gloria Mason,57,Male,Canada,2030-06-28
4563,Joseph Touchstone,25,Male,Brazil,2030-06-29
4564,Walter Winkley,57,Male,Brazil,2030-06-30
4565,Barbara Verdin,20,Male,India,2030-07-01
4566,Concetta Steinberg,30,Female,UK,2030-07-02
4567,Ramon Price,54,Male,India,2030-07-03
4568,Pamela Little,50,Female,India,2030-07-04
4569,Sue Kaufman,42,Female,US,2030-07-05
4570,Kit Zimmerman,46,Male,US,2030-07-06
4571,Angela Hutchinson,46,Male,Canada,2030-07-07
4572,Susan Brown,23,Female,India,2030-07-08
4573,Robin Dominica,57,Female,Germany,2030-07-09
4574,Jane King,37,Male,India,2030-07-10
4575,Susan Torres,36,Male,US,2030-07-11
4576,Arlene Sinnamon,32,Male,US,2030-07-12
4577,Vince Fisher,48,Female,Brazil,2030-07-13
4578,Patricia Aldridge,43,Male,UK,2030-07-14
4579,Mandi Meyer,39,Female,Canada,2030-07-15
4580,Julie Pokorney,52,Female,UK,2030-07-16
4581,Anthony Johnston,27,Male,India,2030-07-17
4582,Lori Standafer,26,Male,Germany,2030-07-18
4583,Chris Tropp,57,Female,UK,2030-07-19
4584,Elvera Lipes,61,Male,US,2030-07-20
4585,Virginia Daily,50,Female,UK,2030-07-21
4586,Jeffrey Drewke,43,Female,Germany,2030-07-22
4587,George Stone,50,Female,Brazil,2030-07-23
4588,Michelle Gottier,27,Female,US,2030-07-24
4589,Darryl Swingley,46,Male,Brazil,2030-07-25
4590,Patricia Buchanan,35,Female,Germany,2030-07-26
4591,Ruth Dimon,23,Female,India,2030-07-27
4592,Benjamin Senick,58,Female,Germany,2030-07-28
4593,Josephine Vuong,33,Male,Brazil,2030-07-29
4594,Linda Fike,43,Female,Germany,2030-07-30
4595,Julia Ketterman,25,Male,US,2030-07-31
4596,Clarence Brinkman,48,Female,India,2030-08-01
4597,Carl Wesley,61,Male,Germany,2030-08-02
4598,Kathy Ashton,36,Female,UK,2030-08-03
4599,Dominick Nutter,49,Male,US,2030-08-04
4600,Konie James,35,Male,India,2030-08-05
4601,Bethe Habern,61,Female,Canada,2030-08-06
4602,Shelby Levine,38,Female,Brazil,2030-08-07
4603,May Patrick,46,Male,US,2030-08-08
4604,Manuel Haskin,42,Male,Germany,2030-08-09
4605,Sandra Stephens,62,Female,Germany,2030-08-10
4606,Lyle Spencer,48,Female,India,2030-08-11
4607,William Edman,43,Male,Brazil,2030-08-12
4608,Herbert Madden,64,Female,Canada,2030-08-13
4609,Amanda Tucker,29,Female,Germany,2030-08-14
4610,Karen Campbell,24,Female,India,2030-08-15
4611,Moyie Cortese,44,Male,Canada,2030-08-16
4612,George McGee,18,Female,Brazil,2030-08-17
4613,Myrna Brauer,41,Female,Brazil,2030-08-18
4614,Vivian Tuttle,31,Female,Germany,2030-08-19
4615,Lin Conley,47,Female,India,2030-08-20
4616,Debra Flanders,21,Male,Brazil,2030-08-21
4617,Raeann Sugiyama,59,Female,Canada,2030-08-22
4618,James Brew,36,Female,Brazil,2030-08-23
4619,Brenda Barlow,27,Female,India,2030-08-24
4620,Edna Adamich,36,Male,Canada,2030-08-25
4621,Robert Kindle,21,Male,US,2030-08-26
4622,Sam Hill,51,Male,UK,2030-08-27
4623,Wildon Cameron,30,Male,Canada,2030-08-28
4624,Diane Kuhl,32,Male,US,2030-08-29
4625,Karen Perko,28,Male,US,2030-08-30
4626,Denyse Brown,56,Female,Canada,2030-08-31
4627,Kent Miller,35,Male,Brazil,2030-09-01
4628,Margaret Willich,47,Male,Canada,2030-09-02
4629,Jeanette Cole,49,Male,US,2030-09-03
4630,John Tysor,35,Female,Germany,2030-09-04
4631,Lola Van Zandt,39,Female,US,2030-09-05
4632,Phyllis Martinez,59,Male,Canada,2030-09-06
4633,Karen Koman,36,Male,India,2030-09-07
4634,Joyce Stephens,53,Female,US,2030-09-08
4635,Dennis Tobias,53,Male,Germany,2030-09-09
4636,Robert Clements,42,Female,Canada,2030-09-10
4637,Doreen Anderson,53,Female,Germany,2030-09-11
4638,Doris Johnson,29,Female,India,2030-09-12
4639,Danny Corsi,20,Female,India,2030-09-13
4640,Rose Perez,24,Female,UK,2030-09-14
4641,Kimberlee Demott,37,Male,Brazil,2030-09-15
4642,Michael Wood,49,Female,Brazil,2030-09-16
4643,David Chavez,50,Male,Brazil,2030-09-17
4644,Olga York,43,Female,Canada,2030-09-18
4645,Joe Elson,19,Female,Canada,2030-09-19
4646,Craig Wilson,61,Male,Canada,2030-09-20
4647,Betty Boshnack,29,Female,Canada,2030-09-21
4648,Carol Elliott,60,Male,India,2030-09-22
4649,Jill Bonham,42,Male,UK,2030-09-23
4650,Florence Rosemont,56,Female,UK,2030-09-24
4651,Jorge Wolfe,62,Male,Brazil,2030-09-25
4652,Vince Fisher,27,Male,UK,2030-09-26
4653,Curtis Asfaha,56,Male,India,2030-09-27
4654,Barbara Smith,38,Male,Germany,2030-09-28
4655,Stephen Steeves,30,Female,Canada,2030-09-29
4656,David Buesch,27,Male,Canada,2030-09-30
4657,James Gahagan,54,Female,Brazil,2030-10-01
4658,Paul Elliott,58,Female,US,2030-10-02
4659,Ray Hull,44,Female,Brazil,2030-10-03
4660,Marc Trager,62,Male,India,2030-10-04
4661,Richard Arden,61,Female,Germany,2030-10-05
4662,Robert Purcell,26,Female,US,2030-10-06
4663,Nancy Felise,34,Male,US,2030-10-07
4664,Maureen Overholser,33,Female,Germany,2030-10-08
4665,Norma Rios,42,Male,Canada,2030-10-09
4666,Sarah Tancredy,26,Female,Germany,2030-10-10
4667,Jennifer Casaus,44,Male,India,2030-10-11
4668,Christy Fiedler,58,Male,Brazil,2030-10-12
4669,Brian Ball,62,Female,India,2030-10-13
4670,Stephanie Stein,19,Female,Canada,2030-10-14
4671,Shirley Bailey,54,Female,India,2030-10-15
4672,Susan Lane,59,Female,India,2030-10-16
4673,Margaret Young,23,Male,India,2030-10-17
4674,Barbara Arbeck,26,Male,Germany,2030-10-18
4675,Diane Potter,27,Male,Brazil,2030-10-19
4676,Adria Trujillo,58,Female,India,2030-10-20
4677,Michelle Noble,39,Female,UK,2030-10-21
4678,Geneva Ace,55,Male,UK,2030-10-22
4679,Chandana Hathi,52,Female,US,2030-10-23
4680,Maudie Walker,44,Male,Germany,2030-10-24
4681,Jean Coy,44,Female,Canada,2030-10-25
4682,Everett Putt,56,Male,US,2030-10-26
4683,Fred Bolla,64,Female,US,2030-10-27
4684,Elizabeth Horne,20,Male,US,2030-10-28
4685,Mary Alexander,37,Female,Canada,2030-10-29
4686,Lili Alameda,24,Female,Brazil,2030-10-30
4687,Michelle Bailey,22,Female,India,2030-10-31
4688,Connie Wethor,63,Female,UK,2030-11-01
4689,Thomas Ritacco,39,Female,Brazil,2030-11-02
4690,Linda Terhorst,51,Male,UK,2030-11-03
4691,Jillian Reyno,58,Female,Canada,2030-11-04
4692,Beth Nichols,55,Female,UK,2030-11-05
4693,Jason Germ,42,Male,Germany,2030-11-06
4694,Norma Serpanchy,59,Male,Germany,2030-11-07
4695,Elmer Rich,55,Female,UK,2030-11-08
4696,Mildred Bush,25,Male,India,2030-11-09
4697,Eric Auld,59,Male,US,2030-11-10
4698,Phillip Stanifer,25,Female,US,2030-11-11
4699,Danny Arteaga,50,Male,India,2030-11-12
4700,Mary Dotson,40,Female,US,2030-11-13
4701,Kathi Turnbell,51,Male,India,2030-11-14
4702,Paul Miller,54,Female,Canada,2030-11-15
4703,Rich Wilson,44,Female,US,2030-11-16
4704,Guy Stevens,20,Female,India,2030-11-17
4705,William Stubbs,36,Male,UK,2030-11-18
4706,Elizabeth Ragulsky,34,Male,Canada,2030-11-19
4707,Brian Walker,59,Female,UK,2030-11-20
4708,Kendra Christopher,60,Female,Germany,2030-11-21
4709,Lige Brown,39,Female,Canada,2030-11-22
4710,Britton Walker,19,Male,Brazil,2030-11-23
4711,Tim Riffe,38,Female,Canada,2030-11-24
4712,Lance Caijem,41,Male,Germany,2030-11-25
4713,French Thurman,52,Female,India,2030-11-26
4714,Nestor Carpoff,25,Female,US,2030-11-27
4715,W. Dale Souza,39,Male,Germany,2030-11-28
4716,Geneva McAden,49,Male,India,2030-11-29
4717,John Abalos,41,Male,Canada,2030-11-30
4718,Betty Bressler,32,Female,Canada,2030-12-01
4719,Guillermo Senak,34,Male,UK,2030-12-02
4720,Timothy Mahan,54,Female,India,2030-12-03
4721,Dorothy Roach,34,Female,Brazil,2030-12-04
4722,Rudolph Alebord,27,Female,Germany,2030-12-05
4723,Brenda Sowers,43,Male,Germany,2030-12-06
4724,Sue Thayer,43,Female,India,2030-12-07
4725,Bonnie Lair,44,Male,India,2030-12-08
4726,Freddie Briscoe,23,Male,Germany,2030-12-09
4727,Kerry Fitzgerald,39,Male,Canada,2030-12-10
4728,Bruce McDonnell,62,Male,India,2030-12-11
4729,Phyllis Wellner,48,Male,Germany,2030-12-12
4730,Daniel Edwards,36,Female,UK,2030-12-13
4731,Michael Swenson,56,Female,Germany,2030-12-14
4732,Delia Cody,27,Female,US,2030-12-15
4733,Kenton Forham,56,Female,US,2030-12-16
4734,Debra Reed,44,Female,Canada,2030-12-17
4735,Van Armstrong,28,Female,Germany,2030-12-18
4736,Georgeane Jennings,48,Female,US,2030-12-19
4737,Leah Wilcox,51,Female,India,2030-12-20
4738,Connor Travierso,59,Female,India,2030-12-21
4739,Tina Wood,41,Male,India,2030-12-22
4740,Christina North,45,Female,UK,2030-12-23
4741,Carol Lindsay,48,Female,Brazil,2030-12-24
4742,Dorothy Thomas,45,Male,Germany,2030-12-25
4743,Teresa Battistelli,21,Male,Brazil,2030-12-26
4744,Julie Welch,28,Male,India,2030-12-27
4745,Derek Bayol,52,Male,Germany,2030-12-28
4746,David Staisteven,24,Male,India,2030-12-29
4747,Beth Conner,57,Female,Brazil,2030-12-30
4748,Berniece Rafferty,27,Male,Germany,2030-12-31
4749,Harold Troxel,57,Male,India,2031-01-01
4750,Nancy Adams,34,Female,Brazil,2031-01-02
4751,Judith Menaseo,48,Male,India,2031-01-03
4752,Martha Clark,50,Female,India,2031-01-04
4753,John Bates,61,Female,UK,2031-01-05
4754,Lori Thayer,27,Male,US,2031-01-06
4755,Moyie Cortese,55,Female,India,2031-01-07
4756,Taylor Tu,51,Male,India,2031-01-08
4757,Jerome Calkins,62,Female,Brazil,2031-01-09
4758,Michael Warner,39,Male,India,2031-01-10
4759,Tricia McCormick,34,Female,India,2031-01-11
4760,Jessamyn Stern,57,Male,Germany,2031-01-12
4761,Mary Annunciation,43,Male,UK,2031-01-13
4762,Barbara Verdugo,41,Female,Germany,2031-01-14
4763,Martha Cozart,57,Male,US,2031-01-15
4764,Margie Bayci,23,Male,Germany,2031-01-16
4765,Robert Gurule,60,Female,India,2031-01-17
4766,Donna Stehlin,26,Female,Canada,2031-01-18
4767,Connie Brown,35,Female,UK,2031-01-19
4768,Mildred Morrow,29,Female,UK,2031-01-20
4769,Beverly Thornlow,27,Male,Brazil,2031-01-21
4770,Lorraine Aplanalp,29,Male,Canada,2031-01-22
4771,Brandon Rohlke,35,Male,India,2031-01-23
4772,James Aldridge,44,Female,UK,2031-01-24
4773,Susan Mc Nair,44,Male,UK,2031-01-25
4774,Delbert Steffy,52,Male,Brazil,2031-01-26
4775,Joann Hanas,27,Male,Brazil,2031-01-27
4776,Rene Wolf,21,Male,Brazil,2031-01-28
4777,Beverly Dittmar,23,Female,Brazil,2031-01-29
4778,May Patrick,52,Female,Canada,2031-01-30
4779,Cathy Norwood,58,Male,US,2031-01-31
4780,Safron Thurman,32,Female,Germany,2031-02-01
4781,M. Sikes,29,Female,Brazil,2031-02-02
4782,Angela Jiminez,38,Male,Canada,2031-02-03
4783,Geraldine Aubrecht,64,Female,Brazil,2031-02-04
4784,Raymond Onsby,43,Male,US,2031-02-05
4785,Nicholas Contreras,24,Male,India,2031-02-06
4786,Julie Varney,51,Male,Brazil,2031-02-07
4787,Brian Derrickson,33,Male,Brazil,2031-02-08
4788,Sandra Watkins,26,Female,Brazil,2031-02-09
4789,Robert Bishop,39,Female,US,2031-02-10
4790,Linda Fugere,63,Male,UK,2031-02-11
4791,Cletus Adler,51,Female,US,2031-02-12
4792,M. Cappa,38,Female,UK,2031-02-13
4793,Dianne Bagno,41,Female,US,2031-02-14
4794,Darlyn Grayson,60,Male,Brazil,2031-02-15
4795,Rebecca Church,47,Male,Germany,2031-02-16
4796,Gloria Mason,44,Male,Canada,2031-02-17
4797,Nettie Guagliardo,41,Female,Brazil,2031-02-18
4798,Boyd Cicerelli,24,Male,India,2031-02-19
4799,Mary Francis Benigar,27,Male,UK,2031-02-20
4800,Betty Anderson,55,Male,Brazil,2031-02-21
4801,Rachel Staton,19,Male,Canada,2031-02-22
4802,Louise Garcia,30,Male,US,2031-02-23
4803,Joe Rebhun,29,Female,UK,2031-02-24
4804,Ashlie Patton,28,Male,Germany,2031-02-25
4805,Jeanine Sanchez,49,Male,India,2031-02-26
4806,Rosalie Breer,37,Female,US,2031-02-27
4807,Linda Ecoffey,41,Female,India,2031-02-28
4808,Burt Burks,58,Male,Germany,2031-03-01
4809,Phyllis Gonzales,19,Male,Brazil,2031-03-02
4810,James Caldwell,24,Female,Brazil,2031-03-03
4811,Sarah Caudill,47,Male,Brazil,2031-03-04
4812,Alma Osborne,55,Female,Brazil,2031-03-05
4813,David Sumner,59,Female,UK,2031-03-06
4814,Ramon Brady,49,Female,UK,2031-03-07
4815,Connie Welch,20,Male,Germany,2031-03-08
4816,Tanya Wurst,49,Male,Germany,2031-03-09
4817,Cheryl Barta,40,Male,Canada,2031-03-10
4818,Jessica Kessler,33,Male,Brazil,2031-03-11
4819,William Roybal,43,Female,Brazil,2031-03-12
4820,Urban Realino,32,Male,US,2031-03-13
4821,Lenore McNichols,40,Female,UK,2031-03-14
4822,Marilyn Cravens,20,Female,US,2031-03-15
4823,Richard Swesey,48,Female,Brazil,2031-03-16
4824,Martha Jackson,55,Female,Brazil,2031-03-17
4825,Bradley Thomas,19,Male,India,2031-03-18
4826,Jean Zimmerman,52,Female,Brazil,2031-03-19
4827,Trinnette Vorndam,31,Female,UK,2031-03-20
4828,Joe Trahan,27,Female,Brazil,2031-03-21
4829,Kirk Yowell,53,Female,UK,2031-03-22
4830,Charles Munoz,22,Male,US,2031-03-23
4831,Charles Drake,33,Female,UK,2031-03-24
4832,Jennifer Spindler,20,Female,Germany,2031-03-25
4833,Dwain Waterhouse,42,Female,Canada,2031-03-26
4834,Pasquale Goldstein,44,Female,Canada,2031-03-27
4835,Ralph Borrillo,23,Female,UK,2031-03-28
4836,Helen Villa,24,Female,US,2031-03-29
4837,Amy Wood,42,Female,UK,2031-03-30
4838,Lenore Yasi,56,Male,India,2031-03-31
4839,Ed Bias,64,Female,India,2031-04-01
4840,Sandra Bittel,57,Female,Canada,2031-04-02
4841,Alice Bautista,53,Male,Brazil,2031-04-03
4842,Marinell Cirrone,33,Male,Brazil,2031-04-04
4843,Jose Ogden,51,Female,Brazil,2031-04-05
4844,Pauline Stayton,51,Male,India,2031-04-06
4845,Kit Tarleton,60,Female,Germany,2031-04-07
4846,Joseph Browne,27,Male,Brazil,2031-04-08
4847,Misty Maria,24,Female,Germany,2031-04-09
4848,Michael Wall,48,Female,UK,2031-04-10
4849,Edwardo Thompson,41,Female,Germany,2031-04-11
4850,Derwin Sanchez,59,Male,Canada,2031-04-12
4851,Joseph Abrahamian,24,Male,US,2031-04-13
4852,Kathryn Secrest,29,Male,US,2031-04-14
4853,June Brunner,62,Male,Canada,2031-04-15
4854,Richard Johnson,62,Male,US,2031-04-16
4855,Judith Kent,26,Male,India,2031-04-17
4856,Patricia Christensen,23,Female,Brazil,2031-04-18
4857,Stacy Krause,63,Female,US,2031-04-19
4858,Paul Wolfson,18,Female,India,2031-04-20
4859,Denise Stam,23,Female,India,2031-04-21
4860,David Carr,62,Female,US,2031-04-22
4861,Susan Tkachenko,36,Male,US,2031-04-23
4862,Carlos Wu,30,Female,US,2031-04-24
4863,Florianne Helton,30,Male,Brazil,2031-04-25
4864,Roland Zumsteg,56,Male,Canada,2031-04-26
4865,"M. Doyle Butler, Jr.",29,Male,Germany,2031-04-27
4866,Norman Smith,35,Female,India,2031-04-28
4867,Julia Welge,37,Female,Germany,2031-04-29
4868,Audrey Ahmadzai,50,Male,Brazil,2031-04-30
4869,Donna Katz,38,Female,Canada,2031-05-01
4870,Leslie Rainosek,46,Male,Brazil,2031-05-02
4871,Jarod Barlier,44,Female,US,2031-05-03
4872,Robert Boriskin,40,Female,India,2031-05-04
4873,Cheryl Cereghino,41,Male,Brazil,2031-05-05
4874,Verdis Avaloz,30,Male,UK,2031-05-06
4875,Robert Hayden,56,Female,Brazil,2031-05-07
4876,Karel Cefalu,43,Female,Brazil,2031-05-08
4877,Sarah Tancredy,63,Male,Canada,2031-05-09
4878,Charlotte Yonce,24,Female,Brazil,2031-05-10
4879,Rama Hager,24,Female,UK,2031-05-11
4880,Jean St. Peter,24,Female,India,2031-05-12
4881,Elizabeth Borg,45,Female,Brazil,2031-05-13
4882,Jed Piquette,52,Male,US,2031-05-14
4883,Terri Sweazey,33,Female,US,2031-05-15
4884,Michael Maroney,41,Female,Canada,2031-05-16
4885,Lyall Baughman,44,Male,Germany,2031-05-17
4886,Steve Montgomery,29,Male,Brazil,2031-05-18
4887,Baha Kretz,49,Male,Brazil,2031-05-19
4888,Nadine Smith,47,Male,UK,2031-05-20
4889,Irene Thomas,54,Male,Germany,2031-05-21
4890,Erin Yielding,47,Female,Canada,2031-05-22
4891,William Cornett,52,Female,Canada,2031-05-23
4892,Roger Martin,59,Female,Germany,2031-05-24
4893,Julie Estes,43,Male,Brazil,2031-05-25
4894,Angela Preece,62,Female,Brazil,2031-05-26
4895,Myrtle Cardinal,26,Male,Brazil,2031-05-27
4896,Jeannine Markwith,23,Female,US,2031-05-28
4897,Esther White,56,Female,UK,2031-05-29
4898,Ruth Patridge,34,Female,Germany,2031-05-30
4899,John Sobotka,37,Male,US,2031-05-31
4900,Pearl Erwin,51,Female,US,2031-06-01
4901,Eric Smith,30,Female,US,2031-06-02
4902,Catherine Hathcock,62,Female,Brazil,2031-06-03
4903,Phyllis Ardell,21,Male,UK,2031-06-04
4904,Carl Morris,20,Male,Germany,2031-06-05
4905,Harvey Wightman,35,Female,India,2031-06-06
4906,William Richter,39,Male,US,2031-06-07
4907,Bonnie Bruno,21,Male,Canada,2031-06-08
4908,Roland Bassette,48,Female,Brazil,2031-06-09
4909,John Buchan,54,Male,Brazil,2031-06-10
4910,Louis Taylor,52,Female,Canada,2031-06-11
4911,Tracy Brown,36,Female,India,2031-06-12
4912,Bertie Wherrett,52,Female,Germany,2031-06-13
4913,Pamela Thesing,25,Female,UK,2031-06-14
4914,Virgie Wang,28,Female,US,2031-06-15
4915,Nancy Sears,32,Female,India,2031-06-16
4916,Johanna Strickland,56,Male,Germany,2031-06-17
4917,Vanessa Quinn,59,Male,UK,2031-06-18
4918,Marie Richards,42,Male,Brazil,2031-06-19
4919,Loren Allen,19,Male,UK,2031-06-20
4920,Denise Baird,34,Female,India,2031-06-21
4921,Mary Corsi,44,Male,India,2031-06-22
4922,Patricia Schwaab,24,Male,Germany,2031-06-23
4923,Karen Villani,22,Male,US,2031-06-24
4924,Michael Robertson,57,Male,US,2031-06-25
4925,Danae Brang,55,Female,Canada,2031-06-26
4926,Marcia Barbarino,62,Male,UK,2031-06-27
4927,Vance Beaulieu,32,Male,Brazil,2031-06-28
4928,Christine Camo,24,Male,UK,2031-06-29
4929,Oscar Wiese,56,Female,Canada,2031-06-30
4930,Warren Leslie,33,Female,US,2031-07-01
4931,Abdullah Bybee,30,Female,UK,2031-07-02
4932,Hubert Trujillo,45,Female,Canada,2031-07-03
4933,Judy Weverstad,56,Female,Brazil,2031-07-04
4934,Ed Graham,50,Female,UK,2031-07-05
4935,Kevin Zorovich,42,Male,US,2031-07-06
4936,Edward Barrera,39,Male,Germany,2031-07-07
4937,Patrick Espinoza,57,Female,US,2031-07-08
4938,Ginny Hughes,59,Male,UK,2031-07-09
4939,Edward Lovell,29,Male,Canada,2031-07-10
4940,Eloise Visperas,61,Female,Germany,2031-07-11
4941,Steve Eurich,40,Male,UK,2031-07-12
4942,Cathy Garcia,18,Female,Canada,2031-07-13
4943,Joshua Vail,20,Male,Canada,2031-07-14
4944,Isabel Haas,45,Male,Germany,2031-07-15
4945,Sue Anthony,26,Female,Germany,2031-07-16
4946,Lynn Alvarez,62,Male,Germany,2031-07-17
4947,Peter Swaim,34,Male,India,2031-07-18
4948,Josephine Scott,46,Male,Brazil,2031-07-19
4949,Dave Garner,46,Female,UK,2031-07-20
4950,Alfred Bulman,54,Female,Canada,2031-07-21
4951,Debbie Turcios,23,Male,US,2031-07-22
4952,Irvin Setzer,47,Male,Germany,2031-07-23
4953,Randy Patton,40,Male,US,2031-07-24
4954,Garth Wagner,33,Female,UK,2031-07-25
4955,Virginia Daily,59,Male,Brazil,2031-07-26
4956,Michael Schoolcraft,18,Female,Brazil,2031-07-27
4957,Adam Bloomfeild,58,Male,US,2031-07-28
4958,Judith Stein,22,Male,Canada,2031-07-29
4959,Don Smith,23,Male,UK,2031-07-30
4960,Anne Sims,58,Male,Brazil,2031-07-31
4961,Tiffany Alexander,50,Female,India,2031-08-01
4962,Keith Pearl,52,Male,Germany,2031-08-02
4963,Chey Jones,53,Female,India,2031-08-03
4964,Ron Anderson,55,Male,UK,2031-08-04
4965,Shannon Brooks,62,Male,Brazil,2031-08-05
4966,Christine Vanek,56,Male,Brazil,2031-08-06
4967,Marge Buck,26,Female,Canada,2031-08-07
4968,Paul Beatty,56,Female,UK,2031-08-08
4969,John Gannon,24,Female,Canada,2031-08-09
4970,Jeannette Bura,37,Male,US,2031-08-10
4971,Audrey Topping,55,Female,US,2031-08-11
4972,Edwin Cordova,41,Female,US,2031-08-12
4973,Martin Johnson,25,Male,UK,2031-08-13
4974,Patricia Stoddard,48,Male,Brazil,2031-08-14
4975,Ruby Tompkins,64,Female,Canada,2031-08-15
4976,James Eichorn,64,Male,India,2031-08-16
4977,William Gilker,54,Female,US,2031-08-17
4978,Lydia Herrman,37,Female,Canada,2031-08-18
4979,Velma Husk,49,Female,Germany,2031-08-19
4980,Ann Hass,44,Female,Brazil,2031-08-20
4981,Kelly Turley,38,Female,US,2031-08-21
4982,William Leeburg,56,Male,Canada,2031-08-22
4983,Harold Aldaridge,30,Female,Canada,2031-08-23
4984,Cheryl Tobin,31,Male,Brazil,2031-08-24
4985,Gary Dumin,49,Male,UK,2031-08-25
4986,Junior Liverman,24,Female,US,2031-08-26
4987,Virginia Mercer,55,Male,Germany,2031-08-27
4988,Susan Anderson,26,Male,Canada,2031-08-28
4989,Rae Yarrington,46,Female,UK,2031-08-29
4990,Helen Lutes,39,Female,Brazil,2031-08-30
4991,Perry Marshall,64,Female,US,2031-08-31
4992,Raul Casts,60,Female,Brazil,2031-09-01
4993,Edward Kozlowski,54,Female,Brazil,2031-09-02
4994,Erin Yielding,49,Male,Germany,2031-09-03
4995,Gregory Whiting,36,Female,India,2031-09-04
4996,Mary Wells,38,Male,Brazil,2031-09-05
4997,Judy Cartwright,34,Male,Brazil,2031-09-06
4998,Ira Trujillo,31,Male,UK,2031-09-07
4999,Kathy Harvey,59,Male,India,2031-09-08
5000,Sarah Williard,19,Female,US,2031-09-09
5001,Mari Lane,31,Female,Canada,2031-09-10
5002,Eugene Romero,19,Female,UK,2031-09-11
5003,Julie Boersen,31,Male,Germany,2031-09-12
5004,Sharon Martinez,46,Female,UK,2031-09-13
5005,Mary Brown,28,Female,US,2031-09-14
5006,Suzann Goodwin,47,Female,Brazil,2031-09-15
5007,Guy Stevens,45,Female,Brazil,2031-09-16
5008,James Maul,40,Male,Brazil,2031-09-17
5009,Patricia Drennen,59,Male,US,2031-09-18
5010,Mark Avrin,58,Female,Germany,2031-09-19
5011,Shari Snyder,63,Female,US,2031-09-20
5012,Claudette Vergara,42,Female,US,2031-09-21
5013,Randall Powell,50,Female,US,2031-09-22
5014,Debra Ranch,26,Female,India,2031-09-23
5015,Tom Ritter,38,Male,UK,2031-09-24
5016,Merrie Shreck,48,Female,US,2031-09-25
5017,Leah Stephanos,46,Female,India,2031-09-26
5018,Christine Lorenzen,30,Female,Canada,2031-09-27
5019,Cary Reed,41,Male,UK,2031-09-28
5020,Donald Minichelli,34,Male,Brazil,2031-09-29
5021,Sandra Wan,62,Male,UK,2031-09-30
5022,Irene Watada,54,Male,India,2031-10-01
5023,Robert Stedillie,38,Male,US,2031-10-02
5024,Rupert Johnson,60,Female,US,2031-10-03
5025,Sandra Woodward,19,Female,US,2031-10-04
5026,John Schubitzke,38,Male,Brazil,2031-10-05
5027,Ryan Turner,26,Female,Canada,2031-10-06
5028,Margaret Trujillo,33,Male,US,2031-10-07
5029,Leah Wilcox,42,Female,US,2031-10-08
5030,Rachel Zimmerman,61,Female,Brazil,2031-10-09
5031,Jake Albritton,62,Male,Brazil,2031-10-10
5032,Shirley Kuhns,33,Female,US,2031-10-11
5033,Christopher Brink,20,Female,UK,2031-10-12
5034,Louise Lindsey,22,Female,Germany,2031-10-13
5035,Brendan Oleson,59,Male,Germany,2031-10-14
5036,Tammy Schwairy,24,Male,UK,2031-10-15
5037,Merrick McCain,62,Female,Germany,2031-10-16
5038,Eileen Walker,56,Female,Canada,2031-10-17
5039,Bruce Tepper,41,Male,UK,2031-10-18
5040,Sange Saraj,20,Male,US,2031-10-19
5041,Mark Ridley,35,Female,Germany,2031-10-20
5042,Margaret Carrillo,46,Female,US,2031-10-21
5043,Nathan Vij,64,Male,Brazil,2031-10-22
5044,Betty Bressler,27,Male,India,2031-10-23
5045,Robin Walker,19,Female,Germany,2031-10-24
5046,Shirley Esquivel,41,Male,Canada,2031-10-25
5047,James Rajasekhar,35,Male,US,2031-10-26
5048,Jacky Camille,57,Male,India,2031-10-27
5049,Modesto Wikberg,24,Female,US,2031-10-28
5050,Michael Bevis,59,Male,US,2031-10-29
5051,Erin Costar,48,Male,UK,2031-10-30
5052,Kelly Bowen,43,Male,Brazil,2031-10-31
5053,Stefanie Cardana,39,Male,Canada,2031-11-01
5054,Jerry Kolosso,31,Male,US,2031-11-02
5055,Ann Gaines,59,Male,US,2031-11-03
5056,Jane Evola,35,Female,India,2031-11-04
5057,Frank Ginsbach,31,Male,India,2031-11-05
5058,Marcella Peters,56,Female,Brazil,2031-11-06
5059,Ann Deborde,38,Male,India,2031-11-07
5060,Kristine Wikey,40,Male,Germany,2031-11-08
5061,Sandra Altamirano,38,Female,Brazil,2031-11-09
5062,Tina Heidi,51,Male,UK,2031-11-10
5063,Kari Sloper,39,Female,UK,2031-11-11
5064,Teresa Manning,34,Male,Germany,2031-11-12
5065,Linda Huddleston,55,Female,Brazil,2031-11-13
5066,Marybeth Morgan,29,Male,US,2031-11-14
5067,Frank Burke,27,Female,Canada,2031-11-15
5068,August Isaacs,42,Female,US,2031-11-16
5069,Michelle Cochran,42,Male,India,2031-11-17
5070,Omar Simpson,55,Female,Brazil,2031-11-18
5071,Stacie Burden,54,Female,Germany,2031-11-19
5072,Willie Zamora,40,Male,India,2031-11-20
5073,Donna Katz,29,Male,US,2031-11-21
5074,Kenneth Thomas,47,Male,Canada,2031-11-22
5075,Heath Lopez,47,Male,UK,2031-11-23
5076,Tara Kern,39,Male,India,2031-11-24
5077,Melba Fields,32,Male,UK,2031-11-25
5078,David Mejias,29,Male,Brazil,2031-11-26
5079,Darrel Johnson,40,Male,Brazil,2031-11-27
5080,Chris Trigg,59,Male,India,2031-11-28
5081,Norene Hayes,38,Female,Canada,2031-11-29
5082,Betty Vigil,39,Female,Germany,2031-11-30
5083,Darlyn Grayson,27,Male,Canada,2031-12-01
5084,Ian Yuhasz,50,Female,Brazil,2031-12-02
5085,Rebecca Alvarez,22,Male,Brazil,2031-12-03
5086,Mildred Bush,59,Female,Canada,2031-12-04
5087,Peter Fournier,64,Female,US,2031-12-05
5088,Peter Stephenson,58,Female,US,2031-12-06
5089,Jessie Valerio,30,Male,US,2031-12-07
5090,Helen Van Fleet,53,Female,India,2031-12-08
5091,Anna Gaffney,62,Male,Brazil,2031-12-09
5092,Romeo Clark,30,Female,UK,2031-12-10
5093,Kimberly Johnson,27,Male,Canada,2031-12-11
5094,Jeff Mastreno,45,Male,Canada,2031-12-12
5095,Shawn Stineman,55,Male,India,2031-12-13
5096,Roy Colombana,20,Male,Germany,2031-12-14
5097,Donald Ladd,54,Male,Brazil,2031-12-15
5098,Bobby Broce,38,Female,Canada,2031-12-16
5099,Marion Gettie,33,Female,Brazil,2031-12-17
5100,Bryan Rutledge,49,Female,Germany,2031-12-18
5101,Art Cox,50,Female,UK,2031-12-19
5102,Kirk Saylor,51,Male,Canada,2031-12-20
5103,Elmer Traise,59,Female,US,2031-12-21
5104,Kathy Loyer,40,Female,Brazil,2031-12-22
5105,Eleanore Schiro,22,Female,Germany,2031-12-23
5106,Glenn Aguilar,64,Male,India,2031-12-24
5107,Heath Allen,34,Female,Germany,2031-12-25
5108,Jennifer Harrison,40,Female,Canada,2031-12-26
5109,Helen Valdivia,52,Female,Canada,2031-12-27
5110,Audrey Marshall,43,Male,US,2031-12-28
5111,Margaret Snedeker,19,Male,UK,2031-12-29
5112,Marlene Haugland,18,Female,Brazil,2031-12-30
5113,John Burns,22,Male,Brazil,2031-12-31
5114,Bruce Hall,57,Female,US,2032-01-01
5115,Virginia Purcell,57,Male,UK,2032-01-02
5116,Helen Vlass,40,Male,Canada,2032-01-03
5117,Alice Warner,64,Female,Canada,2032-01-04
5118,Nancy Zikria,55,Male,US,2032-01-05
5119,Tracy Classen,59,Male,Germany,2032-01-06
5120,Angela Monninger,25,Female,Germany,2032-01-07
5121,Marilyn Cravens,51,Female,Canada,2032-01-08
5122,Kit Zimmerman,38,Female,US,2032-01-09
5123,Joseph Jacobson,32,Male,India,2032-01-10
5124,Kenyatta Warren,63,Male,Germany,2032-01-11
5125,Sadie Bonilla,34,Female,Brazil,2032-01-12
5126,Cassandra Telfer,20,Female,US,2032-01-13
5127,Diane Kabbes,34,Female,UK,2032-01-14
5128,Ted Lebaron,34,Female,Canada,2032-01-15
5129,Mikkal Mizer,35,Female,India,2032-01-16
5130,Kay Tipton,42,Male,UK,2032-01-17
5131,Jolene Sukh,38,Female,Canada,2032-01-18
5132,Donna Weisinger,46,Male,India,2032-01-19
5133,William Sparks,43,Male,Germany,2032-01-20
5134,Eileen Miller,25,Male,Canada,2032-01-21
5135,Gail Wallace,19,Female,Canada,2032-01-22
5136,David Ziegelman,20,Female,Germany,2032-01-23
5137,James Cavallo,27,Female,Brazil,2032-01-24
5138,Calvin Pochert,35,Female,Canada,2032-01-25
5139,Trisha Fajardo,46,Female,Germany,2032-01-26
5140,Tammy Wilkinson,34,Male,Germany,2032-01-27
5141,Don Redmond,29,Male,Brazil,2032-01-28
5142,Richard McClain,58,Male,Brazil,2032-01-29
5143,Garrett Price,60,Male,US,2032-01-30
5144,Andrew Stetler,37,Male,US,2032-01-31
5145,Manuel Aichinger,50,Female,Canada,2032-02-01
5146,Martha Hill,20,Female,India,2032-02-02
5147,Tuyet Smock,47,Male,US,2032-02-03
5148,Harold Huffman,62,Female,Brazil,2032-02-04
5149,Michelle Gottier,35,Female,India,2032-02-05
5150,Julie Beinfest,32,Male,UK,2032-02-06
5151,Lee Chapla,35,Male,India,2032-02-07
5152,Virginia Bell,35,Male,UK,2032-02-08
5153,Sarah Hicks,34,Male,Canada,2032-02-09
5154,Douglas Hoffner,54,Male,UK,2032-02-10
5155,Lillie Woodside,57,Female,US,2032-02-11
5156,Catherine Kowalewski,43,Male,Germany,2032-02-12
5157,Bernadine Garrison,49,Male,India,2032-02-13
5158,Phyllis Miller,32,Female,India,2032-02-14
5159,Carl Pettit,49,Female,UK,2032-02-15
5160,Donald Marinello,18,Female,Brazil,2032-02-16
5161,Lillie Brown,42,Male,UK,2032-02-17
5162,Ben Blunt,50,Male,UK,2032-02-18
5163,Samuel Agcaoili,49,Male,India,2032-02-19
5164,Darren Williams,23,Male,Germany,2032-02-20
5165,Jeannie Diehl,43,Female,US,2032-02-21
5166,Karen Bakkie,60,Female,US,2032-02-22
5167,Sara Smith,47,Female,India,2032-02-23
5168,Creta Hart,25,Male,Brazil,2032-02-24
5169,Lorene Drury,25,Male,UK,2032-02-25
5170,Pamela Anton,35,Female,Germany,2032-02-26
5171,Robert Damstra,22,Male,Canada,2032-02-27
5172,William Lohr,52,Male,Brazil,2032-02-28
5173,Marie Carlson,34,Male,India,2032-02-29
5174,Gina Worley,20,Female,UK,2032-03-01
5175,John Welsh,31,Female,US,2032-03-02
5176,Elizabeth Wuest,55,Male,India,2032-03-03
5177,Theresa Pence,20,Male,UK,2032-03-04
5178,Nelson Foley,49,Female,Canada,2032-03-05
5179,Frank White,20,Female,Germany,2032-03-06
5180,Marilyn Edelman,26,Female,Brazil,2032-03-07
5181,Julian Byrd,41,Female,India,2032-03-08
5182,Dona Vlcek,63,Female,India,2032-03-09
5183,Margie Simoni,50,Female,Germany,2032-03-10
5184,Jacob Case,42,Male,Canada,2032-03-11
5185,Jeff Toyne,29,Male,India,2032-03-12
5186,Roger Martin,32,Male,Germany,2032-03-13
5187,Johnny Caprio,31,Female,US,2032-03-14
5188,Stephen Bolling,19,Male,India,2032-03-15
5189,Barbara Williams,32,Female,US,2032-03-16
5190,Teresa Bradshaw,62,Male,US,2032-03-17
5191,James Justice,21,Female,Germany,2032-03-18
5192,Ronan Alvarado,38,Male,Brazil,2032-03-19
5193,Raul Reed,34,Female,Germany,2032-03-20
5194,Merrie Shreck,64,Male,US,2032-03-21
5195,John Plutt,55,Male,US,2032-03-22
5196,Jeffrey Evoy,24,Male,Canada,2032-03-23
5197,John Davis,42,Female,Canada,2032-03-24
5198,H. Jennie Stratton,28,Female,Brazil,2032-03-25
5199,Sheila Lewis,44,Female,Brazil,2032-03-26
5200,Jerry Boxell,28,Male,UK,2032-03-27
5201,Mary Billstrom,51,Male,US,2032-03-28
5202,Christina Weimer,39,Female,UK,2032-03-29
5203,Kim Plambeck,41,Male,UK,2032-03-30
5204,Ted Lebaron,37,Female,Brazil,2032-03-31
5205,Elizabeth Wansink,58,Female,UK,2032-04-01
5206,David Bartness,46,Female,Canada,2032-04-02
5207,Marsha Sampson,60,Male,Germany,2032-04-03
5208,Ed Millar,22,Male,Canada,2032-04-04
5209,Timothy Story,32,Male,India,2032-04-05
5210,Dorothy Brown,46,Male,Germany,2032-04-06
5211,Stephen Brewer,41,Male,India,2032-04-07
5212,Kevin Godoy,46,Female,Canada,2032-04-08
5213,Robert Macha,46,Female,Germany,2032-04-09
5214,Ken Hedrick,21,Female,US,2032-04-10
5215,Barnett Barnette,22,Female,Brazil,2032-04-11
5216,Geneva Hill,46,Female,Germany,2032-04-12
5217,Florence Wood,44,Female,Brazil,2032-04-13
5218,Adrian Binion,59,Female,US,2032-04-14
5219,James Sosa,52,Female,India,2032-04-15
5220,William Poh,64,Male,Canada,2032-04-16
5221,Geneva Takemura,64,Male,India,2032-04-17
5222,Mary Frances Christian,28,Male,US,2032-04-18
5223,Barbara Calone,57,Female,Brazil,2032-04-19
5224,Bob Sullivan,26,Female,India,2032-04-20
5225,Marilyn Schaidt,56,Male,UK,2032-04-21
5226,Robert Young,57,Male,Canada,2032-04-22
5227,Wanda Wenzel,24,Male,Germany,2032-04-23
5228,Lynn Pierotti,57,Male,US,2032-04-24
5229,Joseph Chambers,19,Female,Canada,2032-04-25
5230,Audrey Marshall,56,Female,India,2032-04-26
5231,Denise Clark,32,Female,Germany,2032-04-27
5232,Keith Lambuth,34,Male,Brazil,2032-04-28
5233,Danita Speicher,35,Female,Germany,2032-04-29
5234,Laurona Sousa,25,Male,Canada,2032-04-30
5235,L. Albert Wall,51,Female,Brazil,2032-05-01
5236,Emerald Fuller,33,Female,Germany,2032-05-02
5237,Melvyn Kochevar,42,Female,UK,2032-05-03
5238,Allisa Rose,53,Female,India,2032-05-04
5239,Michael Napier,23,Female,Germany,2032-05-05
5240,Mary Hall,63,Male,India,2032-05-06
5241,Anne Chester,49,Male,Brazil,2032-05-07
5242,Yvonne Muniz,43,Male,Germany,2032-05-08
5243,Mauricio Huq,33,Female,Brazil,2032-05-09
5244,Victoria Sison,54,Male,Canada,2032-05-10
5245,Antonio Bonilla,18,Female,Germany,2032-05-11
5246,Constance Williams,52,Male,Germany,2032-05-12
5247,George Speck,46,Female,India,2032-05-13
5248,James Wolf,30,Female,Canada,2032-05-14
5249,Natalie Barber,61,Female,India,2032-05-15
5250,Melvyn Kochevar,30,Male,India,2032-05-16
5251,Elke Smarr,48,Female,US,2032-05-17
5252,Marilyn Jarratt,46,Male,Brazil,2032-05-18
5253,Angela Jackson,30,Female,US,2032-05-19
5254,Clarice Schmalfuss,62,Female,Germany,2032-05-20
5255,George Gates,58,Male,Canada,2032-05-21
5256,Patricia Hayworth,22,Male,Germany,2032-05-22
5257,Farrell Briar,55,Male,Canada,2032-05-23
5258,James Auguscik,20,Female,India,2032-05-24
5259,Karie Taylor,36,Female,US,2032-05-25
5260,Shawn Bettinardi,49,Female,UK,2032-05-26
5261,Shelia Cesario,49,Male,UK,2032-05-27
5262,James Leatherman,25,Female,Canada,2032-05-28
5263,Tung Lof,48,Male,US,2032-05-29
5264,Darren Brook,27,Male,Germany,2032-05-30
5265,James Thompson,20,Male,Germany,2032-05-31
5266,Sylvia Valdez,33,Female,Germany,2032-06-01
5267,Minerva Marshall,48,Female,Germany,2032-06-02
5268,Ed Bias,18,Female,Canada,2032-06-03
5269,Kay Tipton,43,Male,Brazil,2032-06-04
5270,Terri Sweazey,59,Female,Canada,2032-06-05
5271,Pearlie Rusek,20,Male,US,2032-06-06
5272,Hazel Torres,20,Male,Germany,2032-06-07
5273,Toni Specht,59,Male,Brazil,2032-06-08
5274,Geneva Pacheco,37,Female,Canada,2032-06-09
5275,Danielle Breslin,34,Female,US,2032-06-10
5276,Dennis Burbige,53,Female,Canada,2032-06-11
5277,Stanley Robinson,58,Female,Canada,2032-06-12
5278,Robert Almond,40,Male,Brazil,2032-06-13
5279,John Herrington,42,Female,Brazil,2032-06-14
5280,Joan Galli,54,Male,Germany,2032-06-15
5281,Marvin Neely,24,Female,US,2032-06-16
5282,Patricia Goldberg,40,Male,Canada,2032-06-17
5283,R. Dorsch,31,Male,Canada,2032-06-18
5284,Carlo Wheeler,25,Female,UK,2032-06-19
5285,Joe Wiesner,49,Male,Germany,2032-06-20
5286,Mary Kinnaird,57,Female,Germany,2032-06-21
5287,Melvin Campos,18,Female,India,2032-06-22
5288,Kathryn Anaya,50,Female,UK,2032-06-23
5289,Ruby Bruneau,25,Female,US,2032-06-24
5290,Dyana Ridley,48,Male,Canada,2032-06-25
5291,Maria Hamilton,63,Female,Canada,2032-06-26
5292,Teri Bishara,32,Male,US,2032-06-27
5293,Tennie Mitchell,21,Female,Canada,2032-06-28
5294,Janelle Sloan,33,Male,UK,2032-06-29
5295,Davis Wilson,45,Female,India,2032-06-30
5296,Kathleen Whitaker,28,Female,Germany,2032-07-01
5297,Leigha Van Buskirk,49,Female,Canada,2032-07-02
5298,Richard Johnson,60,Female,US,2032-07-03
5299,Daniel Salka,48,Female,India,2032-07-04
5300,Randy Hopkins,28,Female,India,2032-07-05
5301,Rodney Sumdstrom,50,Female,India,2032-07-06
5302,Joseph Schilke,26,Female,UK,2032-07-07
5303,Donald Bertholic,61,Female,India,2032-07-08
5304,Kathryn West,31,Female,Germany,2032-07-09
5305,Linda Potter,55,Male,Brazil,2032-07-10
5306,Brad McWherter,39,Male,Canada,2032-07-11
5307,Lydia Morus,57,Male,Germany,2032-07-12
5308,Sandra Hara,64,Male,US,2032-07-13
5309,John Hurst,28,Male,Germany,2032-07-14
5310,Anne Speakman,58,Male,Germany,2032-07-15
5311,Cheryl Taylor,54,Female,US,2032-07-16
5312,Elizabeth Wesley,64,Female,US,2032-07-17
5313,Lucia Cook,43,Female,US,2032-07-18
5314,Nancy Logan,25,Female,Germany,2032-07-19
5315,Martha Miller,40,Male,India,2032-07-20
5316,Donald Vann,35,Male,Germany,2032-07-21
5317,Carole Wintermantel,45,Male,Canada,2032-07-22
5318,Kenneth Mayfield,33,Female,India,2032-07-23
5319,Russell Perrin,41,Male,Canada,2032-07-24
5320,Peter Billingsley,63,Male,UK,2032-07-25
5321,John Watson,44,Male,India,2032-07-26
5322,Benjamin Senick,63,Male,Germany,2032-07-27
5323,Josephine Vuong,41,Male,India,2032-07-28
5324,Chaz Addington,46,Female,UK,2032-07-29
5325,Deborah Weinroth,46,Male,India,2032-07-30
5326,Michael Swartwood,57,Male,Brazil,2032-07-31
5327,Sandra Brunner,58,Male,India,2032-08-01
5328,Simone Shoaf,42,Male,UK,2032-08-02
5329,Susan Ashford,30,Female,India,2032-08-03
5330,Roland Bassette,57,Female,UK,2032-08-04
5331,Dion Franklin,37,Male,US,2032-08-05
5332,John Bowles,51,Female,US,2032-08-06
5333,Donald Sweet,18,Male,US,2032-08-07
5334,Anthony Power,31,Female,Brazil,2032-08-08
5335,Ingrid Stevens,61,Female,Canada,2032-08-09
5336,Samantha Whitaker,48,Female,Brazil,2032-08-10
5337,John Black,32,Male,India,2032-08-11
5338,Eddie Campanile,22,Female,India,2032-08-12
5339,Donna McConnell,39,Female,UK,2032-08-13
5340,Rebecca Phillips,56,Male,Brazil,2032-08-14
5341,Betty Hensley,41,Female,Brazil,2032-08-15
5342,Betty Garretson,57,Female,UK,2032-08-16
5343,John Tysor,49,Male,India,2032-08-17
5344,Chastity Wygal,64,Female,UK,2032-08-18
5345,Anne Arnold,57,Female,Canada,2032-08-19
5346,Don Wilson,29,Male,Brazil,2032-08-20
5347,Alexis Mills,38,Male,Canada,2032-08-21
5348,John Brickell,30,Male,India,2032-08-22
5349,Evart Bates,21,Female,India,2032-08-23
5350,Robert Kindle,61,Male,Brazil,2032-08-24
5351,John Valles,36,Male,US,2032-08-25
5352,Shelly Busby,51,Male,UK,2032-08-26
5353,David Stead,56,Female,Brazil,2032-08-27
5354,Ellen Gray,27,Male,UK,2032-08-28
5355,Zenin Sussman,50,Male,Canada,2032-08-29
5356,Arthur Haas,21,Female,Germany,2032-08-30
5357,Elise Mercer,19,Female,US,2032-08-31
5358,Nancy Peacock,36,Male,US,2032-09-01
5359,Julie Novak,29,Female,Germany,2032-09-02
5360,Ritchie Trimble,56,Male,UK,2032-09-03
5361,J. Michael Hughes,45,Male,Germany,2032-09-04
5362,William Sparks,45,Female,Brazil,2032-09-05
5363,Jennifer Spindler,24,Male,US,2032-09-06
5364,Tim Carrillo,31,Female,India,2032-09-07
5365,Jorge Wolfe,46,Female,India,2032-09-08
5366,Evart Bates,18,Male,UK,2032-09-09
5367,Lieselotte Bowley,54,Female,Canada,2032-09-10
5368,Dianne Bagno,34,Male,UK,2032-09-11
5369,Lindsay Alvarado,36,Male,India,2032-09-12
5370,David Walker,23,Female,Germany,2032-09-13
5371,Leoncio Herring,30,Female,Canada,2032-09-14
5372,Chris Crowell,46,Male,Canada,2032-09-15
5373,Luther Ulibarri,22,Male,UK,2032-09-16
5374,Jay Moore,57,Female,UK,2032-09-17
5375,Susan Armendariz,41,Male,Brazil,2032-09-18
5376,Dorothy Owen,56,Female,India,2032-09-19
5377,Vince Devoe,63,Male,Germany,2032-09-20
5378,Marleen Waddill,28,Female,US,2032-09-21
5379,Michael Stamison,49,Male,UK,2032-09-22
5380,Phyllis Thomas,33,Male,India,2032-09-23
5381,Kari Sloper,47,Female,Germany,2032-09-24
5382,Scott Rodgers,41,Female,India,2032-09-25
5383,John Sherman,54,Female,Canada,2032-09-26
5384,John Monteith,32,Female,US,2032-09-27
5385,Mary Rouke,19,Female,Brazil,2032-09-28
5386,Matthew Werber,53,Male,Germany,2032-09-29
5387,Amelia Munoz,39,Male,India,2032-09-30
5388,Beverly Lilly,34,Male,Canada,2032-10-01
5389,Terri Greathouse,42,Male,Germany,2032-10-02
5390,Louise Ayotte,64,Male,India,2032-10-03
5391,Owen Barbarelli,22,Female,Germany,2032-10-04
5392,Everett Putt,39,Male,India,2032-10-05
5393,David Rodriguez,25,Male,Germany,2032-10-06
5394,Marilyn Cravens,38,Female,Canada,2032-10-07
5395,Luz Whalen,30,Male,Germany,2032-10-08
5396,Jack Clark,44,Male,Germany,2032-10-09
5397,Lori Bryington,21,Female,Brazil,2032-10-10
5398,Allen Brewer,55,Male,Germany,2032-10-11
5399,Mary Monarco,55,Male,US,2032-10-12
5400,Jeff Hampton,20,Male,UK,2032-10-13
5401,Jean Dickerson,43,Male,UK,2032-10-14
5402,Nanette Richards,33,Male,UK,2032-10-15
5403,Nanette Welsh,28,Male,Germany,2032-10-16
5404,Ann Goldblatt,25,Male,UK,2032-10-17
5405,Ida Grey,40,Male,UK,2032-10-18
5406,Kathryn Anaya,64,Male,US,2032-10-19
5407,Jennie Ciruli,57,Female,Canada,2032-10-20
5408,Helen Hauser,54,Female,India,2032-10-21
5409,Gary Tucker,60,Male,Germany,2032-10-22
5410,Steven Matson,56,Male,Brazil,2032-10-23
5411,James Munson,61,Male,US,2032-10-24
5412,Robert Tatarowicz,25,Female,India,2032-10-25
5413,Tamara Dowd,43,Female,UK,2032-10-26
5414,Edwin Bauman,33,Male,Brazil,2032-10-27
5415,John Plutt,63,Male,India,2032-10-28
5416,Dian Bennett,18,Male,Canada,2032-10-29
5417,Marie Leadingham,22,Female,US,2032-10-30
5418,Onsby Kirby,39,Male,UK,2032-10-31
5419,David Quintana,49,Female,US,2032-11-01
5420,Karen Adler,34,Female,US,2032-11-02
5421,Geraldine Spicer,23,Female,Brazil,2032-11-03
5422,Shelley Zane,26,Female,Germany,2032-11-04
5423,Kristine Dichey,53,Female,UK,2032-11-05
5424,Oscar Roche,63,Female,Brazil,2032-11-06
5425,Phillip Bacalzo,63,Male,Brazil,2032-11-07
5426,James Barkoff,46,Male,Canada,2032-11-08
5427,Janet Byrnes,35,Male,Brazil,2032-11-09
5428,Marilyn Cosgrove,38,Male,Brazil,2032-11-10
5429,Nicole Albrecht,44,Male,Germany,2032-11-11
5430,Don Brooks,57,Male,Germany,2032-11-12
5431,David Coakley,19,Female,Canada,2032-11-13
5432,James Herrmann,21,Male,UK,2032-11-14
5433,Maurice Ryan,57,Female,India,2032-11-15
5434,Louise Cole,58,Female,UK,2032-11-16
5435,Clarice Schmalfuss,20,Male,US,2032-11-17
5436,Darlene Bicki,58,Male,Germany,2032-11-18
5437,Else Aleksic,27,Male,Canada,2032-11-19
5438,Michelle Leasman,35,Male,India,2032-11-20
5439,Kendra Thompson,52,Female,US,2032-11-21
5440,Blanca Almanzor,33,Female,Brazil,2032-11-22
5441,Peter Tsubota,57,Male,Brazil,2032-11-23
5442,Megan Grey,30,Female,India,2032-11-24
5443,Josie Mazza,57,Female,US,2032-11-25
5444,Steven Vigil,47,Female,Canada,2032-11-26
5445,Anita Greer,35,Female,Brazil,2032-11-27
5446,Jesse Devine,41,Female,UK,2032-11-28
5447,Dennis Ashford,61,Male,UK,2032-11-29
5448,Ruth Johnson,27,Female,Brazil,2032-11-30
5449,Greg Gilliland,24,Female,Canada,2032-12-01
5450,Alma Osborne,48,Female,UK,2032-12-02
5451,Sydney Chandler,31,Male,Germany,2032-12-03
5452,Kimball Asuncion,63,Female,US,2032-12-04
5453,Danielle Breslin,29,Male,UK,2032-12-05
5454,Michael Stamison,51,Female,Canada,2032-12-06
5455,Brian Hodgson,58,Male,Germany,2032-12-07
5456,Cindy Willner,31,Male,US,2032-12-08
5457,Tom Anaya,33,Male,Canada,2032-12-09
5458,Beverly Bonham,41,Male,UK,2032-12-10
5459,Yvonne Vaccaro,60,Male,Canada,2032-12-11
5460,Takiko Collins,28,Male,US,2032-12-12
5461,Diane Weathers,41,Male,UK,2032-12-13
5462,Jeff Toyne,44,Female,India,2032-12-14
5463,Kadija Proctor,30,Female,India,2032-12-15
5464,Eric Winters,37,Male,India,2032-12-16
5465,Richard Smith,62,Male,India,2032-12-17
5466,Michael Spencer,25,Female,India,2032-12-18
5467,John Weibert,48,Female,US,2032-12-19
5468,Helen Eades,33,Female,UK,2032-12-20
5469,Jesse Phelps,54,Male,US,2032-12-21
5470,Alison Bjork,61,Female,Brazil,2032-12-22
5471,Sharon Bishop,30,Male,Canada,2032-12-23
5472,Andrea Shafer,52,Male,Canada,2032-12-24
5473,Susie Parker,52,Male,Germany,2032-12-25
5474,Donald Piasecki,30,Male,UK,2032-12-26
5475,Amber East,29,Female,Germany,2032-12-27
5476,Grace Smith,20,Male,India,2032-12-28
5477,Barbara Thompson,61,Male,UK,2032-12-29
5478,John Abalos,22,Male,UK,2032-12-30
5479,Kendra Poirier,54,Female,India,2032-12-31
5480,Lucile McGaughey,38,Male,US,2033-01-01
5481,Teel Wrege,48,Male,Brazil,2033-01-02
5482,Marie Hardin,64,Male,Germany,2033-01-03
5483,Deborah Payne,35,Male,US,2033-01-04
5484,Verla Epling,21,Male,Brazil,2033-01-05
5485,Steven Bushon,23,Female,US,2033-01-06
5486,Henrietta Simmons,53,Female,Brazil,2033-01-07
5487,Richard McClain,20,Male,Germany,2033-01-08
5488,Marsha Sampson,49,Male,UK,2033-01-09
5489,Verna Ulmer,19,Male,UK,2033-01-10
5490,Peggy Adams,64,Female,US,2033-01-11
5491,Danielle Jones,20,Male,Germany,2033-01-12
5492,Michael Swartwood,51,Female,US,2033-01-13
5493,Faisad Welsh,62,Male,Canada,2033-01-14
5494,Ana-Marie Tobin,47,Female,UK,2033-01-15
5495,Corinne Zugschwert,48,Female,Germany,2033-01-16
5496,Mark Mullins,58,Female,UK,2033-01-17
5497,Joy Koski,44,Male,Brazil,2033-01-18
5498,Jennifer Confetti,58,Female,Germany,2033-01-19
5499,Ron Case,40,Male,UK,2033-01-20
5500,Sabino Britton,19,Male,Brazil,2033-01-21
5501,Lisa Murphy,32,Female,US,2033-01-22
5502,Kirk Saylor,20,Female,India,2033-01-23
5503,Vincent Hartman,47,Female,Canada,2033-01-24
5504,Roland Bassette,26,Male,UK,2033-01-25
5505,Mary Beth Bergstrom,19,Male,Brazil,2033-01-26
5506,Jason Cammarota,30,Female,India,2033-01-27
5507,Thomas Truong,47,Female,India,2033-01-28
5508,Susan Tsubota,42,Female,Brazil,2033-01-29
5509,Richard Emerson,54,Male,UK,2033-01-30
5510,Richard Morrison,42,Male,Brazil,2033-01-31
5511,Gracia Tuell,44,Male,US,2033-02-01
5512,Richard Brunton,19,Female,US,2033-02-02
5513,Jeanette Bittenbender,35,Male,India,2033-02-03
5514,Buck Megenity,54,Female,Germany,2033-02-04
5515,Russell Schuh,64,Male,US,2033-02-05
5516,Claudette Vergara,56,Male,Germany,2033-02-06
5517,David Turner,45,Male,Canada,2033-02-07
5518,Louise Cassidy,47,Male,UK,2033-02-08
5519,Joan Wood,44,Male,Canada,2033-02-09
5520,Karen Holliday,28,Female,Canada,2033-02-10
5521,William Stubbs,23,Female,UK,2033-02-11
5522,Ron Bagley,54,Male,Canada,2033-02-12
5523,Alexandra Wellington,49,Male,Brazil,2033-02-13
5524,Stephanie Small,33,Male,Germany,2033-02-14
5525,Adrian Binion,64,Male,UK,2033-02-15
5526,Emily Brandt,40,Male,Brazil,2033-02-16
5527,John Anderson,36,Female,Brazil,2033-02-17
5528,Jeff Mastreno,49,Female,Brazil,2033-02-18
5529,Thomas Brewer,30,Male,India,2033-02-19
5530,Nancy LaTulippe,61,Male,Brazil,2033-02-20
5531,Ronda Carlsen,56,Female,India,2033-02-21
5532,Phillip Bybee,46,Female,UK,2033-02-22
5533,Connie Welch,41,Female,Canada,2033-02-23
5534,Fae Caprio,49,Female,UK,2033-02-24
5535,Pamela Baker,36,Male,UK,2033-02-25
5536,Paul Adams,64,Male,Canada,2033-02-26
5537,Shona Grimm,30,Female,India,2033-02-27
5538,Richard Skuce,35,Male,US,2033-02-28
5539,Linda Petrick,21,Female,Canada,2033-03-01
5540,Sandra Wan,35,Male,Germany,2033-03-02
5541,Doris Gettler,58,Female,India,2033-03-03
5542,Diamonte Lukins,43,Female,Brazil,2033-03-04
5543,Robert James,38,Female,US,2033-03-05
5544,Shelli Gale,42,Female,Brazil,2033-03-06
5545,Daniel Salka,28,Male,Brazil,2033-03-07
5546,Stephen Acevedo,26,Male,Brazil,2033-03-08
5547,Hermon Avaloz,24,Male,Brazil,2033-03-09
5548,Judith Adams,61,Male,Canada,2033-03-10
5549,Gwendolyn Wall,40,Male,UK,2033-03-11
5550,Aida Stewart,60,Male,Brazil,2033-03-12
5551,Jane Wilson,62,Female,Canada,2033-03-13
5552,Dennis Huserik,21,Male,Canada,2033-03-14
5553,Grace Towns,46,Female,India,2033-03-15
5554,Julia Carver,32,Male,Canada,2033-03-16
5555,Russell Yeauger,40,Male,US,2033-03-17
5556,Ronald Galich,25,Male,UK,2033-03-18
5557,Max Luna,52,Male,Canada,2033-03-19
5558,Sandra Watkins,27,Male,India,2033-03-20
5559,Andrew Bell,28,Female,India,2033-03-21
5560,Betty Tominello,58,Male,India,2033-03-22
5561,Katie Krow,18,Female,Germany,2033-03-23
5562,Lorraine Michler,37,Female,Germany,2033-03-24
5563,John Barnes,41,Female,UK,2033-03-25
5564,Mark Mullins,64,Female,India,2033-03-26
5565,Elaine Mceahern,27,Male,UK,2033-03-27
5566,Maria Green,25,Female,Canada,2033-03-28
5567,Irene Simpson,46,Female,Brazil,2033-03-29
5568,Virginia Thenell,36,Female,US,2033-03-30
5569,Ron Shoob,55,Female,Germany,2033-03-31
5570,Jesse Phelps,23,Male,Canada,2033-04-01
5571,Jessica Borden,60,Female,Germany,2033-04-02
5572,Jacob Chumbley,49,Female,UK,2033-04-03
5573,Charlotte Brandt,27,Female,US,2033-04-04
5574,Raymond Morris,57,Female,US,2033-04-05
5575,Betty Boshnack,53,Female,Canada,2033-04-06
5576,Martine Arnold,32,Female,UK,2033-04-07
5577,John Collier,31,Male,Germany,2033-04-08
5578,Robert Churchwell,52,Female,Brazil,2033-04-09
5579,Lawrence Tarvin,19,Male,Brazil,2033-04-10
5580,Rusty Abbey,43,Male,Canada,2033-04-11
5581,David Tuller,53,Male,Brazil,2033-04-12
5582,Sheila Valentino,61,Female,India,2033-04-13
5583,Nellie Medina,27,Male,Canada,2033-04-14
5584,John Tysor,62,Female,Brazil,2033-04-15
5585,Tori Kidd,21,Male,US,2033-04-16
5586,Irene Simpson,59,Female,UK,2033-04-17
5587,Claudia Hall,27,Female,Canada,2033-04-18
5588,Elizabeth Peoples,31,Male,Germany,2033-04-19
5589,Cathy Tamayo,37,Male,UK,2033-04-20
5590,Lance Bartles,22,Female,Germany,2033-04-21
5591,Dennis Beasley,58,Male,Germany,2033-04-22
5592,Kindra Vernon,61,Male,US,2033-04-23
5593,George Collins,42,Female,UK,2033-04-24
5594,Gary Valeska,44,Male,Brazil,2033-04-25
5595,Cheryl Tobin,25,Male,UK,2033-04-26
5596,Elizabeth Fazio,28,Male,UK,2033-04-27
5597,Daniel Wines,60,Male,Brazil,2033-04-28
5598,Michael Ahumada,51,Male,Canada,2033-04-29
5599,Harry Steinke,47,Female,US,2033-04-30
5600,James Neibaur,49,Male,Canada,2033-05-01
5601,Lena Davis,57,Male,Canada,2033-05-02
5602,Kendra Poirier,50,Female,India,2033-05-03
5603,Janet Hartman,55,Female,India,2033-05-04
5604,Meredith Estep,20,Male,Brazil,2033-05-05
5605,Eva Green,38,Female,India,2033-05-06
5606,Marie Veistracten,45,Female,Canada,2033-05-07
5607,Judith Vislosky,58,Female,UK,2033-05-08
5608,Lee Dawson,24,Female,Canada,2033-05-09
5609,Madeline Murphy,59,Female,US,2033-05-10
5610,Patricia Vasquez,43,Female,Canada,2033-05-11
5611,Paul Elliott,40,Female,Germany,2033-05-12
5612,Greg Forsyth,25,Male,India,2033-05-13
5613,Necia Polk,30,Male,Germany,2033-05-14
5614,Robert Hall,32,Female,UK,2033-05-15
5615,Lorene Drury,38,Female,Canada,2033-05-16
5616,Bob Boshnack,33,Female,UK,2033-05-17
5617,Pamela Cabrera,63,Female,India,2033-05-18
5618,David Barnes,62,Male,Germany,2033-05-19
5619,James Allred,39,Female,US,2033-05-20
5620,Randall Van Fleet,21,Male,Brazil,2033-05-21
5621,Betty Bingham,64,Male,Germany,2033-05-22
5622,Jason Henderson,58,Female,India,2033-05-23
5623,Don Howard,47,Female,Germany,2033-05-24
5624,Kari Vermette,22,Male,Brazil,2033-05-25
5625,Brian Chen,45,Male,India,2033-05-26
5626,Beverly Cardoza,42,Male,Germany,2033-05-27
5627,John Beresford,50,Female,Germany,2033-05-28
5628,Sean Lunt,46,Female,Germany,2033-05-29
5629,Li Mei Fisher,30,Female,US,2033-05-30
5630,Annemarie Riccillo,51,Male,US,2033-05-31
5631,Patricia Briles,55,Male,Germany,2033-06-01
5632,Patricia Roche,29,Male,UK,2033-06-02
5633,Clarine Arbaiza,43,Female,UK,2033-06-03
5634,Margaret Hazlip,36,Female,India,2033-06-04
5635,Juliette Greathouse,60,Male,Brazil,2033-06-05
5636,Christopher Padilla,58,Male,India,2033-06-06
5637,Robert Valdez,21,Female,Germany,2033-06-07
5638,Regina Renner,29,Male,India,2033-06-08
5639,Mary Conyers,40,Female,Brazil,2033-06-09
5640,Jeremy Kelly,47,Male,India,2033-06-10
5641,Audie Rincon,26,Female,Germany,2033-06-11
5642,Jewell Colandrea,39,Female,Canada,2033-06-12
5643,Brandi Barry,41,Female,India,2033-06-13
5644,Heather Wright,32,Male,US,2033-06-14
5645,Eddie Vigil,57,Female,Germany,2033-06-15
5646,Roberto Mc Keon,45,Female,UK,2033-06-16
5647,Lloyd Ball,45,Male,UK,2033-06-17
5648,Jeremy Ingram,31,Male,Germany,2033-06-18
5649,Kenneth Kalman,41,Female,Brazil,2033-06-19
5650,Mary Brooks,51,Male,India,2033-06-20
5651,Kolleen Thomas,39,Male,US,2033-06-21
5652,Pat Butler,29,Male,UK,2033-06-22
5653,Charles Weidman,21,Female,US,2033-06-23
5654,Vivian Houser,20,Male,Brazil,2033-06-24
5655,Betty Cartwright,47,Female,Brazil,2033-06-25
5656,Ruth Kauffman,51,Female,Germany,2033-06-26
5657,Phyillis Carolin,19,Male,Canada,2033-06-27
5658,J. Ewing,61,Female,Canada,2033-06-28
5659,Mikhail McClung,31,Female,India,2033-06-29
5660,Angela Monninger,49,Female,UK,2033-06-30
5661,Lorraine Tellez,39,Female,UK,2033-07-01
5662,Ethan Bunosky,52,Female,UK,2033-07-02
5663,Ian Torri,32,Male,Germany,2033-07-03
5664,Eunice Wolf,24,Female,UK,2033-07-04
5665,Leonard Burnett,41,Female,India,2033-07-05
5666,Chris Burns,36,Male,Brazil,2033-07-06
5667,Virginia Whitney,26,Male,US,2033-07-07
5668,Michael Swenson,62,Female,UK,2033-07-08
5669,Jason McDaniel,48,Male,Canada,2033-07-09
5670,Shawn Albenberg,63,Female,Canada,2033-07-10
5671,Jill Zeid,43,Female,Canada,2033-07-11
5672,Norman Arnold,60,Male,Brazil,2033-07-12
5673,Morgan Cronin,41,Female,UK,2033-07-13
5674,Pamela Castro,59,Female,Canada,2033-07-14
5675,Jeanne Dion,24,Female,Canada,2033-07-15
5676,Mario Crittenden,58,Female,UK,2033-07-16
5677,Dolores Martin,60,Female,Brazil,2033-07-17
5678,Agnes Pfanz,51,Male,US,2033-07-18
5679,Brenda Spicer,29,Male,Canada,2033-07-19
5680,Robert Land,51,Male,Canada,2033-07-20
5681,Patrick Carino,25,Female,US,2033-07-21
5682,Kittie Butler,35,Female,US,2033-07-22
5683,Janet Marshall,49,Male,Germany,2033-07-23
5684,Hilda Suazo,35,Female,Brazil,2033-07-24
5685,Wendie Goldstein,54,Female,UK,2033-07-25
5686,Vince Fisher,26,Female,Brazil,2033-07-26
5687,Yolanda Sillstrop,41,Male,Germany,2033-07-27
5688,Marilyn Stroup,19,Female,India,2033-07-28
5689,Anne Allard,31,Female,Germany,2033-07-29
5690,Karin Baca,64,Male,US,2033-07-30
5691,Mina Gillespie,19,Female,Germany,2033-07-31
5692,Catherine Gilbert,22,Female,India,2033-08-01
5693,Joyce Lapierre,24,Male,Brazil,2033-08-02
5694,Irene Brug,25,Female,US,2033-08-03
5695,Heather Bowles,64,Female,Germany,2033-08-04
5696,Megan Grey,22,Male,Canada,2033-08-05
5697,Patsy Misiaszek,54,Male,Germany,2033-08-06
5698,Joseph Fernandez,20,Female,Brazil,2033-08-07
5699,Colleen Raebel,51,Male,Germany,2033-08-08
5700,Evelyn Cole,51,Female,Canada,2033-08-09
5701,Laura Collins,49,Female,US,2033-08-10
5702,Bertha Padilla,42,Male,Canada,2033-08-11
5703,Lorriene Weathers,37,Male,UK,2033-08-12
5704,Oran Hagar,27,Male,Brazil,2033-08-13
5705,Kenneth Adams,53,Female,Brazil,2033-08-14
5706,Ida Williams,26,Male,Germany,2033-08-15
5707,Robert Catlin,37,Male,Brazil,2033-08-16
5708,Shawnda Stith,32,Female,Germany,2033-08-17
5709,Mike Brown,51,Female,US,2033-08-18
5710,Ora Wilson,18,Female,India,2033-08-19
5711,Sara Jenson,56,Female,UK,2033-08-20
5712,Howard Tallaksen,23,Female,UK,2033-08-21
5713,Albert Wilcox,18,Male,Canada,2033-08-22
5714,Misty Busby,25,Female,Canada,2033-08-23
5715,Russell Brice,37,Female,India,2033-08-24
5716,Donna Brockett,35,Female,UK,2033-08-25
5717,Fred Tato,43,Female,Brazil,2033-08-26
5718,Nora Walton,26,Female,Canada,2033-08-27
5719,Louis Gomez,40,Female,Germany,2033-08-28
5720,Natasha Staton,61,Male,UK,2033-08-29
5721,Kenneth Thomas,30,Male,Brazil,2033-08-30
5722,Lori Lipp,30,Male,Canada,2033-08-31
5723,Bonnie Abbott,41,Male,Brazil,2033-09-01
5724,Steve Wight,20,Female,US,2033-09-02
5725,Stacie Mcanich,45,Female,Germany,2033-09-03
5726,Virginia Turnpaugh,40,Male,Brazil,2033-09-04
5727,Ronan Alvarado,38,Female,India,2033-09-05
5728,Michael Olbright,21,Female,UK,2033-09-06
5729,Stephanie Williams,23,Female,Germany,2033-09-07
5730,Mari Small,61,Male,US,2033-09-08
5731,Nona Dugan,60,Female,India,2033-09-09
5732,Darren Brook,25,Female,Germany,2033-09-10
5733,Mark Ridley,46,Female,US,2033-09-11
5734,Virginia Milner,54,Female,Brazil,2033-09-12
5735,Diane Yah,50,Female,India,2033-09-13
5736,Russ Aspinwall,58,Female,Germany,2033-09-14
5737,Manuel Havens,33,Male,Canada,2033-09-15
5738,Mary Mora,56,Male,India,2033-09-16
5739,Donna Weeks,56,Male,Germany,2033-09-17
5740,Jean Handley,53,Female,Brazil,2033-09-18
5741,Guadalupe (Lou) Trujillo,35,Male,Brazil,2033-09-19
5742,Terri Campbell,50,Female,India,2033-09-20
5743,Ida Cezar,54,Male,Canada,2033-09-21
5744,Joyce Aguilar,20,Female,US,2033-09-22
5745,Jerry Boren,49,Female,Germany,2033-09-23
5746,Maryann Soderholm,28,Male,India,2033-09-24
5747,Katie Krow,58,Female,Brazil,2033-09-25
5748,Gary Leske,32,Male,UK,2033-09-26
5749,Chris Evans,43,Female,India,2033-09-27
5750,Geraldine Collins,48,Female,US,2033-09-28
5751,Bishop Meastas,33,Female,Brazil,2033-09-29
5752,Natalie Zuerner,26,Male,Germany,2033-09-30
5753,Clifford Skultety,54,Female,Germany,2033-10-01
5754,R. Gotfred,33,Female,UK,2033-10-02
5755,Elizabeth Auintana,36,Female,Germany,2033-10-03
5756,Masaharu Ryan,61,Male,Canada,2033-10-04
5757,Goldie Yost,63,Male,UK,2033-10-05
5758,Barry Tiller,61,Female,UK,2033-10-06
5759,Marlin Leang,47,Male,India,2033-10-07
5760,Francis Brown,32,Male,UK,2033-10-08
5761,Caroline Junger,22,Female,US,2033-10-09
5762,James Bayol,54,Female,UK,2033-10-10
5763,Eunice Taylor,64,Female,US,2033-10-11
5764,Irene Carr,25,Male,Germany,2033-10-12
5765,Gilbert Degroot,26,Female,Brazil,2033-10-13
5766,Joanne Skuderna,18,Female,UK,2033-10-14
5767,Christine Mehrmanesh,35,Male,Brazil,2033-10-15
5768,Richard Tibbs,52,Male,UK,2033-10-16
5769,"Joseph Boedecker, Jr.",24,Female,Brazil,2033-10-17
5770,Diane Ask,20,Male,Germany,2033-10-18
5771,Alvin Smith,34,Male,Canada,2033-10-19
5772,Julie Bowers,60,Female,India,2033-10-20
5773,Eileen Cordova,48,Male,US,2033-10-21
5774,Rosalina Noice,34,Male,Brazil,2033-10-22
5775,Catherine Gilbert,18,Female,Canada,2033-10-23
5776,Pamela Abrams,29,Female,US,2033-10-24
5777,Hana Beyer,54,Male,Germany,2033-10-25
5778,Dolores Thorn,46,Male,India,2033-10-26
5779,Dolores Babbitt,53,Female,US,2033-10-27
5780,Scott Rodriguez,62,Male,US,2033-10-28
5781,Chanin Coder,34,Female,India,2033-10-29
5782,Kristin Watts,29,Male,India,2033-10-30
5783,Michael Spencer,23,Female,Brazil,2033-10-31
5784,John Monteith,26,Male,UK,2033-11-01
5785,Mary Novak,64,Male,India,2033-11-02
5786,Evelyn Brown,43,Female,Germany,2033-11-03
5787,Safron Thurman,34,Female,UK,2033-11-04
5788,Anne Silva,56,Male,US,2033-11-05
5789,Nicole Gibson,44,Male,Canada,2033-11-06
5790,Pamela Little,36,Male,Germany,2033-11-07
5791,Christine Tepper,61,Male,UK,2033-11-08
5792,Janet Marmaro,62,Male,Brazil,2033-11-09
5793,Rhoda Tucker,33,Male,Canada,2033-11-10
5794,George Coffman,38,Male,Brazil,2033-11-11
5795,Mina Gillespie,25,Female,Canada,2033-11-12
5796,Linda Combs,47,Female,Canada,2033-11-13
5797,Tony Butler,59,Female,UK,2033-11-14
5798,Kirk Yowell,26,Female,US,2033-11-15
5799,Zeev Mestaz,24,Female,UK,2033-11-16
5800,Monta Bahr,21,Male,Canada,2033-11-17
5801,Nora Schrock,60,Female,Germany,2033-11-18
5802,Don Brooks,37,Male,Brazil,2033-11-19
5803,Susan Stovall,64,Male,Canada,2033-11-20
5804,Gwendolyn Campbell,51,Female,Germany,2033-11-21
5805,Jean Barr,45,Female,Canada,2033-11-22
5806,Donald Adams,64,Female,UK,2033-11-23
5807,Helen Toyota,30,Male,Canada,2033-11-24
5808,Shirley Thompson,19,Female,US,2033-11-25
5809,Dion Franklin,18,Male,India,2033-11-26
5810,Richard Blalock,34,Female,India,2033-11-27
5811,Eric Brumfield,61,Female,Germany,2033-11-28
5812,Michael Yalotz,55,Female,Canada,2033-11-29
5813,Debra Morlan,54,Male,India,2033-11-30
5814,Robert None,57,Male,Brazil,2033-12-01
5815,Thomas Alcon,60,Male,US,2033-12-02
5816,Bernice Hammonds,63,Female,US,2033-12-03
5817,Mary Cuccia,57,Female,India,2033-12-04
5818,John Tommerup,26,Male,US,2033-12-05
5819,Harold Troxel,59,Male,UK,2033-12-06
5820,Mary Logan,50,Female,Brazil,2033-12-07
5821,Patricia Goldberg,18,Male,India,2033-12-08
5822,Mary Aluyen,21,Female,Canada,2033-12-09
5823,Melanie Elmer,20,Male,Brazil,2033-12-10
5824,Ina Channing,53,Female,US,2033-12-11
5825,Jeffrey Adis,24,Male,Germany,2033-12-12
5826,Paula Taylor,43,Female,India,2033-12-13
5827,Hilary Pomeroy,43,Female,India,2033-12-14
5828,Judith Brookshire,62,Male,US,2033-12-15
5829,Lynda Tomacino,22,Male,Canada,2033-12-16
5830,David McCool,29,Male,India,2033-12-17
5831,Cheryl Mondragon,36,Male,India,2033-12-18
5832,Michelle Watkins,42,Female,India,2033-12-19
5833,Ryan Ellis,57,Male,UK,2033-12-20
5834,Vincent Gradishar,58,Male,US,2033-12-21
5835,Rose Harshell,27,Male,Brazil,2033-12-22
5836,Fred Tato,42,Female,India,2033-12-23
5837,Jody Pryor,46,Female,India,2033-12-24
5838,Evelyn Oechsle,31,Male,Germany,2033-12-25
5839,Monk Skonnard,44,Male,Brazil,2033-12-26
5840,Lorraine Ardell,27,Male,Germany,2033-12-27
5841,Tarryn Cardana,19,Male,UK,2033-12-28
5842,Brandon Curtis,23,Male,Brazil,2033-12-29
5843,Jacob Dean,36,Female,Brazil,2033-12-30
5844,Rita Love,64,Female,US,2033-12-31
5845,Charles Borge,28,Male,US,2034-01-01
5846,Bill Vegiard,57,Female,Germany,2034-01-02
5847,Martha Benefiel,35,Male,US,2034-01-03
5848,Mike Cole,40,Male,UK,2034-01-04
5849,Joseph Kropff,42,Male,Brazil,2034-01-05
5850,Patricia Caldwell,33,Male,Brazil,2034-01-06
5851,Betty Mondragon,22,Female,US,2034-01-07
5852,Joanne Talley,37,Male,India,2034-01-08
5853,Greg Forsyth,57,Female,Brazil,2034-01-09
5854,Harriett Brodow,52,Female,India,2034-01-10
5855,Shawn Adams,53,Male,India,2034-01-11
5856,D. Michelle Bermea,21,Female,Canada,2034-01-12
5857,Jane Smith,28,Male,Brazil,2034-01-13
5858,Mike Tafoya,61,Male,India,2034-01-14
5859,Billy Duran,59,Male,Germany,2034-01-15
5860,Sylvia Menina,19,Female,US,2034-01-16
5861,Dorothy Theil,48,Male,Canada,2034-01-17
5862,Billy Duran,56,Female,UK,2034-01-18
5863,Jolene Sukh,48,Female,Germany,2034-01-19
5864,Kevin Napier,53,Male,India,2034-01-20
5865,James Thomas,22,Male,US,2034-01-21
5866,Steven Zablah,22,Male,UK,2034-01-22
5867,Nancy Fisher,40,Male,Canada,2034-01-23
5868,Mary Aluyen,20,Female,Brazil,2034-01-24
5869,Geraldine Lewis,63,Female,India,2034-01-25
5870,Mary Ann Orozco,20,Female,Canada,2034-01-26
5871,"Joseph Brady, Jr.",35,Male,Germany,2034-01-27
5872,Roxanne Brydum,28,Female,UK,2034-01-28
5873,Coletta Longstreet,49,Male,Germany,2034-01-29
5874,W. Winsor,29,Male,India,2034-01-30
5875,Dennis Larson,21,Male,UK,2034-01-31
5876,Leland Bohrer,61,Female,UK,2034-02-01
5877,Catherine Tejeda,49,Male,Germany,2034-02-02
5878,Yaakov Campbell,59,Female,Brazil,2034-02-03
5879,Bruce Kirkpatrick,55,Male,UK,2034-02-04
5880,Duane Szigethy,54,Female,Canada,2034-02-05
5881,Charles Stearns,22,Female,US,2034-02-06
5882,Craig Kline,63,Male,Germany,2034-02-07
5883,Helen Valentine,50,Male,US,2034-02-08
5884,Evelyn Oechsle,31,Male,Germany,2034-02-09
5885,Joann Suro,28,Female,Brazil,2034-02-10
5886,Michael Hinzman,61,Female,India,2034-02-11
5887,Eric Johnson,42,Male,Germany,2034-02-12
5888,Frederick Hall,37,Female,Brazil,2034-02-13
5889,Linda Brooks,48,Female,Canada,2034-02-14
5890,Ellen Sloan,26,Male,UK,2034-02-15
5891,Trisha Fajardo,51,Male,US,2034-02-16
5892,Kevin Templeton,42,Female,Canada,2034-02-17
5893,Brenda Spicer,32,Female,India,2034-02-18
5894,Eleanor Svoboda,64,Male,India,2034-02-19
5895,Douglas Jegier,46,Female,Canada,2034-02-20
5896,Wayne Saunar,46,Female,US,2034-02-21
5897,Elizabeth Kunkle,64,Female,Brazil,2034-02-22
5898,Bernie Johnson,52,Male,US,2034-02-23
5899,Albert Risley,21,Female,Germany,2034-02-24
5900,Aubrey Wall,62,Male,US,2034-02-25
5901,Maryann Backlin,46,Male,India,2034-02-26
5902,Thomas Turner,38,Male,India,2034-02-27
5903,Ritchie Trimble,32,Male,UK,2034-02-28
5904,David Turner,56,Male,India,2034-03-01
5905,Alberto Baltazar,56,Female,Canada,2034-03-02
5906,Anne Sims,43,Male,US,2034-03-03
5907,Edna Dawson,23,Female,Canada,2034-03-04
5908,Melissa Pyle,33,Female,Brazil,2034-03-05
5909,Ora Wilson,38,Female,US,2034-03-06
5910,Brian Cadotte,45,Female,Germany,2034-03-07
5911,Laurie Sweet,43,Female,Germany,2034-03-08
5912,Marie Veistracten,59,Female,UK,2034-03-09
5913,Tim Kendrick,22,Male,Germany,2034-03-10
5914,Esther Angel,55,Male,Canada,2034-03-11
5915,Nestor Carpoff,47,Male,Canada,2034-03-12
5916,Bettie Pooler,39,Male,US,2034-03-13
5917,Carrie Wiley,45,Male,UK,2034-03-14
5918,Elizabeth Bailey,50,Female,Brazil,2034-03-15
5919,Olive Magan,20,Female,UK,2034-03-16
5920,Patrick Hambright,23,Male,US,2034-03-17
5921,Merle Stotka,36,Female,US,2034-03-18
5922,David Clark,38,Female,Canada,2034-03-19
5923,Curtis Wardley,37,Female,Brazil,2034-03-20
5924,Wayne Thomas,57,Female,UK,2034-03-21
5925,Lawrence Roskey,57,Male,US,2034-03-22
5926,Minerva Poindexter,50,Female,UK,2034-03-23
5927,James Stanford,38,Female,Canada,2034-03-24
5928,Bruce Sibert,40,Female,Brazil,2034-03-25
5929,Alice Watt,24,Male,US,2034-03-26
5930,Wellington Amato,61,Male,UK,2034-03-27
5931,Hans Squires,33,Male,Germany,2034-03-28
5932,Shirley Capella,53,Male,UK,2034-03-29
5933,Laura Oswald,25,Male,US,2034-03-30
5934,Kara Ealey,49,Male,UK,2034-03-31
5935,James Horvat,18,Male,UK,2034-04-01
5936,John Bagwell,28,Female,US,2034-04-02
5937,Leslie Stewart,55,Male,Canada,2034-04-03
5938,Luann Crawford,33,Male,UK,2034-04-04
5939,Mylene Taylor,29,Male,Brazil,2034-04-05
5940,Romeo Kasten,62,Female,US,2034-04-06
5941,Patricia Payne,54,Female,Canada,2034-04-07
5942,Sandra Evans,26,Male,UK,2034-04-08
5943,Renato Cortese,27,Male,Germany,2034-04-09
5944,Kathryn Roberson,19,Male,Germany,2034-04-10
5945,Richard Luth,53,Female,US,2034-04-11
5946,Margaret Bean,53,Male,India,2034-04-12
5947,Joe Bricker,32,Female,Brazil,2034-04-13
5948,Martin Steel,63,Female,India,2034-04-14
5949,Nasrin Hooker,34,Female,Brazil,2034-04-15
5950,Nell Maune,54,Male,US,2034-04-16
5951,Aranda Bussell,26,Female,Brazil,2034-04-17
5952,Jay Belinge,43,Female,Germany,2034-04-18
5953,Liora Vaught,39,Male,India,2034-04-19
5954,Esther White,61,Male,India,2034-04-20
5955,Ruth Addington,33,Male,UK,2034-04-21
5956,Michael Michaels,36,Female,India,2034-04-22
5957,Mike White,21,Male,Germany,2034-04-23
5958,Christopher Solano,35,Female,Canada,2034-04-24
5959,Matt Wright,44,Female,Brazil,2034-04-25
5960,Ronny Panepinto,60,Male,Germany,2034-04-26
5961,Mehrzad Slone,50,Female,Brazil,2034-04-27
5962,Faith Schroeder,48,Female,UK,2034-04-28
5963,Patricia Stoddard,50,Male,Germany,2034-04-29
5964,Joseph Allen,39,Female,US,2034-04-30
5965,Antoinette Zocchi,30,Female,Brazil,2034-05-01
5966,Christopher Owens,37,Male,India,2034-05-02
5967,Sharon Balthazar,60,Male,Brazil,2034-05-03
5968,Alan Hitchcock,22,Male,US,2034-05-04
5969,Elizabeth Wesley,35,Female,India,2034-05-05
5970,Dee Thayer,36,Female,Canada,2034-05-06
5971,Elma Smith,23,Female,US,2034-05-07
5972,Laura Archuleta,24,Female,Canada,2034-05-08
5973,Kevin Barrera,43,Female,UK,2034-05-09
5974,Julie Dunn,37,Female,Brazil,2034-05-10
5975,Charles McGrath,50,Female,Brazil,2034-05-11
5976,Leslie Rainosek,38,Female,Brazil,2034-05-12
5977,Mary Hirschboeck,64,Male,Brazil,2034-05-13
5978,Peggy Planck,57,Male,US,2034-05-14
5979,Marsha Valenzuela,33,Male,US,2034-05-15
5980,Christopher Groome,34,Male,US,2034-05-16
5981,Cheryl Pompa,24,Female,Germany,2034-05-17
5982,Lupe Swartwood,19,Male,Canada,2034-05-18
5983,William Blatz,53,Male,UK,2034-05-19
5984,Kenneth Ramsey,31,Female,Germany,2034-05-20
5985,Bo Chaney,20,Male,Brazil,2034-05-21
5986,Vivian Burnham,43,Female,Canada,2034-05-22
5987,Donna Murray,52,Male,India,2034-05-23
5988,Vivian Spiros,46,Male,US,2034-05-24
5989,Raymond Sparks,43,Male,UK,2034-05-25
5990,Marion Scott,55,Male,Germany,2034-05-26
5991,Charlene Keller,51,Male,Germany,2034-05-27
5992,Donna Berry,44,Male,UK,2034-05-28
5993,Virginia Miwa,32,Male,India,2034-05-29
5994,Erin Allen,19,Male,Canada,2034-05-30
5995,Crystal Truxel,28,Female,UK,2034-05-31
5996,Charles Adams,63,Female,UK,2034-06-01
5997,Dottie Rigdon,52,Female,Canada,2034-06-02
5998,Tara Chung,45,Male,Brazil,2034-06-03
5999,Alfred Romero,29,Female,Brazil,2034-06-04
6000,Joyce Moreno,52,Female,Germany,2034-06-05
6001,Cheri Ellis,28,Male,US,2034-06-06
6002,Tyler Banks,46,Male,US,2034-06-07
6003,Richard Dean,24,Male,Brazil,2034-06-08
6004,Cynthia White,20,Male,Germany,2034-06-09
6005,Leslie Rainosek,18,Female,Germany,2034-06-10
6006,James Bowman,61,Male,Canada,2034-06-11
6007,Margaret Davis,46,Female,Germany,2034-06-12
6008,David Wall,45,Female,Germany,2034-06-13
6009,Donald Abston,37,Female,US,2034-06-14
6010,Crystal McCafferty,56,Female,US,2034-06-15
6011,Beverly Baker,37,Female,Canada,2034-06-16
6012,Charlemagne Morse,20,Female,UK,2034-06-17
6013,Francis Newcome,44,Male,Germany,2034-06-18
6014,Tripoli Spycher,25,Male,Brazil,2034-06-19
6015,Albert Risley,24,Female,India,2034-06-20
6016,Marion Gettie,48,Male,US,2034-06-21
6017,Benjamin Senick,48,Female,Germany,2034-06-22
6018,Joy Fritz,60,Male,UK,2034-06-23
6019,Felicia Larsen,36,Male,Canada,2034-06-24
6020,M. Jennifer Ujdur,54,Male,UK,2034-06-25
6021,Nicholas Riccillo,28,Male,US,2034-06-26
6022,Scott Clark,27,Female,Brazil,2034-06-27
6023,Elaine Santisteven,23,Female,UK,2034-06-28
6024,Janet Vigil,39,Female,India,2034-06-29
6025,Paul Clark,45,Female,Canada,2034-06-30
6026,Michele Harris,42,Female,UK,2034-07-01
6027,Jennifer Confetti,52,Female,Brazil,2034-07-02
6028,Robert Hatterick,25,Male,UK,2034-07-03
6029,Mary Becker,31,Female,Canada,2034-07-04
6030,Sze-yih (Ray) Sponsler,25,Male,India,2034-07-05
6031,Myra Van Antwerp,18,Female,India,2034-07-06
6032,Courtney Dolzanie,48,Male,Germany,2034-07-07
6033,Maria Marsden,37,Female,Brazil,2034-07-08
6034,Dale Pilot,23,Male,India,2034-07-09
6035,Robyn Christoff,55,Female,Brazil,2034-07-10
6036,J. Brent Whicher,50,Female,Canada,2034-07-11
6037,Muriel Record,62,Female,UK,2034-07-12
6038,Karen Koman,23,Female,Germany,2034-07-13
6039,Clinton Vecchio,45,Male,UK,2034-07-14
6040,Rosemarie Wang,54,Female,UK,2034-07-15
6041,Ann Perez,40,Male,India,2034-07-16
6042,Verna Armees,63,Male,Brazil,2034-07-17
6043,Joseph Feeney,43,Male,India,2034-07-18
6044,Nadine Cook,35,Female,Germany,2034-07-19
6045,Janet Smarr,28,Female,India,2034-07-20
6046,Dominic James,58,Female,UK,2034-07-21
6047,Ed Bias,30,Female,India,2034-07-22
6048,David Milholm,21,Male,India,2034-07-23
6049,Jacqueline Bennett,51,Male,US,2034-07-24
6050,Donna Strang,25,Female,US,2034-07-25
6051,Judith Smith,36,Male,Canada,2034-07-26
6052,Jim Howard,35,Female,UK,2034-07-27
6053,Ron Carbone,21,Male,India,2034-07-28
6054,John Abalos,44,Male,Germany,2034-07-29
6055,Carl Robinson,48,Female,US,2034-07-30
6056,Mike Choi,22,Female,Canada,2034-07-31
6057,Jennifer McMasters,53,Female,Germany,2034-08-01
6058,Jimmie Oswald,19,Male,India,2034-08-02
6059,David Byrnes,45,Male,India,2034-08-03
6060,Helen Dennis,40,Female,UK,2034-08-04
6061,Shelley Zane,59,Female,Canada,2034-08-05
6062,Martin Stimmel,54,Female,US,2034-08-06
6063,Heather Bachicha,53,Male,US,2034-08-07
6064,Angela Cottle,34,Male,US,2034-08-08
6065,Roxanne Longo,21,Male,UK,2034-08-09
6066,Tyler Bohn,29,Female,Brazil,2034-08-10
6067,Christine Lorenzen,53,Female,India,2034-08-11
6068,Rebecca Stone,49,Male,US,2034-08-12
6069,Jeanie Orton,57,Female,Germany,2034-08-13
6070,Helen Huck,48,Female,India,2034-08-14
6071,Courtney Dolzanie,62,Female,Canada,2034-08-15
6072,Janice Mestas,53,Female,UK,2034-08-16
6073,Michelle Adams,48,Female,India,2034-08-17
6074,Markeaus Jur,57,Male,Brazil,2034-08-18
6075,Richard Ghee,36,Female,India,2034-08-19
6076,Diane Acuna,29,Male,Germany,2034-08-20
6077,Cynthia Mehalovitz,37,Female,Germany,2034-08-21
6078,Linda Rousey,29,Male,US,2034-08-22
6079,Lourette Hanks,54,Male,India,2034-08-23
6080,William Gonzales,29,Male,India,2034-08-24
6081,Paul Fulton,64,Male,India,2034-08-25
6082,Antoinette Serna,40,Male,US,2034-08-26
6083,William Vaughn,52,Male,India,2034-08-27
6084,Deborah Boyd,60,Male,Brazil,2034-08-28
6085,Jack Osteen,50,Male,Brazil,2034-08-29
6086,Misty Busby,62,Male,India,2034-08-30
6087,Lamar Delgado,22,Female,Brazil,2034-08-31
6088,Maria Stansfield,24,Female,UK,2034-09-01
6089,Kevin James,37,Male,US,2034-09-02
6090,Vincent Shane,58,Male,Canada,2034-09-03
6091,Karen Holliday,47,Male,Brazil,2034-09-04
6092,Richard Sullivan,21,Female,US,2034-09-05
6093,Blaise Blackburn,18,Female,Brazil,2034-09-06
6094,Susan Armendariz,59,Male,Canada,2034-09-07
6095,Brittany Malik,29,Male,US,2034-09-08
6096,Anatole Sisk,40,Male,UK,2034-09-09
6097,Ken Sparkman,55,Male,US,2034-09-10
6098,June Villalon,26,Male,Germany,2034-09-11
6099,Bruce Sibert,33,Male,India,2034-09-12
6100,Maria Draper,54,Female,India,2034-09-13
6101,Connie Christensen,18,Female,India,2034-09-14
6102,Carol Tancredy,19,Male,India,2034-09-15
6103,Neal Gramstorff,52,Male,US,2034-09-16
6104,David Christensen,35,Male,Brazil,2034-09-17
6105,Jean Manzon,62,Male,UK,2034-09-18
6106,Sharon Buclatin,29,Male,US,2034-09-19
6107,Tennie Mitchell,40,Female,Brazil,2034-09-20
6108,Heath Allen,58,Male,Brazil,2034-09-21
6109,Thadd Campbell,48,Female,Germany,2034-09-22
6110,Bernadette Marschang,54,Female,Germany,2034-09-23
6111,Martha Hill,43,Male,UK,2034-09-24
6112,Patricia Webb,39,Male,Germany,2034-09-25
6113,Shari-Lynn Baulwin,24,Female,Canada,2034-09-26
6114,Beverly Cardoza,31,Male,Brazil,2034-09-27
6115,Marie Filson,63,Male,India,2034-09-28
6116,Shenna Ward,50,Male,UK,2034-09-29
6117,Eric Johnson,18,Female,India,2034-09-30
6118,Polly Lira,62,Female,Germany,2034-10-01
6119,Maurice Ryan,54,Female,Brazil,2034-10-02
6120,Tony Spellman,55,Male,UK,2034-10-03
6121,Linda Weber,58,Female,Canada,2034-10-04
6122,Kathryn Secrest,45,Female,UK,2034-10-05
6123,Lonnie Woodyard,19,Female,Canada,2034-10-06
6124,Debra Zimmerman,53,Female,US,2034-10-07
6125,Vince Fisher,50,Male,Germany,2034-10-08
6126,Jean Zimmerman,26,Female,Brazil,2034-10-09
6127,Julia Zugelder,21,Male,India,2034-10-10
6128,Carolyn Carlson,37,Female,US,2034-10-11
6129,Thomas Maestas,23,Female,Brazil,2034-10-12
6130,Marie Hackworth,53,Female,Brazil,2034-10-13
6131,Dustin Alvarez,37,Female,India,2034-10-14
6132,Betty Damore,51,Male,Canada,2034-10-15
6133,Laura Welden,40,Female,UK,2034-10-16
6134,Maeve Wall,23,Male,US,2034-10-17
6135,Donald Patera,64,Male,US,2034-10-18
6136,Ramon Butcher,60,Female,Germany,2034-10-19
6137,William Kroes,37,Female,US,2034-10-20
6138,Rebecca Robinson,22,Female,Brazil,2034-10-21
6139,Jay Saxema Wilkie,34,Female,Brazil,2034-10-22
6140,Paul Workman,27,Female,India,2034-10-23
6141,Joseph Waterhouse,28,Male,Brazil,2034-10-24
6142,Russell Temple,62,Female,Germany,2034-10-25
6143,Terry Brunie,59,Female,UK,2034-10-26
6144,Nancy Wyatt,61,Female,Germany,2034-10-27
6145,Julie Pokorney,27,Male,Canada,2034-10-28
6146,Michelle Pobrislo,38,Female,India,2034-10-29
6147,Dorothy Lay,52,Female,India,2034-10-30
6148,Brian Merlo,62,Female,US,2034-10-31
6149,Frank Dolgan,40,Male,Canada,2034-11-01
6150,Laura Allen,62,Female,Canada,2034-11-02
6151,Dale Bond,53,Female,India,2034-11-03
6152,Claire Villanueva,44,Female,US,2034-11-04
6153,Jim Pitson,20,Male,US,2034-11-05
6154,David Stohson,19,Male,Canada,2034-11-06
6155,Amber Salazar,53,Female,Canada,2034-11-07
6156,Suzanne Davis,35,Female,Germany,2034-11-08
6157,Verna Ulmer,33,Female,Canada,2034-11-09
6158,Lynn ODonahue,30,Male,US,2034-11-10
6159,Vincent Gradishar,34,Male,Canada,2034-11-11
6160,Gladys Evans,46,Female,US,2034-11-12
6161,Marchie Williams,48,Male,UK,2034-11-13
6162,Debbie Tedesco,46,Male,India,2034-11-14
6163,Eileen Cordova,23,Male,US,2034-11-15
6164,Holly Phariss,50,Female,UK,2034-11-16
6165,Robert Leach,46,Male,UK,2034-11-17
6166,Edwin White,47,Female,Brazil,2034-11-18
6167,Teresa Battistelli,60,Female,UK,2034-11-19
6168,Philip Adams,52,Male,Germany,2034-11-20
6169,Jay Saxema Wilkie,52,Male,UK,2034-11-21
6170,Mark Blackburn,57,Female,US,2034-11-22
6171,Donald Baker,45,Female,Canada,2034-11-23
6172,Eithne Latshaw,36,Male,Canada,2034-11-24
6173,Blanche Griffin,51,Female,US,2034-11-25
6174,Lavonne Walker,20,Female,US,2034-11-26
6175,Evalyn Gilliom,47,Female,Brazil,2034-11-27
6176,Tara Kern,31,Male,Canada,2034-11-28
6177,James McCoy,27,Male,UK,2034-11-29
6178,C. James Gillespie,52,Male,Canada,2034-11-30
6179,Alexandro Mattson,64,Male,Germany,2034-12-01
6180,Mark Hart,36,Male,Canada,2034-12-02
6181,George Tejeda,20,Female,India,2034-12-03
6182,Richard Aubrecht,23,Female,Germany,2034-12-04
6183,Jennifer Ridley,19,Male,US,2034-12-05
6184,"James Werner, Jr.",56,Female,Brazil,2034-12-06
6185,M. Carol Carter,37,Male,Canada,2034-12-07
6186,John Carter,40,Female,Germany,2034-12-08
6187,Robert Jussell,56,Female,Canada,2034-12-09
6188,Dorothy Weir,24,Female,Germany,2034-12-10
6189,Amalia Jorgenson,23,Male,Brazil,2034-12-11
6190,Louis Taylor,19,Female,UK,2034-12-12
6191,James La Monica,45,Male,India,2034-12-13
6192,Brian Asleson,21,Female,Brazil,2034-12-14
6193,Edith Coleman,27,Female,India,2034-12-15
6194,Carol Whipple,19,Male,Canada,2034-12-16
6195,Bertram Campos,59,Female,Brazil,2034-12-17
6196,Robert Leon,34,Female,Germany,2034-12-18
6197,Geraldine Rizzi,23,Female,US,2034-12-19
6198,Gina Armistead,62,Male,Canada,2034-12-20
6199,Melissa Mcculloch,47,Male,Brazil,2034-12-21
6200,Wilma Neff,56,Male,Canada,2034-12-22
6201,Walter Munhall,34,Male,US,2034-12-23
6202,Elaine Whelan,47,Female,US,2034-12-24
6203,Edward Buss,45,Male,Brazil,2034-12-25
6204,Kathy Amaro,63,Male,US,2034-12-26
6205,Melissa Van Donkkenburg,44,Female,India,2034-12-27
6206,Earl Linam,28,Male,US,2034-12-28
6207,Donald Barrington,20,Male,India,2034-12-29
6208,Sange Saraj,35,Female,Germany,2034-12-30
6209,Estela Grando,25,Male,Canada,2034-12-31
6210,Renee Allen,33,Male,UK,2035-01-01
6211,Cheryl Taylor,64,Male,Brazil,2035-01-02
6212,Janice Zane,50,Male,Canada,2035-01-03
6213,Dorothy Bongirno,38,Female,Germany,2035-01-04
6214,Alice Valentine,45,Male,Germany,2035-01-05
6215,James Coakley,48,Female,UK,2035-01-06
6216,Luca Barnett,28,Male,Brazil,2035-01-07
6217,Bishop Meastas,34,Male,Canada,2035-01-08
6218,Deborah Taylor,62,Male,UK,2035-01-09
6219,Grace Bonine,23,Female,Brazil,2035-01-10
6220,Kirk Saylor,50,Female,US,2035-01-11
6221,Joyce Lapierre,54,Female,UK,2035-01-12
6222,Steven Maitland,47,Female,Germany,2035-01-13
6223,Mary Steen,34,Male,US,2035-01-14
6224,Harold Marinello,37,Female,Canada,2035-01-15
6225,Evelyn Brauner,42,Male,US,2035-01-16
6226,Beverly Carrington,62,Female,Canada,2035-01-17
6227,Denise Manley,26,Male,Canada,2035-01-18
6228,Laura Bartlow,50,Female,India,2035-01-19
6229,Tammy Ehrler,50,Male,UK,2035-01-20
6230,Calvin Pochert,30,Male,US,2035-01-21
6231,Brooke Mitchell,34,Female,UK,2035-01-22
6232,Peter Hatton,23,Female,Canada,2035-01-23
6233,Kara Bryon,22,Female,Germany,2035-01-24
6234,Elizabeth Leong,48,Male,Germany,2035-01-25
6235,Miggs Gutirrez,37,Female,UK,2035-01-26
6236,Stacey Wilkes,42,Female,Canada,2035-01-27
6237,Matthew Smith,62,Female,US,2035-01-28
6238,Emma Gillis,62,Female,Germany,2035-01-29
6239,Janice Weakley,50,Female,Canada,2035-01-30
6240,Gloria Cross,33,Female,India,2035-01-31
6241,Barbara Wallin,48,Female,Brazil,2035-02-01
6242,Arthur Kish,33,Female,US,2035-02-02
6243,Calvin Pochert,43,Male,UK,2035-02-03
6244,Jennifer Armstrong,40,Female,India,2035-02-04
6245,Lon Maxwell,46,Male,India,2035-02-05
6246,Barbara Olivera,44,Female,Germany,2035-02-06
6247,Margaret Lowery,38,Female,UK,2035-02-07
6248,Mabel Miller,64,Male,Germany,2035-02-08
6249,Judy Hall,18,Female,India,2035-02-09
6250,Fred Williams,40,Female,US,2035-02-10
6251,Maureen Doose,46,Male,Germany,2035-02-11
6252,Paula Hayden,47,Male,UK,2035-02-12
6253,Tuesday Windham,21,Female,India,2035-02-13
6254,Jamie Agnew,43,Female,US,2035-02-14
6255,Harold Williams,37,Female,India,2035-02-15
6256,Karen Boles,35,Female,Germany,2035-02-16
6257,John Sobotka,39,Female,UK,2035-02-17
6258,Melissa Duran,58,Male,Germany,2035-02-18
6259,Stephanie Small,28,Female,Germany,2035-02-19
6260,Casey Bussey,35,Male,Germany,2035-02-20
6261,Jack Burkhart,52,Male,Germany,2035-02-21
6262,James Burdon,50,Male,US,2035-02-22
6263,Matthew Andis,57,Female,Germany,2035-02-23
6264,Sandra Edwards,18,Male,UK,2035-02-24
6265,Gerald Hanshew,50,Male,US,2035-02-25
6266,Don Redmond,60,Male,Canada,2035-02-26
6267,Clinton Acel,38,Female,Germany,2035-02-27
6268,Garnis Cooper,24,Male,US,2035-02-28
6269,Nancy Hirota,51,Male,Canada,2035-03-01
6270,Richard Sousa,38,Male,UK,2035-03-02
6271,Linda Raberg,46,Female,India,2035-03-03
6272,Crystal McCafferty,35,Male,US,2035-03-04
6273,Gladys Eberle,54,Male,Germany,2035-03-05
6274,Myrtle Cardinal,56,Male,US,2035-03-06
6275,Lutgardis Harp,58,Female,UK,2035-03-07
6276,Blaise Blackburn,47,Female,US,2035-03-08
6277,Amy Bleakley,53,Male,UK,2035-03-09
6278,Lorraine Ardell,19,Female,Germany,2035-03-10
6279,Henry McEvoy,22,Male,UK,2035-03-11
6280,Anthony Barr,33,Female,US,2035-03-12
6281,Milton Collopy,33,Male,Germany,2035-03-13
6282,Simon Waling,47,Female,UK,2035-03-14
6283,Neoma Thomas,49,Female,Brazil,2035-03-15
6284,Michael Cobb,24,Male,Germany,2035-03-16
6285,Alfred Gladhdish,34,Female,Brazil,2035-03-17
6286,Joseph Cantoni,42,Female,India,2035-03-18
6287,Kate Maestas,38,Female,US,2035-03-19
6288,Kevin Templeton,43,Female,Brazil,2035-03-20
6289,Carol Wynn,24,Male,UK,2035-03-21
6290,George Jones,51,Male,Brazil,2035-03-22
6291,Edna Pellow,36,Male,Canada,2035-03-23
6292,Jean Potter,49,Male,Brazil,2035-03-24
6293,Jay Jones,18,Male,UK,2035-03-25
6294,Barbara Cope,59,Male,India,2035-03-26
6295,Linda McMurray,39,Male,Brazil,2035-03-27
6296,Carol Wakefield,18,Male,Canada,2035-03-28
6297,Gail Smith,61,Female,Germany,2035-03-29
6298,Tamara Trubin,42,Male,Canada,2035-03-30
6299,Steve Wren,63,Female,Germany,2035-03-31
6300,Diana Moyer,24,Male,UK,2035-04-01
6301,Victor Clott,45,Male,India,2035-04-02
6302,Liora Vaught,53,Male,Germany,2035-04-03
6303,Benny Wilsey,56,Male,Brazil,2035-04-04
6304,Theresqa Mingee,36,Male,US,2035-04-05
6305,Kit Tarleton,64,Female,UK,2035-04-06
6306,Clarence Barnes,31,Female,US,2035-04-07
6307,Pearl Beitler,31,Female,Brazil,2035-04-08
6308,Suzanna Wagner,28,Female,Germany,2035-04-09
6309,Maryan Purcell,48,Female,Germany,2035-04-10
6310,M. Diann Ward,31,Male,Canada,2035-04-11
6311,Patti Zimmerman,42,Male,US,2035-04-12
6312,Jill Hale,25,Male,Germany,2035-04-13
6313,Frances Vrell,36,Female,UK,2035-04-14
6314,Veleine Smales,21,Male,US,2035-04-15
6315,Joseph Waterhouse,21,Female,India,2035-04-16
6316,Timothy Berkley,51,Female,US,2035-04-17
6317,Kathryn Secrest,44,Female,UK,2035-04-18
6318,Scott Panton,53,Male,Germany,2035-04-19
6319,Angela Garcia,58,Male,UK,2035-04-20
6320,Anthony Hilen,18,Female,Germany,2035-04-21
6321,Rita Bell,63,Male,Brazil,2035-04-22
6322,Marion Smith,26,Male,UK,2035-04-23
6323,James Buenning,58,Female,India,2035-04-24
6324,Calvin Wilson,37,Male,Brazil,2035-04-25
6325,Dieter Pesonen,20,Male,Canada,2035-04-26
6326,Joey Mahlon,51,Female,India,2035-04-27
6327,Michael Belcher,35,Male,India,2035-04-28
6328,Sharron Mauro,57,Female,Canada,2035-04-29
6329,Joann Baughman,26,Female,India,2035-04-30
6330,Kameron Montano,50,Female,Brazil,2035-05-01
6331,Frank Jones,28,Male,US,2035-05-02
6332,Thomas Hayes,35,Male,US,2035-05-03
6333,Jinous Gonzales,54,Male,India,2035-05-04
6334,John Thomson,45,Male,Canada,2035-05-05
6335,Terry Schumer,23,Female,UK,2035-05-06
6336,James Brekke,61,Male,US,2035-05-07
6337,Peter Johnson,62,Female,Brazil,2035-05-08
6338,Marie Mann,44,Male,US,2035-05-09
6339,Gerald Casey,39,Female,Germany,2035-05-10
6340,Lynn Stam,28,Male,Germany,2035-05-11
6341,Valerie Lipwick,18,Male,Canada,2035-05-12
6342,Jens Braun,26,Male,Canada,2035-05-13
6343,Tony Irvin,45,Male,US,2035-05-14
6344,Diane Weathers,23,Male,Canada,2035-05-15
6345,Alma Son,40,Male,India,2035-05-16
6346,Clifford Lesturgeon,51,Male,India,2035-05-17
6347,Louise Garcia,46,Female,Canada,2035-05-18
6348,Bernice Stenenson,41,Male,Germany,2035-05-19
6349,Elmer Villaluz,43,Male,Brazil,2035-05-20
6350,Tyrone Monroe,51,Female,UK,2035-05-21
6351,Paul Robbins,59,Male,Brazil,2035-05-22
6352,Nicky Chesnut,31,Male,US,2035-05-23
6353,Edna Sullivan,31,Male,UK,2035-05-24
6354,Steven Zobairi,63,Male,UK,2035-05-25
6355,Jeffrey Evoy,62,Male,India,2035-05-26
6356,Pearl Erwin,31,Female,US,2035-05-27
6357,Charlie Worthington,29,Male,Brazil,2035-05-28
6358,Benjamin Senick,41,Female,US,2035-05-29
6359,Joshua Strongman,32,Female,Germany,2035-05-30
6360,Phyllis Hanlon,56,Male,India,2035-05-31
6361,Shannon Germanson,63,Female,Germany,2035-06-01
6362,Peggy Planck,63,Male,India,2035-06-02
6363,Nicholas Martinez,41,Female,India,2035-06-03
6364,Jean Cooper,37,Male,Canada,2035-06-04
6365,Clarence Sicilia,28,Female,US,2035-06-05
6366,Melinda Belcher,60,Male,Canada,2035-06-06
6367,Deborah Hoffman,56,Female,Brazil,2035-06-07
6368,Lauren Brandolino,23,Male,UK,2035-06-08
6369,Scott Henrickson,54,Male,UK,2035-06-09
6370,Robert Wells,18,Female,UK,2035-06-10
6371,Veleine Smales,63,Male,Brazil,2035-06-11
6372,Stacey Cereghino,51,Male,US,2035-06-12
6373,Nicholas Collaro,58,Male,US,2035-06-13
6374,Marilyn Durante,42,Female,India,2035-06-14
6375,Janet Holland,63,Male,Germany,2035-06-15
6376,John Fetterman,21,Male,UK,2035-06-16
6377,Ricki Chadwick,40,Male,US,2035-06-17
6378,Kathleen Cobb,32,Male,Canada,2035-06-18
6379,Diane Kuhl,63,Male,UK,2035-06-19
6380,Clifton Brock,20,Male,UK,2035-06-20
6381,Anne Sims,33,Male,Canada,2035-06-21
6382,Judith Wilson,56,Male,US,2035-06-22
6383,Thomas Alcon,23,Male,Germany,2035-06-23
6384,Paisal Smith,22,Female,US,2035-06-24
6385,William Cathey,52,Male,India,2035-06-25
6386,Joe Chuakay,30,Female,Canada,2035-06-26
6387,Robert Rovenza,25,Male,Canada,2035-06-27
6388,Robert Bishop,37,Female,UK,2035-06-28
6389,June Doran,25,Female,Brazil,2035-06-29
6390,Charles Krassowski,28,Female,Brazil,2035-06-30
6391,Lloyd Saunders,36,Female,UK,2035-07-01
6392,Patricia Drennen,61,Female,UK,2035-07-02
6393,Nicholas Wilson,48,Female,India,2035-07-03
6394,Mark Hutton,43,Male,Germany,2035-07-04
6395,Robert Damstra,19,Female,US,2035-07-05
6396,Teresa Babb,55,Male,Brazil,2035-07-06
6397,Mary Jo Gradishar,36,Female,Canada,2035-07-07
6398,Ana Wristen,54,Male,India,2035-07-08
6399,Michael Kouba,31,Male,Germany,2035-07-09
6400,Jeanne Turner,24,Male,UK,2035-07-10
6401,Mark Burton,51,Male,Canada,2035-07-11
6402,Nancy Camplese,56,Male,Germany,2035-07-12
6403,David Cabibi,59,Female,UK,2035-07-13
6404,Lucille Silsby,58,Male,Canada,2035-07-14
6405,Glenn Carey,58,Male,India,2035-07-15
6406,Dawn Banks,22,Male,Brazil,2035-07-16
6407,Curt Weaver,53,Male,US,2035-07-17
6408,Vivien Francis,29,Female,Germany,2035-07-18
6409,Martine Arnold,61,Male,Germany,2035-07-19
6410,Jill Clifton,50,Male,UK,2035-07-20
6411,Louie Kruse,39,Female,Germany,2035-07-21
6412,Thadeus Emory,61,Male,India,2035-07-22
6413,Lanette Carrillo,34,Female,India,2035-07-23
6414,Ricky Burnett,40,Male,Brazil,2035-07-24
6415,Pauline Ballard,42,Male,India,2035-07-25
6416,Tammy Wilkinson,42,Female,India,2035-07-26
6417,Marie Lucero,61,Male,UK,2035-07-27
6418,Elizabeth Ragulsky,36,Male,Brazil,2035-07-28
6419,Daniel Ryder,33,Male,UK,2035-07-29
6420,Chad Batt,60,Male,Brazil,2035-07-30
6421,Lucy Bewley,62,Male,Brazil,2035-07-31
6422,Peggy Petty,35,Female,Brazil,2035-08-01
6423,Betty Leach,47,Female,UK,2035-08-02
6424,Melissa Ames,25,Female,India,2035-08-03
6425,Vallyn Evans,57,Female,US,2035-08-04
6426,Albert Saver,32,Female,UK,2035-08-05
6427,Donna Zuluaga,22,Female,Canada,2035-08-06
6428,Danetta Bucker,22,Male,Canada,2035-08-07
6429,Mary Bental,32,Female,UK,2035-08-08
6430,David Stohson,60,Female,US,2035-08-09
6431,Philip Ambrosino,49,Female,Brazil,2035-08-10
6432,Russell Perrin,49,Male,Canada,2035-08-11
6433,Allison Baker,21,Male,US,2035-08-12
6434,Sharilynn Agee,61,Male,Brazil,2035-08-13
6435,Jason Donlon,24,Female,India,2035-08-14
6436,Frederick Hall,48,Male,Germany,2035-08-15
6437,Mary Mora,46,Male,UK,2035-08-16
6438,Ken Arnold,51,Female,US,2035-08-17
6439,William Lloyd,55,Female,US,2035-08-18
6440,Leslie Cain,32,Male,Brazil,2035-08-19
6441,Frances Hansen,49,Female,US,2035-08-20
6442,Arabelle Gardner,42,Male,Canada,2035-08-21
6443,Janet Jacobs,63,Male,India,2035-08-22
6444,Morris Caffano,25,Female,US,2035-08-23
6445,Diane Micalec,19,Male,UK,2035-08-24
6446,Marlies Zeckzer,53,Female,Brazil,2035-08-25
6447,Sandra Antonio,19,Male,UK,2035-08-26
6448,Shelly Busby,39,Male,Canada,2035-08-27
6449,Gerald Drury,30,Female,Canada,2035-08-28
6450,Ian Skarr,35,Male,Germany,2035-08-29
6451,Teresa Wooldridge,43,Male,Canada,2035-08-30
6452,Margaret Hayntin,56,Male,US,2035-08-31
6453,Elizabeth DuBose,19,Female,Canada,2035-09-01
6454,Ramona Lopez,54,Female,India,2035-09-02
6455,Kelly Turley,36,Female,Germany,2035-09-03
6456,Rachel Hofsetz,33,Male,US,2035-09-04
6457,Natalie Zuerner,21,Female,Brazil,2035-09-05
6458,Mila Lyttle,52,Male,India,2035-09-06
6459,Jennifer Higgins,51,Female,Brazil,2035-09-07
6460,Michael Skaggs,56,Female,Brazil,2035-09-08
6461,Toni Specht,63,Female,India,2035-09-09
6462,Karen Spevack,43,Male,India,2035-09-10
6463,Doris Tupaz,35,Female,Germany,2035-09-11
6464,Anna Britton,34,Female,Germany,2035-09-12
6465,Norm Mighaud,49,Female,US,2035-09-13
6466,Michael Burbridge,23,Female,Germany,2035-09-14
6467,Cody Tendick,46,Male,Canada,2035-09-15
6468,Ray Townsend,23,Female,Brazil,2035-09-16
6469,Robert Visperas,45,Male,Brazil,2035-09-17
6470,Sherry Carlson,58,Male,Germany,2035-09-18
6471,Leon Bobik,61,Male,India,2035-09-19
6472,Nancy Serina,56,Female,Canada,2035-09-20
6473,Philip Bishop,44,Male,India,2035-09-21
6474,Dennis Manown,63,Female,India,2035-09-22
6475,Nancy Cunningham,64,Female,UK,2035-09-23
6476,Julie Seals,44,Male,Canada,2035-09-24
6477,Jack Moore,44,Male,Canada,2035-09-25
6478,Christopher Wright,20,Male,Brazil,2035-09-26
6479,Peggy Medina,43,Male,UK,2035-09-27
6480,Marilyn Cosgrove,24,Male,Canada,2035-09-28
6481,Dale Nichols,53,Female,Brazil,2035-09-29
6482,Mary Corsi,55,Female,UK,2035-09-30
6483,Hugh Pisciotta,44,Female,India,2035-10-01
6484,Charles Robb,36,Male,US,2035-10-02
6485,Elizabeth Huff,25,Female,Germany,2035-10-03
6486,Mary Case,29,Female,Germany,2035-10-04
6487,Marilyn Brooks,35,Male,Germany,2035-10-05
6488,Vicki Carstensen,46,Male,UK,2035-10-06
6489,Ronald Padilla,38,Male,Canada,2035-10-07
6490,Willard Fornall,46,Female,Canada,2035-10-08
6491,Madeline Holloway,46,Male,Canada,2035-10-09
6492,G. Elaine Webb,35,Female,Germany,2035-10-10
6493,Kenneth Musungu,52,Female,UK,2035-10-11
6494,Chris Carmichael,44,Male,US,2035-10-12
6495,Mike Cole,61,Male,Germany,2035-10-13
6496,Cynthia Mehalovitz,55,Male,US,2035-10-14
6497,Judith Fitzi,48,Female,Canada,2035-10-15
6498,Palmer Johnson,57,Female,Germany,2035-10-16
6499,John Watson,33,Male,US,2035-10-17
6500,Nancy Cole,44,Male,Canada,2035-10-18
6501,Virgil Kactus,48,Female,Brazil,2035-10-19
6502,Jessie Stapleton,35,Male,UK,2035-10-20
6503,Raj Tolson,49,Female,Brazil,2035-10-21
6504,Lori Lipp,55,Male,Brazil,2035-10-22
6505,David Ferguson,51,Male,Canada,2035-10-23
6506,Jim Chartier,34,Female,US,2035-10-24
6507,Maya Gutierrez,63,Female,Canada,2035-10-25
6508,Jeffery Hernandez,22,Male,UK,2035-10-26
6509,Lizzie Ranniger,29,Male,Brazil,2035-10-27
6510,Elizabeth Heil,54,Female,Brazil,2035-10-28
6511,Ronda Carlsen,57,Male,Germany,2035-10-29
6512,Brian Rasmussen,42,Female,Brazil,2035-10-30
6513,Catherine Gilbert,42,Female,Brazil,2035-10-31
6514,Aaron Conklin,47,Male,US,2035-11-01
6515,Pauline McAnarney,50,Female,Germany,2035-11-02
6516,Rafael Kovalic,47,Male,Germany,2035-11-03
6517,Royanne Newby,64,Male,US,2035-11-04
6518,Joseph Tuczai,33,Female,UK,2035-11-05
6519,Robin Purcell,26,Male,UK,2035-11-06
6520,Eric Tuszynski,43,Male,UK,2035-11-07
6521,Michael Musgrove,64,Female,Germany,2035-11-08
6522,Sam Adair,51,Female,Brazil,2035-11-09
6523,Philippa Smith,60,Female,US,2035-11-10
6524,Ronnie Kogov Sek,54,Male,UK,2035-11-11
6525,Cheryl Martinez,58,Female,UK,2035-11-12
6526,Daniel Wolter,32,Male,India,2035-11-13
6527,Sandra Young,35,Female,India,2035-11-14
6528,Dennis Ebers,53,Female,UK,2035-11-15
6529,Lydia Herrman,63,Male,UK,2035-11-16
6530,Frank Frye,28,Female,US,2035-11-17
6531,Marlene Haugland,39,Female,UK,2035-11-18
6532,Trevor Vanover,42,Female,India,2035-11-19
6533,Dennis Moore,39,Male,US,2035-11-20
6534,Ellen Tripp,27,Male,Brazil,2035-11-21
6535,Derik Mathis,44,Female,UK,2035-11-22
6536,Shauneen Springate,60,Female,Brazil,2035-11-23
6537,Lucille Spangenberg,48,Male,US,2035-11-24
6538,Ingrid Costa,23,Male,UK,2035-11-25
6539,Judith Morris,18,Female,US,2035-11-26
6540,Mike Gonzales,41,Female,Canada,2035-11-27
6541,Frank Slusher,18,Female,Brazil,2035-11-28
6542,Hilary Kennet,49,Female,India,2035-11-29
6543,Mary Crump,50,Male,UK,2035-11-30
6544,Mark Caldwell,50,Male,Brazil,2035-12-01
6545,Barbara Lamaak,44,Male,Germany,2035-12-02
6546,Kirk Yowell,48,Female,US,2035-12-03
6547,Mark Kinney,53,Female,Canada,2035-12-04
6548,Kittie Butler,43,Female,US,2035-12-05
6549,Suzanne Sypriano,48,Male,Brazil,2035-12-06
6550,Thelma Veregas,50,Female,India,2035-12-07
6551,Gertrude Fults,37,Male,Canada,2035-12-08
6552,Manuel Quesada,29,Female,India,2035-12-09
6553,Ruby Perkins,59,Male,US,2035-12-10
6554,David Brinkd,57,Male,Canada,2035-12-11
6555,Kristin Watts,33,Male,UK,2035-12-12
6556,Juanita Sharp,41,Female,Brazil,2035-12-13
6557,Vivian Archilla,35,Female,India,2035-12-14
6558,Karen Ryden,51,Male,India,2035-12-15
6559,Julie Boone,28,Female,Germany,2035-12-16
6560,Julie Liliestedt,35,Female,India,2035-12-17
6561,Joy McCormick,63,Female,Canada,2035-12-18
6562,Michele Stultz,52,Male,Germany,2035-12-19
6563,Andrew McCurry,23,Male,India,2035-12-20
6564,Glenda Brening,52,Female,Brazil,2035-12-21
6565,Kimberley Abo,64,Male,UK,2035-12-22
6566,Timothy Rice,59,Female,Germany,2035-12-23
6567,Jilleane White,24,Female,UK,2035-12-24
6568,Donald Barrington,30,Female,India,2035-12-25
6569,Peter Grimm,44,Male,Brazil,2035-12-26
6570,Dan Yount,32,Female,UK,2035-12-27
6571,Christopher Young,40,Female,Germany,2035-12-28
6572,Eleanor Svoboda,26,Female,Germany,2035-12-29
6573,Esmeralda Swaffar,55,Male,Brazil,2035-12-30
6574,Melissa Wheeler,30,Female,India,2035-12-31
6575,Joseph Schilke,38,Female,Brazil,2036-01-01
6576,Nicholas Vance,25,Male,India,2036-01-02
6577,Cheri Ellis,61,Male,US,2036-01-03
6578,Abraham Swearengin,32,Female,Germany,2036-01-04
6579,Richard Watson,30,Male,India,2036-01-05
6580,Helen Smith,22,Male,Brazil,2036-01-06
6581,Michael Yalotz,34,Male,Canada,2036-01-07
6582,Maria Green,34,Female,India,2036-01-08
6583,Ciro Bauer,29,Male,Canada,2036-01-09
6584,Jonathan Adams,21,Male,India,2036-01-10
6585,Leonard Coblenz,47,Male,Brazil,2036-01-11
6586,Bobby Waksdale,47,Female,UK,2036-01-12
6587,Mike Fernandez,56,Female,India,2036-01-13
6588,Veldon Blakeborough,59,Male,UK,2036-01-14
6589,Carrie Brunda,40,Male,Canada,2036-01-15
6590,Tyler Andrews,47,Female,US,2036-01-16
6591,James Smith,53,Female,India,2036-01-17
6592,Dustin Wilson,55,Male,Germany,2036-01-18
6593,Linda Blasingame,61,Female,Canada,2036-01-19
6594,Roger Shonberg,56,Female,Brazil,2036-01-20
6595,Jed Piquette,58,Male,India,2036-01-21
6596,Michael Torres,30,Male,India,2036-01-22
6597,Dennis Keiser,44,Male,India,2036-01-23
6598,Anita Torres,30,Female,India,2036-01-24
6599,Ian Torri,53,Female,Brazil,2036-01-25
6600,Sarah Sizemore,46,Female,India,2036-01-26
6601,Paul Provencio,38,Female,Germany,2036-01-27
6602,Marilynn Williams,29,Male,Germany,2036-01-28
6603,Monica Kinney,44,Male,Brazil,2036-01-29
6604,Mike Tafoya,42,Female,UK,2036-01-30
6605,Thelma Veregas,44,Male,Germany,2036-01-31
6606,Rosalie Craig,26,Female,US,2036-02-01
6607,Judith Lovell,36,Female,Canada,2036-02-02
6608,William Lile,34,Female,Germany,2036-02-03
6609,Kathy Pereira,61,Male,Germany,2036-02-04
6610,Kathleen Jones,24,Male,UK,2036-02-05
6611,Elizabeth Zuvich,54,Female,India,2036-02-06
6612,Homer Vaughn,44,Male,US,2036-02-07
6613,Danny Arteaga,26,Female,UK,2036-02-08
6614,Shelley Tedrick,62,Male,UK,2036-02-09
6615,Joy Fritz,58,Female,US,2036-02-10
6616,Dorothy Owen,20,Female,India,2036-02-11
6617,Edna Garrett,43,Male,UK,2036-02-12
6618,Rudolph Dillon,26,Male,US,2036-02-13
6619,Pedro Castillo,40,Male,Canada,2036-02-14
6620,Christine McDonald,21,Female,Canada,2036-02-15
6621,James Bowman,37,Male,Brazil,2036-02-16
6622,Elizabeth Horne,33,Male,India,2036-02-17
6623,Inge Vaughn,33,Male,UK,2036-02-18
6624,Mylene Taylor,18,Male,Canada,2036-02-19
6625,Barbara Chan,55,Male,UK,2036-02-20
6626,Harold Cataldo,21,Female,UK,2036-02-21
6627,Lynda Conway,54,Female,Canada,2036-02-22
6628,Gavin Young,53,Female,UK,2036-02-23
6629,Elsie Baltazor,39,Female,India,2036-02-24
6630,Wayne Kulesa,63,Female,Canada,2036-02-25
6631,Harold Marinello,21,Male,Canada,2036-02-26
6632,Johnny Aldridge,34,Female,UK,2036-02-27
6633,Douglas Conkel,27,Male,US,2036-02-28
6634,Janet Carl,37,Female,Canada,2036-02-29
6635,Michael Wright,43,Female,Brazil,2036-03-01
6636,Nathanael Metz,36,Female,Germany,2036-03-02
6637,Florence Bowen,20,Male,UK,2036-03-03
6638,Linda Svoboda,38,Female,UK,2036-03-04
6639,Lynn Pierotti,31,Female,Brazil,2036-03-05
6640,Flossie Rosemont,53,Male,UK,2036-03-06
6641,Aubri Booth,48,Male,US,2036-03-07
6642,James Calouri,64,Male,Brazil,2036-03-08
6643,Kara Vanderlinden,60,Male,UK,2036-03-09
6644,Pamela Howard,44,Female,UK,2036-03-10
6645,Mary Ruth Pina,45,Male,Germany,2036-03-11
6646,Brian Cadotte,41,Female,UK,2036-03-12
6647,Barry Slominski,29,Male,Brazil,2036-03-13
6648,Kimberly Johnson,61,Male,Brazil,2036-03-14
6649,Larry Tuazon,52,Male,Brazil,2036-03-15
6650,Robert Faricy,31,Male,India,2036-03-16
6651,Frances Bennett,36,Female,India,2036-03-17
6652,Rose Brumfiled,29,Male,Brazil,2036-03-18
6653,Clifford Walker,46,Female,Brazil,2036-03-19
6654,Gino Mauney,23,Female,Canada,2036-03-20
6655,Sean Souleyrette,47,Male,UK,2036-03-21
6656,Charles Pearl,58,Male,Brazil,2036-03-22
6657,Linda Fike,26,Male,US,2036-03-23
6658,Mark Caldwell,59,Female,Brazil,2036-03-24
6659,Juanita Aiello,24,Male,Germany,2036-03-25
6660,Ann Howard,42,Male,UK,2036-03-26
6661,Vicki Wood,55,Female,Canada,2036-03-27
6662,Jesse Borowsky,45,Female,Brazil,2036-03-28
6663,Zettie Anderson,57,Male,US,2036-03-29
6664,Pete Baker,40,Female,Brazil,2036-03-30
6665,Karen Chace,42,Female,UK,2036-03-31
6666,Matthew Durocher,47,Male,Germany,2036-04-01
6667,Sarah Jimenez,21,Female,Canada,2036-04-02
6668,Heather Blasinski,26,Female,India,2036-04-03
6669,Jeanne McDill,36,Male,India,2036-04-04
6670,Thomas Adams,36,Female,Germany,2036-04-05
6671,Michelle Lane,56,Male,Germany,2036-04-06
6672,Michael Napier,63,Male,Brazil,2036-04-07
6673,Lydia Herrman,37,Female,US,2036-04-08
6674,Ray Peters,46,Male,India,2036-04-09
6675,Onita Bevan,47,Female,India,2036-04-10
6676,Karen Dean,62,Male,Germany,2036-04-11
6677,Susie Parker,19,Female,India,2036-04-12
6678,Lila Mynoio,54,Male,India,2036-04-13
6679,Melvin Reed,63,Female,India,2036-04-14
6680,William Poh,58,Female,Canada,2036-04-15
6681,William Palmieri,30,Female,UK,2036-04-16
6682,Adrienne Clement,33,Female,India,2036-04-17
6683,Scott Masters,34,Female,US,2036-04-18
6684,Jack Miller,62,Female,India,2036-04-19
6685,Ruth Sturm,52,Male,Canada,2036-04-20
6686,Dana Martin,60,Male,US,2036-04-21
6687,Arthur Stopp,24,Female,Brazil,2036-04-22
6688,David Moss,47,Female,Germany,2036-04-23
6689,Christie Tanner,57,Male,Germany,2036-04-24
6690,Chris Pica,19,Male,Canada,2036-04-25
6691,Rachel Tatom,63,Female,Brazil,2036-04-26
6692,Jack Castillo,52,Female,Brazil,2036-04-27
6693,Rebecca Lindsey,23,Female,Germany,2036-04-28
6694,Gail Pirnie,25,Female,UK,2036-04-29
6695,Joan Busch,49,Male,Canada,2036-04-30
6696,Robert Binkley,56,Male,Brazil,2036-05-01
6697,Vincent Gradishar,42,Male,US,2036-05-02
6698,Singh Solano,60,Male,Germany,2036-05-03
6699,Noel Murphy,59,Female,US,2036-05-04
6700,Lisa Bowman,53,Male,UK,2036-05-05
6701,Loni Sosa,51,Female,Germany,2036-05-06
6702,Ellen Mallozzi,35,Male,Canada,2036-05-07
6703,Joe Chuakay,51,Female,Brazil,2036-05-08
6704,Vandella Bancroft,28,Female,Germany,2036-05-09
6705,Rosemary Dickson,44,Female,Canada,2036-05-10
6706,Deborah Pacioretty,19,Female,UK,2036-05-11
6707,Lenora Cortessis,36,Male,UK,2036-05-12
6708,Mary Jane Razo,18,Male,India,2036-05-13
6709,Richard Deroos,40,Male,India,2036-05-14
6710,Ora Wilson,43,Female,Germany,2036-05-15
6711,Bill Berg,44,Male,India,2036-05-16
6712,Joy Turner,25,Male,Canada,2036-05-17
6713,Jillian Autobee,60,Female,UK,2036-05-18
6714,Vivien Francis,24,Female,Canada,2036-05-19
6715,Lois Griffin,32,Male,Brazil,2036-05-20
6716,Karen Theriault,28,Female,US,2036-05-21
6717,Peter Von Breymann,30,Male,UK,2036-05-22
6718,Felix Kochle,48,Male,UK,2036-05-23
6719,Jeff England,27,Male,India,2036-05-24
6720,Nanette Welsh,49,Male,Brazil,2036-05-25
6721,Roxanne Hughes,18,Female,Germany,2036-05-26
6722,Henry Fielder,28,Male,Canada,2036-05-27
6723,Debbie Young,39,Female,India,2036-05-28
6724,Melissa Pyle,32,Male,US,2036-05-29
6725,John Lenorovitz,28,Male,Brazil,2036-05-30
6726,Kenneth Mayfield,20,Female,US,2036-05-31
6727,Alan Monitor,63,Female,US,2036-06-01
6728,Bonnie Stevens,24,Male,Brazil,2036-06-02
6729,Charles Adler,31,Female,Canada,2036-06-03
6730,Juanita Zanzi,26,Female,India,2036-06-04
6731,Mary York,31,Female,UK,2036-06-05
6732,Cherrie Morgan,58,Female,US,2036-06-06
6733,Roger Nelson,51,Female,India,2036-06-07
6734,Eric Winters,61,Female,Canada,2036-06-08
6735,Claire Villanueva,49,Male,Germany,2036-06-09
6736,Audrey Hoekman,33,Female,Brazil,2036-06-10
6737,Johnny Aldridge,51,Male,UK,2036-06-11
6738,Yolanda Pannell,36,Female,Canada,2036-06-12
6739,Timothy Brady,25,Male,Brazil,2036-06-13
6740,Marilyn Cetnar,28,Male,US,2036-06-14
6741,Karla Holcomb,32,Male,Canada,2036-06-15
6742,Forrest Berg,55,Male,Canada,2036-06-16
6743,Leon Webb,60,Male,Germany,2036-06-17
6744,Clinton Tomlin,60,Male,Canada,2036-06-18
6745,Bernard Maestas,23,Female,UK,2036-06-19
6746,Michael Cornish,20,Male,Canada,2036-06-20
6747,Chad Biederman,47,Male,Brazil,2036-06-21
6748,Vera Emenhiser,35,Male,Brazil,2036-06-22
6749,Lori Folga,41,Male,Germany,2036-06-23
6750,Gavin Young,21,Female,US,2036-06-24
6751,Leonard Alfiank,53,Male,India,2036-06-25
6752,Ted Lebaron,48,Male,US,2036-06-26
6753,Patricia Mrozowski,48,Female,UK,2036-06-27
6754,Cherie Dagnillo,53,Male,UK,2036-06-28
6755,Jill Christie,42,Female,Canada,2036-06-29
6756,Donna Strang,41,Male,US,2036-06-30
6757,Robert James,53,Female,Canada,2036-07-01
6758,Dorine Los Olmos,18,Female,Canada,2036-07-02
6759,Maggie Wilks,52,Female,Canada,2036-07-03
6760,Patsy Misiaszek,44,Female,US,2036-07-04
6761,Jorge Phillips,49,Female,UK,2036-07-05
6762,Mark Hart,27,Male,US,2036-07-06
6763,Jacques Brown,35,Female,Germany,2036-07-07
6764,Frank Brink,51,Male,India,2036-07-08
6765,Jackie Blackwell,44,Male,Brazil,2036-07-09
6766,Ned Tiffany,26,Male,Germany,2036-07-10
6767,Vicky Hackett,43,Female,US,2036-07-11
6768,Anita Stoddard,27,Male,UK,2036-07-12
6769,Clare Lopez,56,Female,Germany,2036-07-13
6770,Therresa Smith,62,Male,UK,2036-07-14
6771,John Brunton,48,Male,UK,2036-07-15
6772,Elvira Carmichael,61,Male,Canada,2036-07-16
6773,Walter Schumaker,37,Male,UK,2036-07-17
6774,Arline Walker,30,Female,India,2036-07-18
6775,Belinda Topping,30,Female,Canada,2036-07-19
6776,Shelley Stumm,18,Female,Canada,2036-07-20
6777,David Barnemam,51,Female,US,2036-07-21
6778,Lauri Stubbs,61,Male,US,2036-07-22
6779,Robert Chew,46,Male,Brazil,2036-07-23
6780,Ermias Fowler,37,Male,Germany,2036-07-24
6781,Linda Chavira,59,Male,UK,2036-07-25
6782,Ramon Brady,37,Female,India,2036-07-26
6783,Beverly Thornlow,56,Female,Germany,2036-07-27
6784,Robert Lazo,39,Female,UK,2036-07-28
6785,Lucy Bewley,56,Female,US,2036-07-29
6786,Josetta Stivers,53,Male,Canada,2036-07-30
6787,Dante Taylor,34,Female,UK,2036-07-31
6788,Anne Silva,41,Male,Germany,2036-08-01
6789,Diana Redmer,49,Male,UK,2036-08-02
6790,Rowan Sayers,45,Female,UK,2036-08-03
6791,Betty Bordenave,41,Female,Brazil,2036-08-04
6792,Wilson Brown,22,Female,UK,2036-08-05
6793,Joyce Cornwell,23,Male,Germany,2036-08-06
6794,Paula Lapierre,24,Female,Canada,2036-08-07
6795,Dalene Crega,49,Male,Brazil,2036-08-08
6796,Rochelle Smith,18,Female,Germany,2036-08-09
6797,Gilma Barton,32,Male,UK,2036-08-10
6798,Mary Becker,25,Male,Germany,2036-08-11
6799,Jeanne Eurich,21,Female,Brazil,2036-08-12
6800,Sherman Parker,52,Female,India,2036-08-13
6801,Merrick McCain,49,Male,UK,2036-08-14
6802,Hezzie Stanley,54,Female,Brazil,2036-08-15
6803,Laura Else,52,Female,Germany,2036-08-16
6804,Marcus Reardon,30,Female,Canada,2036-08-17
6805,Patricia Blevins,58,Female,US,2036-08-18
6806,Sandra Cartwright,38,Female,US,2036-08-19
6807,Mina Gillespie,37,Male,Brazil,2036-08-20
6808,Carie Elliott,47,Male,Germany,2036-08-21
6809,David Wingfield,54,Male,Germany,2036-08-22
6810,Laura Else,39,Male,Brazil,2036-08-23
6811,Ina Hayden,44,Female,Brazil,2036-08-24
6812,Stacy McGuire,45,Female,Brazil,2036-08-25
6813,Deanne Vanderslice,57,Female,India,2036-08-26
6814,Frances Norquist,35,Female,US,2036-08-27
6815,Antamine Veregas,34,Female,US,2036-08-28
6816,Suzanne McNerny,56,Female,Germany,2036-08-29
6817,Billy Chen,41,Male,India,2036-08-30
6818,Jill Shopneck,40,Male,India,2036-08-31
6819,John Andrade,64,Male,India,2036-09-01
6820,Lige Brown,51,Female,UK,2036-09-02
6821,William Sotelo,58,Female,Brazil,2036-09-03
6822,Todd Morgan,57,Female,UK,2036-09-04
6823,Ruth Jones,21,Male,India,2036-09-05
6824,Gregory Wise,19,Female,US,2036-09-06
6825,Joe Tran,49,Female,Canada,2036-09-07
6826,Lori Gigandet,44,Female,Canada,2036-09-08
6827,Richard Dean,24,Female,Canada,2036-09-09
6828,Takiko Collins,31,Male,Germany,2036-09-10
6829,Carl Williams,44,Female,US,2036-09-11
6830,Heidi Weber,31,Female,Canada,2036-09-12
6831,Timothy Genova,42,Female,Germany,2036-09-13
6832,Terry Anderson,42,Male,Germany,2036-09-14
6833,Raymond Claverie,33,Male,Canada,2036-09-15
6834,Ethel Magnuson,43,Female,Canada,2036-09-16
6835,Jerry Mercado,46,Male,Germany,2036-09-17
6836,Lois Barnes,52,Female,India,2036-09-18
6837,Betty Zittel,32,Male,Germany,2036-09-19
6838,Jason VanHarn,47,Female,US,2036-09-20
6839,D. Chao,54,Male,UK,2036-09-21
6840,Dorothy Contreras,53,Female,US,2036-09-22
6841,Pattie Brumfield,42,Male,Canada,2036-09-23
6842,Devin Wilson,26,Male,US,2036-09-24
6843,Martha Wilson,42,Female,Germany,2036-09-25
6844,Marjorie Clark,33,Female,India,2036-09-26
6845,Arline Walker,57,Male,Canada,2036-09-27
6846,Shirley Curtsinger,60,Male,Brazil,2036-09-28
6847,Thomas Rickhoff,58,Male,Canada,2036-09-29
6848,Karen Atkins,30,Female,Canada,2036-09-30
6849,Suzanne Huget,19,Female,US,2036-10-01
6850,Scott Vallente,39,Female,Brazil,2036-10-02
6851,Ruth Vigil,44,Male,UK,2036-10-03
6852,Patricia Roche,63,Female,UK,2036-10-04
6853,Jodi Smith,20,Female,US,2036-10-05
6854,Darleen Purcell,20,Male,US,2036-10-06
6855,Meagan Graham,42,Male,Canada,2036-10-07
6856,Anna Casados,42,Male,US,2036-10-08
6857,Stan Branagh,22,Female,US,2036-10-09
6858,Edwin Kovacs,43,Male,India,2036-10-10
6859,Susan Barela,46,Male,India,2036-10-11
6860,Phillip Verhaeghe,54,Female,India,2036-10-12
6861,Clay Yee,44,Male,Canada,2036-10-13
6862,Vivian Tuttle,18,Male,Brazil,2036-10-14
6863,John Aiello,61,Male,UK,2036-10-15
6864,Andrea Shafer,53,Female,Germany,2036-10-16
6865,Kathy Ashton,36,Male,Germany,2036-10-17
6866,Paul Stolberg,26,Male,Germany,2036-10-18
6867,Daphne OMalley,23,Female,Canada,2036-10-19
6868,Eugene Stewart,57,Male,UK,2036-10-20
6869,Robert Wilson,57,Male,UK,2036-10-21
6870,Mary Hustead,48,Male,Canada,2036-10-22
6871,Alex Montes,50,Male,Brazil,2036-10-23
6872,Diane Chaffin,50,Male,Germany,2036-10-24
6873,Bonnie Martin,57,Male,India,2036-10-25
6874,Michelle Wills,33,Male,Germany,2036-10-26
6875,Teresa Bradshaw,40,Male,Germany,2036-10-27
6876,Aaron Shehorn,18,Female,India,2036-10-28
6877,Julie Gillean,52,Male,US,2036-10-29
6878,Sara Pettengill,20,Male,Brazil,2036-10-30
6879,Diane Zolnay,55,Female,Germany,2036-10-31
6880,David Schmitt,42,Male,UK,2036-11-01
6881,Marie Umali,55,Female,Germany,2036-11-02
6882,Karen Theisen,50,Male,UK,2036-11-03
6883,Jessica Davis,42,Male,UK,2036-11-04
6884,Doug Tipton,40,Female,US,2036-11-05
6885,Margaret Viramontes,30,Female,India,2036-11-06
6886,Shawn Bettinardi,45,Female,Canada,2036-11-07
6887,Thomas Smee,21,Male,India,2036-11-08
6888,Hilary Pomeroy,30,Female,US,2036-11-09
6889,Amy Wood,27,Male,India,2036-11-10
6890,Lee Dawson,48,Male,Brazil,2036-11-11
6891,Ellen Martino,46,Female,UK,2036-11-12
6892,Ian Torri,47,Male,India,2036-11-13
6893,Brenda Proctor,56,Female,India,2036-11-14
6894,Ray Spencer,34,Male,India,2036-11-15
6895,Karlyn Burtis,19,Female,Brazil,2036-11-16
6896,Dian Bennett,59,Male,Germany,2036-11-17
6897,Dora Whittington,45,Female,India,2036-11-18
6898,Elizabeth Pillatzki,24,Female,Germany,2036-11-19
6899,Fira Angle,26,Male,UK,2036-11-20
6900,Ruth Youngers,50,Male,Germany,2036-11-21
6901,Anne Tracey,18,Female,Canada,2036-11-22
6902,Pam Mendez,64,Male,UK,2036-11-23
6903,Frank Davis,30,Female,India,2036-11-24
6904,Anne Arnold,28,Female,Brazil,2036-11-25
6905,James Goodwin,22,Female,Canada,2036-11-26
6906,Vivian Dare,58,Male,Canada,2036-11-27
6907,Michael Clark,43,Male,Brazil,2036-11-28
6908,Bobby Broce,39,Female,US,2036-11-29
6909,Dick Brummer,47,Female,Canada,2036-11-30
6910,Gregory Bullock,50,Female,Germany,2036-12-01
6911,Zoey Malone,34,Female,Canada,2036-12-02
6912,Richard Johnson,31,Male,Brazil,2036-12-03
6913,Elaine Whelan,54,Male,UK,2036-12-04
6914,John Milenic,33,Male,UK,2036-12-05
6915,Russell Perrin,28,Male,Canada,2036-12-06
6916,James Wolf,42,Female,Canada,2036-12-07
6917,Gerald McCombs,36,Female,Brazil,2036-12-08
6918,Ted Wheeler,28,Male,US,2036-12-09
6919,Brett Johnson,64,Male,UK,2036-12-10
6920,Jamie Shaddy,44,Male,US,2036-12-11
6921,Mary Greer,52,Female,India,2036-12-12
6922,Margaret Schans,50,Female,Canada,2036-12-13
6923,Jeanene Chalmers,47,Male,India,2036-12-14
6924,Margaret Garbiso,26,Female,US,2036-12-15
6925,Rosalina Noice,28,Female,UK,2036-12-16
6926,Gary Dumin,38,Male,Brazil,2036-12-17
6927,Shawn Mccall,29,Male,US,2036-12-18
6928,Linda Irick,59,Male,Canada,2036-12-19
6929,Michael Albright,19,Male,UK,2036-12-20
6930,Robert Bartley,55,Male,US,2036-12-21
6931,Gary Dumin,41,Female,Brazil,2036-12-22
6932,James Bartolomei,27,Male,Canada,2036-12-23
6933,William Dixson,32,Female,Brazil,2036-12-24
6934,Lorene Drury,59,Female,US,2036-12-25
6935,Claudia Jost,26,Female,India,2036-12-26
6936,Aaron Keane,60,Female,India,2036-12-27
6937,Elise Mercer,47,Male,India,2036-12-28
6938,Timothy Cook,59,Female,Canada,2036-12-29
6939,Onsby Kirby,61,Female,Germany,2036-12-30
6940,Abbie Carlbon,43,Male,Brazil,2036-12-31
6941,Kathy Ashton,25,Female,Brazil,2037-01-01
6942,Stephen Potter,25,Male,US,2037-01-02
6943,John Karp,20,Male,Brazil,2037-01-03
6944,Robert Ystrom,26,Male,India,2037-01-04
6945,Brandi Barry,39,Female,UK,2037-01-05
6946,Mike Ridolf,21,Female,India,2037-01-06
6947,Jerry Boren,20,Male,UK,2037-01-07
6948,Neva Mitchell,45,Female,Germany,2037-01-08
6949,Debra Baugh,33,Male,US,2037-01-09
6950,Chad Tedford,48,Female,Germany,2037-01-10
6951,Ernie Northcutt,29,Female,India,2037-01-11
6952,Marcus Tilly,55,Male,India,2037-01-12
6953,Jessica Davis,29,Male,Brazil,2037-01-13
6954,Cheryl Martin,59,Male,UK,2037-01-14
6955,Pauline Doerr,33,Male,Brazil,2037-01-15
6956,Andrea Shafer,23,Female,Germany,2037-01-16
6957,Neioa Fray,19,Male,Brazil,2037-01-17
6958,Pete Conley,64,Male,India,2037-01-18
6959,Julian Byrd,20,Female,Brazil,2037-01-19
6960,Ray Carter,62,Female,US,2037-01-20
6961,Leslie Raphael,61,Female,US,2037-01-21
6962,Trinnette Vorndam,55,Male,Brazil,2037-01-22
6963,Edward Skalka,28,Female,Germany,2037-01-23
6964,Jack Showaker,26,Male,Brazil,2037-01-24
6965,Lola Van Zandt,55,Female,Germany,2037-01-25
6966,Nina Medina,45,Male,UK,2037-01-26
6967,Sharon Zani,60,Male,Brazil,2037-01-27
6968,Manuel Aichinger,40,Female,Brazil,2037-01-28
6969,Donna Shelton,53,Male,UK,2037-01-29
6970,Mehrzad Slone,59,Female,India,2037-01-30
6971,Yahia Zdanowicz,44,Male,India,2037-01-31
6972,Jason McDaniel,43,Female,Germany,2037-02-01
6973,Cleo Tatman,57,Female,India,2037-02-02
6974,Dorene Dozier,36,Female,Brazil,2037-02-03
6975,Timothy Genova,64,Male,Germany,2037-02-04
6976,Scott Rizley,40,Female,Brazil,2037-02-05
6977,Abdullah Bybee,58,Female,UK,2037-02-06
6978,Chelsea Newman,32,Male,Canada,2037-02-07
6979,Lois Brindley,61,Male,Canada,2037-02-08
6980,Alice Salazar,44,Female,India,2037-02-09
6981,Sandra Mishler,52,Female,Germany,2037-02-10
6982,Sherman Banks,19,Male,US,2037-02-11
6983,Brian Moore,43,Female,India,2037-02-12
6984,Kevin Adeyanju,48,Female,Brazil,2037-02-13
6985,Harold Montoya,44,Male,Brazil,2037-02-14
6986,William Van Duyn,57,Male,Canada,2037-02-15
6987,Martin Carlston,36,Male,UK,2037-02-16
6988,Evelyn Orazem,60,Male,UK,2037-02-17
6989,Cecilia Laursen,40,Female,Brazil,2037-02-18
6990,Jonathan Sisson,49,Male,Brazil,2037-02-19
6991,Frank Abeyta,38,Male,Germany,2037-02-20
6992,Joshua Branson,62,Male,Brazil,2037-02-21
6993,Edna Dawson,50,Male,Brazil,2037-02-22
6994,Jay Bauer,23,Female,India,2037-02-23
6995,Abbie Carlbon,60,Female,India,2037-02-24
6996,Florence Tabor,64,Female,Canada,2037-02-25
6997,Barbara Travis,20,Male,UK,2037-02-26
6998,Erica Smigowski,22,Female,Germany,2037-02-27
6999,Stephen Burton,34,Female,Brazil,2037-02-28
7000,Richard Miller,55,Female,Canada,2037-03-01
7001,Concetta Steinberg,46,Female,India,2037-03-02
7002,Elena Campbell,32,Male,UK,2037-03-03
7003,Phillip Verhaeghe,55,Female,US,2037-03-04
7004,William Moreschini,32,Male,Brazil,2037-03-05
7005,Bessie Shelton,42,Female,US,2037-03-06
7006,Karel Bates,60,Male,Brazil,2037-03-07
7007,Ana Anselmo,24,Female,US,2037-03-08
7008,Amy Castandeda,28,Female,US,2037-03-09
7009,Sue Ann Walter,53,Female,Germany,2037-03-10
7010,Nicole Gibson,19,Female,Germany,2037-03-11
7011,Marie Veistracten,54,Female,India,2037-03-12
7012,Frances Creech,24,Male,Canada,2037-03-13
7013,Jo Zgeirmann,31,Male,Germany,2037-03-14
7014,Kimberly Bidinost,29,Female,Canada,2037-03-15
7015,Lorence Zastpil,49,Male,India,2037-03-16
7016,Robert Ahlering,57,Male,Brazil,2037-03-17
7017,Angelina Cleland,25,Female,US,2037-03-18
7018,Roger Brantome,33,Female,Brazil,2037-03-19
7019,Joyce Minjarez,21,Female,Brazil,2037-03-20
7020,Mary Crump,53,Female,US,2037-03-21
7021,Jack Parente,24,Female,Canada,2037-03-22
7022,Renee Allen,41,Female,US,2037-03-23
7023,Wesley Hyde,55,Male,Brazil,2037-03-24
7024,Donald Kohl,46,Female,Canada,2037-03-25
7025,Carol Lindsay,64,Female,India,2037-03-26
7026,Andy Schilleroff,34,Female,Canada,2037-03-27
7027,Theresa Verdadero,31,Female,US,2037-03-28
7028,James Barnurn,32,Male,Germany,2037-03-29
7029,Robert Stotka,42,Male,India,2037-03-30
7030,Barbara Calone,30,Female,US,2037-03-31
7031,Shenna Ward,42,Female,India,2037-04-01
7032,Billie Debekker,55,Female,Brazil,2037-04-02
7033,Edith Spurs,55,Male,India,2037-04-03
7034,Gabriel Brennan,49,Female,UK,2037-04-04
7035,Helen Henry,36,Female,Germany,2037-04-05
7036,Dennis Pennington,62,Female,Germany,2037-04-06
7037,Kathy Pereira,32,Female,Canada,2037-04-07
7038,Maya Gutierrez,63,Female,Brazil,2037-04-08
7039,Steven Vigil,55,Male,Germany,2037-04-09
7040,Melissa Ames,63,Female,UK,2037-04-10
7041,Eileen Walker,47,Male,Brazil,2037-04-11
7042,Lloyd Saunders,40,Female,Brazil,2037-04-12
7043,Marybeth Morgan,59,Male,Canada,2037-04-13
7044,Jill Zeid,45,Male,US,2037-04-14
7045,Stephen Guardamondo,54,Female,Germany,2037-04-15
7046,Betty Littrell,40,Male,UK,2037-04-16
7047,Lee Whitcomb,55,Female,Germany,2037-04-17
7048,Carmella Tolle,22,Male,US,2037-04-18
7049,Carol Bell,58,Female,US,2037-04-19
7050,Honey Chavez,43,Male,India,2037-04-20
7051,Gail Wojik,60,Male,Brazil,2037-04-21
7052,Nicholas Smith,25,Male,US,2037-04-22
7053,David Wingfield,29,Female,Germany,2037-04-23
7054,Shirley Esquivel,27,Male,Brazil,2037-04-24
7055,Linda Weber,45,Male,India,2037-04-25
7056,Gaylord Carter,41,Female,UK,2037-04-26
7057,Steven Whitesides,39,Male,Brazil,2037-04-27
7058,James Pearn,25,Female,Brazil,2037-04-28
7059,Marilyn Bowman,56,Male,UK,2037-04-29
7060,Cheryl Thorton,42,Male,Brazil,2037-04-30
7061,Paul Marinelli,47,Male,India,2037-05-01
7062,Joan Poole,64,Male,US,2037-05-02
7063,Alice Zachery,36,Female,India,2037-05-03
7064,Henry Soto,48,Male,Brazil,2037-05-04
7065,Rosalina Zancanaros,48,Female,Germany,2037-05-05
7066,Rena Klinger,43,Female,Brazil,2037-05-06
7067,Masako King,44,Male,UK,2037-05-07
7068,Glen Paul,39,Male,Canada,2037-05-08
7069,Sarah McNamara,59,Female,US,2037-05-09
7070,Gene Cole,25,Female,Brazil,2037-05-10
7071,Lenora Van Ness,33,Male,UK,2037-05-11
7072,James Chandler,18,Male,Germany,2037-05-12
7073,Nathan Eddy,27,Male,Germany,2037-05-13
7074,Kristine Dichey,26,Female,India,2037-05-14
7075,Emily Bostick,42,Female,Brazil,2037-05-15
7076,Courtney Dolzanie,22,Female,US,2037-05-16
7077,Donald Brown,47,Male,Brazil,2037-05-17
7078,Judith Vislosky,33,Female,India,2037-05-18
7079,Megan Browning,20,Male,UK,2037-05-19
7080,Conleth McCann,57,Male,UK,2037-05-20
7081,Angela Cottle,43,Male,Germany,2037-05-21
7082,Angela Bowers,40,Female,Canada,2037-05-22
7083,Joy Romig,38,Male,UK,2037-05-23
7084,Robert Land,33,Female,Brazil,2037-05-24
7085,Linda Thomas,53,Female,Brazil,2037-05-25
7086,Gloria Atencio,62,Male,Germany,2037-05-26
7087,Michael Worland,29,Female,Canada,2037-05-27
7088,Margaret Trujillo,56,Male,India,2037-05-28
7089,Betty Wansink,26,Female,Brazil,2037-05-29
7090,Lori Bellando,47,Female,Brazil,2037-05-30
7091,Sally Mohlenbrok,36,Female,India,2037-05-31
7092,Faye Wilson,50,Male,US,2037-06-01
7093,Markeaus Jur,27,Male,Germany,2037-06-02
7094,Roberto Wise,18,Male,Germany,2037-06-03
7095,Robert Leach,38,Male,Germany,2037-06-04
7096,Michelle Pobrislo,31,Male,Canada,2037-06-05
7097,Sadie Anderson,40,Male,US,2037-06-06
7098,Donna Shutt,29,Male,US,2037-06-07
7099,Karen Walhe,36,Male,UK,2037-06-08
7100,Randall Conyers,45,Male,Canada,2037-06-09
7101,Gerri Norton,52,Male,India,2037-06-10
7102,Sylvia Valdez,57,Male,Germany,2037-06-11
7103,Herb Montano,37,Female,Brazil,2037-06-12
7104,Lucille Beaty,35,Male,Germany,2037-06-13
7105,Barry Pritts,40,Female,US,2037-06-14
7106,Stephen Sheffield,35,Male,India,2037-06-15
7107,Tina Baca,59,Male,India,2037-06-16
7108,Sara Griffin,64,Female,US,2037-06-17
7109,Bernadette Marschang,43,Female,Canada,2037-06-18
7110,Sandra Bittel,29,Female,Brazil,2037-06-19
7111,Nancy Michalski,45,Male,US,2037-06-20
7112,Michael Sowa,54,Female,UK,2037-06-21
7113,Josephine Fair,19,Female,UK,2037-06-22
7114,Verl Kidd,25,Female,Germany,2037-06-23
7115,Leslie McClelland,55,Female,UK,2037-06-24
7116,Jay Bauer,23,Female,UK,2037-06-25
7117,Donna Brooks,26,Male,US,2037-06-26
7118,Frances Whilhite,34,Male,Germany,2037-06-27
7119,Rochelle Cunningham,61,Male,Brazil,2037-06-28
7120,Lisa Bowman,51,Male,Canada,2037-06-29
7121,Katherine Joseph,59,Male,Brazil,2037-06-30
7122,Dan Rafferty,23,Female,India,2037-07-01
7123,Dave Garner,39,Male,Canada,2037-07-02
7124,Thomas Price,43,Female,Germany,2037-07-03
7125,Nina Smith,48,Female,India,2037-07-04
7126,Lydia Garcia,40,Male,Germany,2037-07-05
7127,Ellen Sloan,33,Male,US,2037-07-06
7128,Vena Khong,52,Male,US,2037-07-07
7129,David Wingfield,42,Female,Brazil,2037-07-08
7130,Nica Wall,59,Female,US,2037-07-09
7131,Elizabeth Horne,37,Female,Germany,2037-07-10
7132,Frederick Stanley,60,Male,Germany,2037-07-11
7133,Lisa Roy,57,Female,Canada,2037-07-12
7134,Billy Chen,19,Male,Germany,2037-07-13
7135,Michael Butcher,32,Female,Canada,2037-07-14
7136,Maxwell Amland,31,Male,Germany,2037-07-15
7137,Michael Kochevar,59,Female,US,2037-07-16
7138,Nadine Atencio,38,Female,India,2037-07-17
7139,Eduardo Munoz,27,Male,Germany,2037-07-18
7140,James Ready,33,Male,Canada,2037-07-19
7141,Carolyn Herrera,24,Female,UK,2037-07-20
7142,Christopher Conway,38,Male,US,2037-07-21
7143,Ron Anderson,45,Male,Canada,2037-07-22
7144,Howard King,38,Female,UK,2037-07-23
7145,Karen Baker,36,Female,Brazil,2037-07-24
7146,Mildred Wall,50,Male,Canada,2037-07-25
7147,Michael Besse,57,Female,UK,2037-07-26
7148,Marilyn Dye,31,Male,Germany,2037-07-27
7149,June Ladd,28,Male,Germany,2037-07-28
7150,Florence Bowen,38,Female,Brazil,2037-07-29
7151,Steve Carnes,24,Female,Brazil,2037-07-30
7152,Leigha Van Buskirk,24,Male,India,2037-07-31
7153,Kyle Morris,62,Male,Germany,2037-08-01
7154,John Thomson,48,Female,Canada,2037-08-02
7155,Barbara Schmidt,33,Female,Germany,2037-08-03
7156,Holly Wilson,22,Female,Canada,2037-08-04
7157,Kathy Lopez,35,Male,US,2037-08-05
7158,Francis Moyer,42,Male,US,2037-08-06
7159,Jill Markwood,23,Male,Germany,2037-08-07
7160,Mary Ketchum,63,Male,India,2037-08-08
7161,Carl Bravo,64,Female,Germany,2037-08-09
7162,Joey Knuckles,54,Male,Brazil,2037-08-10
7163,Jinous Gonzales,41,Female,UK,2037-08-11
7164,Timothy Rice,64,Female,UK,2037-08-12
7165,Arthur Vasquez,46,Female,India,2037-08-13
7166,Mark Barr,46,Male,US,2037-08-14
7167,Karin Baca,49,Female,US,2037-08-15
7168,Anthony Byrd,42,Female,UK,2037-08-16
7169,Samuel Nix,19,Female,UK,2037-08-17
7170,Scott Rizley,36,Female,UK,2037-08-18
7171,Janice Belleci,30,Male,US,2037-08-19
7172,Pamela Krow,27,Female,Brazil,2037-08-20
7173,David Robinson,51,Male,US,2037-08-21
7174,Pattie Brumfield,47,Male,US,2037-08-22
7175,Kim Miller,54,Male,Brazil,2037-08-23
7176,Bruce Baker,38,Female,US,2037-08-24
7177,Peggy Justice,42,Male,Brazil,2037-08-25
7178,Phyllis Quintana,62,Female,India,2037-08-26
7179,Beverly Alexander,42,Female,Canada,2037-08-27
7180,Amir Netz,23,Female,India,2037-08-28
7181,Jeannie Diehl,54,Female,US,2037-08-29
7182,Vartan Quintana,32,Female,Brazil,2037-08-30
7183,Kathleen Whitaker,33,Female,Germany,2037-08-31
7184,Kathy Montoya,47,Female,Germany,2037-09-01
7185,Ben Blunt,38,Female,Brazil,2037-09-02
7186,Michelle Rector,57,Male,Canada,2037-09-03
7187,Lucille Rhea,20,Female,US,2037-09-04
7188,Mary Thomas,20,Male,Germany,2037-09-05
7189,Melissa Smith,23,Male,Brazil,2037-09-06
7190,Cynthia Tygielski,42,Male,UK,2037-09-07
7191,Cathey Quintana,61,Female,India,2037-09-08
7192,Rosalina Noice,26,Male,Brazil,2037-09-09
7193,Gia Fries,50,Female,Brazil,2037-09-10
7194,Steven Thompson,27,Male,US,2037-09-11
7195,Earline Spark,45,Female,Canada,2037-09-12
7196,Frank Freeze,23,Female,Brazil,2037-09-13
7197,Daisy Whitney,22,Female,US,2037-09-14
7198,Stephanie Beitler,64,Male,India,2037-09-15
7199,Melissa Marple,22,Male,Germany,2037-09-16
7200,Christopher Young,49,Male,UK,2037-09-17
7201,Judith Karavites,36,Female,India,2037-09-18
7202,Daricia Almasie,35,Male,US,2037-09-19
7203,Nica Wall,61,Female,Brazil,2037-09-20
7204,Corey Zarr,29,Male,Brazil,2037-09-21
7205,Stephen Anderson,56,Male,US,2037-09-22
7206,Sandra Kay Rogers,21,Female,Canada,2037-09-23
7207,Mary Aulick,61,Male,Germany,2037-09-24
7208,Ann Coke,29,Male,Canada,2037-09-25
7209,Billy Duran,25,Female,UK,2037-09-26
7210,Kim Miller,57,Female,UK,2037-09-27
7211,Nellie Tripodi,33,Male,UK,2037-09-28
7212,Lizette Tennis,34,Male,Germany,2037-09-29
7213,Timothy Canyock,34,Male,Brazil,2037-09-30
7214,Sharon Looney,49,Female,Canada,2037-10-01
7215,Joel Carroll,40,Female,Canada,2037-10-02
7216,Lisa Crook,21,Male,UK,2037-10-03
7217,Dorothy Novas,41,Female,Canada,2037-10-04
7218,Shari-Lynn Baulwin,47,Male,Germany,2037-10-05
7219,Michael Steichen,35,Male,India,2037-10-06
7220,Karren Burkhardt,57,Male,Germany,2037-10-07
7221,Lenore McNichols,31,Male,US,2037-10-08
7222,James Gregerson,41,Male,India,2037-10-09
7223,Richard Bolstad,18,Male,UK,2037-10-10
7224,Mary Deeds,62,Male,Brazil,2037-10-11
7225,Ralph Mccoy,45,Female,UK,2037-10-12
7226,Terrence Lloyd,23,Male,India,2037-10-13
7227,Rachel Stanley,45,Male,UK,2037-10-14
7228,Sepideh Cruz,40,Female,Canada,2037-10-15
7229,Yahia Zdanowicz,52,Male,UK,2037-10-16
7230,Joanne Franklin,59,Female,Canada,2037-10-17
7231,Donald Abston,30,Female,Brazil,2037-10-18
7232,Dora Gallardo,26,Female,Germany,2037-10-19
7233,Linda Whitten,41,Female,Canada,2037-10-20
7234,Janine Bieri,62,Female,UK,2037-10-21
7235,Tom McGough,43,Female,Canada,2037-10-22
7236,Susan Row,31,Male,Brazil,2037-10-23
7237,Rita Polley,34,Male,Canada,2037-10-24
7238,"M. Doyle Butler, Jr.",54,Female,UK,2037-10-25
7239,Helen Eades,62,Female,US,2037-10-26
7240,Michael Houser,32,Male,US,2037-10-27
7241,Patrick Magenheimer,29,Male,Brazil,2037-10-28
7242,Norma Campbell,60,Female,Canada,2037-10-29
7243,Phil Burns,31,Male,India,2037-10-30
7244,Harold Givens,58,Female,UK,2037-10-31
7245,Donna Lord,30,Male,India,2037-11-01
7246,Edward Keith,63,Male,Germany,2037-11-02
7247,Irvin Setzer,31,Male,India,2037-11-03
7248,Helen Laing,44,Female,Brazil,2037-11-04
7249,Paul Spivey,25,Male,US,2037-11-05
7250,Carol Flynn,38,Female,Germany,2037-11-06
7251,Jeffry Rosa,58,Female,US,2037-11-07
7252,Dorothy Ahmari,44,Female,Canada,2037-11-08
7253,Bruce McDonnell,32,Male,Brazil,2037-11-09
7254,Sally Hollinshed,34,Male,Germany,2037-11-10
7255,Paul Burmeister,59,Female,Germany,2037-11-11
7256,Aurelia Olguin,24,Female,Canada,2037-11-12
7257,Joan Rummell,53,Male,UK,2037-11-13
7258,Meris Snodgrass,61,Female,US,2037-11-14
7259,Larry Meek,45,Male,Canada,2037-11-15
7260,Joyce Affleck,30,Male,US,2037-11-16
7261,Anthony Baldwin,56,Male,US,2037-11-17
7262,Sue Hyland,50,Female,Brazil,2037-11-18
7263,Frederick Ambriz,55,Male,UK,2037-11-19
7264,Norma Barrera,39,Female,UK,2037-11-20
7265,Tara Chung,38,Female,Brazil,2037-11-21
7266,James Wright,38,Male,Brazil,2037-11-22
7267,Lena Davis,19,Male,UK,2037-11-23
7268,Christopher Young,48,Female,Germany,2037-11-24
7269,Dianne Viger,37,Male,Brazil,2037-11-25
7270,Jerry Steffen,61,Female,Canada,2037-11-26
7271,Kit Austen,49,Male,Germany,2037-11-27
7272,Frederick Neill,20,Female,India,2037-11-28
7273,Siobhan Whyte,44,Female,UK,2037-11-29
7274,Manuel Quesada,53,Female,India,2037-11-30
7275,Coletta Longstreet,39,Female,India,2037-12-01
7276,David Ziegelman,18,Female,US,2037-12-02
7277,Jeff Hampton,52,Male,UK,2037-12-03
7278,Frances Kelly,41,Male,Germany,2037-12-04
7279,Gary Balestrery,38,Male,US,2037-12-05
7280,Bill Wroe,18,Female,Brazil,2037-12-06
7281,Frank Ross,53,Female,Canada,2037-12-07
7282,George McGee,37,Female,Canada,2037-12-08
7283,Frank Darrell,43,Male,UK,2037-12-09
7284,Michael Butcher,26,Male,Brazil,2037-12-10
7285,Judy Lundahl,57,Female,Canada,2037-12-11
7286,John Wieser,40,Male,UK,2037-12-12
7287,Wanda Denecia,40,Male,India,2037-12-13
7288,Janice King,26,Female,Canada,2037-12-14
7289,Richard Watson,63,Male,UK,2037-12-15
7290,Michael Spence,57,Female,UK,2037-12-16
7291,Russell Brice,36,Female,Brazil,2037-12-17
7292,George Heggen,37,Male,Canada,2037-12-18
7293,Clare Clark,58,Female,India,2037-12-19
7294,April Blackwood,55,Female,UK,2037-12-20
7295,Lindley Riley,19,Female,Canada,2037-12-21
7296,Connie Preece,55,Male,Canada,2037-12-22
7297,Melvyn Kochevar,31,Female,Germany,2037-12-23
7298,Greta Trujillo,51,Female,US,2037-12-24
7299,Clare Clark,60,Female,UK,2037-12-25
7300,Betty Littrell,62,Female,UK,2037-12-26
7301,Joanne Bettinger,57,Female,Canada,2037-12-27
7302,T. Claire Baxter,58,Male,Germany,2037-12-28
7303,Chong-jean Jordan,41,Male,UK,2037-12-29
7304,Arlen Pearce,33,Female,India,2037-12-30
7305,Cheri Ellis,42,Male,Brazil,2037-12-31
7306,Vincent Gradishar,24,Male,UK,2038-01-01
7307,Elsie Maggart,19,Female,India,2038-01-02
7308,Vicki Dawson,38,Female,US,2038-01-03
7309,Geneva Pacheco,40,Female,US,2038-01-04
7310,William Collins,50,Male,India,2038-01-05
7311,Ian Torri,57,Male,Canada,2038-01-06
7312,Catherine Maes,57,Male,US,2038-01-07
7313,James Leopard,61,Female,US,2038-01-08
7314,Judith Wilson,38,Male,India,2038-01-09
7315,Jane Filler,50,Female,Brazil,2038-01-10
7316,Huie Nook Yen Brydonejack,19,Male,Brazil,2038-01-11
7317,Karen Laut,58,Female,UK,2038-01-12
7318,Brenda Loeffelbein,24,Male,Germany,2038-01-13
7319,Richard Vansdal,26,Male,Germany,2038-01-14
7320,Heather Sanchez,49,Female,Canada,2038-01-15
7321,Isabel Smith,63,Male,Canada,2038-01-16
7322,Kenneth Thomas,38,Male,Brazil,2038-01-17
7323,Linda Ventura,49,Male,Canada,2038-01-18
7324,Doris Stogner,44,Female,Canada,2038-01-19
7325,Ariana Miles,53,Female,Brazil,2038-01-20
7326,Julie Dunn,27,Male,India,2038-01-21
7327,Shirley Stolow,58,Male,UK,2038-01-22
7328,Janice Rueda,45,Male,US,2038-01-23
7329,William Chaney,49,Male,UK,2038-01-24
7330,Grace Vallis,25,Female,Brazil,2038-01-25
7331,Dorothy Steingraf,27,Male,US,2038-01-26
7332,Gloria Querengasser,60,Female,Germany,2038-01-27
7333,Timothy Canyock,60,Female,Germany,2038-01-28
7334,Lorraine Tellez,35,Female,India,2038-01-29
7335,Tina Perko,38,Female,UK,2038-01-30
7336,Irene Hernandez,44,Female,US,2038-01-31
7337,Donna Suttich,44,Female,Brazil,2038-02-01
7338,Michael Bill,46,Male,Germany,2038-02-02
7339,Joseph Feeney,28,Male,UK,2038-02-03
7340,David Realino,34,Female,UK,2038-02-04
7341,John Cammack,54,Male,India,2038-02-05
7342,Judith Martinez,50,Female,India,2038-02-06
7343,Donna Speigel,56,Female,Germany,2038-02-07
7344,Susan Tracey,40,Female,Canada,2038-02-08
7345,Shirley Niedjahski,27,Female,Brazil,2038-02-09
7346,Rebecca Lund,51,Female,Germany,2038-02-10
7347,Joseph Mitzner,22,Male,India,2038-02-11
7348,Vicki Carstensen,50,Female,US,2038-02-12
7349,Ann Gaya,61,Female,US,2038-02-13
7350,Elisabeth Stogner,37,Female,UK,2038-02-14
7351,Kay Burch,19,Male,Brazil,2038-02-15
7352,Cheryl Lancaster,47,Male,Canada,2038-02-16
7353,George Torres,57,Male,UK,2038-02-17
7354,Linda McMurray,30,Male,Germany,2038-02-18
7355,James Maul,26,Male,India,2038-02-19
7356,Roberta Siri,35,Female,India,2038-02-20
7357,Faye Gulick,20,Female,Brazil,2038-02-21
7358,Kathleen Sgambati,49,Male,Germany,2038-02-22
7359,Joann Mramor,37,Male,UK,2038-02-23
7360,Julie Jackson,24,Male,India,2038-02-24
7361,Elizabeth Peoples,35,Male,Brazil,2038-02-25
7362,Douglas Wood,29,Male,Germany,2038-02-26
7363,Muriel Sumner,31,Female,Brazil,2038-02-27
7364,Dirk Bruno,62,Female,Germany,2038-02-28
7365,John Moody,62,Female,Germany,2038-03-01
7366,Russell Aldred,46,Female,Germany,2038-03-02
7367,Joan Waterman,23,Male,India,2038-03-03
7368,Mary Davidson,47,Male,Brazil,2038-03-04
7369,Ian Skarr,29,Male,Canada,2038-03-05
7370,Sarah Burriss,29,Male,US,2038-03-06
7371,Bernard Maestas,42,Female,US,2038-03-07
7372,Kimberly Ketchum,43,Female,Germany,2038-03-08
7373,Ralph Butler,39,Male,India,2038-03-09
7374,Anamarie Chew,53,Male,Brazil,2038-03-10
7375,Kevin Mlincek,36,Female,Germany,2038-03-11
7376,David Zimmerman,53,Male,US,2038-03-12
7377,Merav Netz,41,Male,US,2038-03-13
7378,Harold Cottles,64,Female,Germany,2038-03-14
7379,Clay Tremblay,43,Female,Germany,2038-03-15
7380,Katherine Wallin,36,Female,Canada,2038-03-16
7381,Elinor Stanis,57,Female,Canada,2038-03-17
7382,Daniel Boriskin,54,Female,Brazil,2038-03-18
7383,Reiko Vasquez,57,Female,Germany,2038-03-19
7384,Nichole Jenkins,57,Female,Brazil,2038-03-20
7385,Carol Lindsay,57,Male,India,2038-03-21
7386,Lenora Van Ness,25,Female,India,2038-03-22
7387,Gregory Hollowell,27,Female,Germany,2038-03-23
7388,Matthew Hunter,24,Female,US,2038-03-24
7389,Sharon Parcher,43,Female,India,2038-03-25
7390,Michele Stultz,29,Female,Canada,2038-03-26
7391,Barbara Warner,62,Female,Germany,2038-03-27
7392,Jennifer Spindler,31,Female,UK,2038-03-28
7393,Ezra Palmieri,52,Female,Canada,2038-03-29
7394,Danielle Miller,44,Female,US,2038-03-30
7395,Earl Triemer,47,Female,India,2038-03-31
7396,Burnis Biltoft,55,Female,Canada,2038-04-01
7397,Richard Dean,48,Female,Brazil,2038-04-02
7398,Lynn Campbell,49,Female,India,2038-04-03
7399,Betty Rollins,61,Female,US,2038-04-04
7400,Ralph Borrillo,61,Male,Germany,2038-04-05
7401,Joyce Affleck,37,Female,US,2038-04-06
7402,Aleah Ruybalid,46,Male,UK,2038-04-07
7403,Arlene Mizer,22,Female,US,2038-04-08
7404,Maria Sanchez,48,Male,Brazil,2038-04-09
7405,Michelle Casaus,21,Female,India,2038-04-10
7406,Elsie Maggart,39,Female,UK,2038-04-11
7407,Edward Bruce,27,Female,India,2038-04-12
7408,John Tucker,22,Female,Brazil,2038-04-13
7409,Mario Crittenden,38,Female,US,2038-04-14
7410,Sandra Merrick,61,Male,Canada,2038-04-15
7411,George Coleman,37,Female,UK,2038-04-16
7412,Lois Wood,58,Female,India,2038-04-17
7413,John Cammack,22,Female,UK,2038-04-18
7414,Lisa Murphy,62,Female,Germany,2038-04-19
7415,Steve DeBry,19,Male,Brazil,2038-04-20
7416,Janelle Nzwonkwelle,43,Male,US,2038-04-21
7417,Richard Gann,39,Male,Canada,2038-04-22
7418,Thomas Wiseman,21,Male,Canada,2038-04-23
7419,Lisa Stallings,38,Female,UK,2038-04-24
7420,Browl Swinford,43,Female,Brazil,2038-04-25
7421,Kathleen Winter,45,Male,India,2038-04-26
7422,Maria Smith,50,Female,UK,2038-04-27
7423,Louella Blakely,40,Male,US,2038-04-28
7424,Clifford Walker,44,Male,Canada,2038-04-29
7425,Peter Beaubien,26,Male,Germany,2038-04-30
7426,Karen Theisen,63,Female,Germany,2038-05-01
7427,Maria Holman,22,Female,US,2038-05-02
7428,Georgia Dondzila,22,Female,India,2038-05-03
7429,Lester Dooley,27,Male,UK,2038-05-04
7430,Penny Ross,43,Female,US,2038-05-05
7431,Dorothy Carroll,48,Female,Canada,2038-05-06
7432,William Chaney,40,Female,India,2038-05-07
7433,Anthony Domenico,20,Male,Germany,2038-05-08
7434,Hazel Walker,35,Male,US,2038-05-09
7435,Anita Stoddard,62,Female,US,2038-05-10
7436,Harriet Brooks,46,Female,US,2038-05-11
7437,Jorge Boettjer,30,Male,Germany,2038-05-12
7438,Martha Brooks,19,Female,US,2038-05-13
7439,Lola Ferris,32,Female,Germany,2038-05-14
7440,Cheryl Blockie,48,Male,Germany,2038-05-15
7441,Michael Baldwin,24,Female,US,2038-05-16
7442,Melody Bancroft,53,Male,US,2038-05-17
7443,Anthony Domenico,48,Male,UK,2038-05-18
7444,Claudette Cabrera,27,Female,India,2038-05-19
7445,Ruth Addington,27,Female,Canada,2038-05-20
7446,Virginia Craycraft,48,Male,UK,2038-05-21
7447,Loretta Allen,58,Female,Germany,2038-05-22
7448,Michael Gates,27,Male,US,2038-05-23
7449,Cathy Sipsy,26,Female,Germany,2038-05-24
7450,Tyler Voerge,21,Male,Canada,2038-05-25
7451,Gary Schatz,53,Female,US,2038-05-26
7452,Christine Waddle,49,Female,India,2038-05-27
7453,Geneva Bustamante,57,Male,UK,2038-05-28
7454,Linda Thomas,53,Male,UK,2038-05-29
7455,Eleanor Pruitt,35,Female,Germany,2038-05-30
7456,Ginny Hughes,23,Female,UK,2038-05-31
7457,Mattie Sievers,51,Male,UK,2038-06-01
7458,Sonja Anderson,42,Male,India,2038-06-02
7459,Janice White,55,Male,Brazil,2038-06-03
7460,George Willmott,60,Female,Germany,2038-06-04
7461,Dolores Thorn,51,Female,Germany,2038-06-05
7462,Connie Chauvin,58,Female,US,2038-06-06
7463,Suzanne Allen,44,Male,US,2038-06-07
7464,Isabella Palumbo,58,Female,US,2038-06-08
7465,Celia Haug,25,Male,US,2038-06-09
7466,Lauren Brandolino,27,Male,US,2038-06-10
7467,Bonnie Smith,49,Male,Brazil,2038-06-11
7468,Michael Wagner,44,Male,UK,2038-06-12
7469,Richard Burke,32,Female,Brazil,2038-06-13
7470,Karissa Faust,28,Male,US,2038-06-14
7471,Randall Conyers,62,Female,US,2038-06-15
7472,Chase Dysart,33,Female,Canada,2038-06-16
7473,Gary Suess,31,Female,US,2038-06-17
7474,Beth Carr,52,Male,US,2038-06-18
7475,Josephine Allen,18,Female,US,2038-06-19
7476,David Mcintire,58,Male,Germany,2038-06-20
7477,Kathleen Clark,49,Female,US,2038-06-21
7478,Dorothy Adams,40,Female,US,2038-06-22
7479,Freddie Stephens,30,Female,India,2038-06-23
7480,Katherine Swint,42,Male,Brazil,2038-06-24
7481,John Davis,58,Male,US,2038-06-25
7482,Kathleen Roybal,21,Female,Germany,2038-06-26
7483,Nicholas Krapfl,50,Male,Brazil,2038-06-27
7484,Margaret Senter,34,Female,Brazil,2038-06-28
7485,Harold Cottles,29,Male,Germany,2038-06-29
7486,Doug Graham,46,Male,Canada,2038-06-30
7487,Ana Wristen,47,Male,US,2038-07-01
7488,Dorothy Barry,59,Male,Brazil,2038-07-02
7489,Peggy Utne,43,Female,Brazil,2038-07-03
7490,Edward Buensalido,37,Female,UK,2038-07-04
7491,Kirk Keyser,38,Female,Germany,2038-07-05
7492,Mimi Springer,19,Female,UK,2038-07-06
7493,M. Stephen Knox,42,Female,Brazil,2038-07-07
7494,David Gavlick,53,Female,Germany,2038-07-08
7495,Leslie Urias,26,Female,India,2038-07-09
7496,Mary Ballantine,34,Female,Germany,2038-07-10
7497,Patrick Tackett,62,Female,Brazil,2038-07-11
7498,Betty Burgin,25,Male,Canada,2038-07-12
7499,Michael Kouba,48,Male,Brazil,2038-07-13
7500,Felicidad Hart,60,Female,Germany,2038-07-14
7501,Rina Pargman,18,Female,Brazil,2038-07-15
7502,Scott Bubb,44,Female,Brazil,2038-07-16
7503,Sandra Hicks,43,Female,UK,2038-07-17
7504,Nancy Moyer,62,Female,Germany,2038-07-18
7505,William Smith,20,Male,UK,2038-07-19
7506,Robert Brown,26,Female,US,2038-07-20
7507,Tokio Stobber,25,Male,India,2038-07-21
7508,Mary Hurley,33,Male,Brazil,2038-07-22
7509,Geneva Pacheco,49,Male,Germany,2038-07-23
7510,Thomas Hayes,47,Female,Canada,2038-07-24
7511,Jerome Lane,63,Female,India,2038-07-25
7512,David Newsome,47,Male,India,2038-07-26
7513,Annette Von Strahl,39,Female,Germany,2038-07-27
7514,Marilyn Medina,57,Male,Germany,2038-07-28
7515,Jim Snow,44,Female,Germany,2038-07-29
7516,Kindra Vernon,46,Female,Germany,2038-07-30
7517,Hally Stephens,58,Female,US,2038-07-31
7518,Tim Riffe,45,Female,US,2038-08-01
7519,Peggy Justice,48,Female,US,2038-08-02
7520,Ben Avis,37,Male,UK,2038-08-03
7521,Logan Verrips,24,Female,Canada,2038-08-04
7522,Gertrude Fults,63,Male,US,2038-08-05
7523,Mike Berdahl,22,Male,Brazil,2038-08-06
7524,Cathy Vine,56,Male,US,2038-08-07
7525,Mark Burton,43,Female,India,2038-08-08
7526,Jeffrey Baker,55,Male,US,2038-08-09
7527,Michael St. Peter,31,Male,UK,2038-08-10
7528,Mabel McCullough,55,Male,UK,2038-08-11
7529,Bruce McDonnell,23,Female,India,2038-08-12
7530,Joseph Gallagher,20,Male,UK,2038-08-13
7531,Ann Perez,57,Female,Brazil,2038-08-14
7532,Darleen Schranz,63,Male,Brazil,2038-08-15
7533,Kimberly Squires,20,Male,US,2038-08-16
7534,Wendy Moore,56,Male,Germany,2038-08-17
7535,Daniel Ryder,22,Male,India,2038-08-18
7536,Harriet Cabezzaslacayo,49,Female,Germany,2038-08-19
7537,Gordon Dorenkamp,40,Female,US,2038-08-20
7538,Dennis Castro,26,Female,India,2038-08-21
7539,William Vicknair,57,Male,Canada,2038-08-22
7540,Fred Estorgia,56,Female,India,2038-08-23
7541,Linda Reed,20,Male,Canada,2038-08-24
7542,Richard Duncan,35,Male,Germany,2038-08-25
7543,Justin Tofield,36,Female,Canada,2038-08-26
7544,Ron Bratek,59,Male,US,2038-08-27
7545,Beverly Christensen,25,Male,Germany,2038-08-28
7546,Shaneen Bouvier,41,Male,India,2038-08-29
7547,Michael Odor,64,Female,Germany,2038-08-30
7548,Anna Kassian,26,Female,UK,2038-08-31
7549,Ann Coke,51,Male,Germany,2038-09-01
7550,Mildred House,47,Female,US,2038-09-02
7551,Kathy Loyer,26,Female,India,2038-09-03
7552,Carolyn Walters,28,Male,Brazil,2038-09-04
7553,Jill Zeid,21,Male,Brazil,2038-09-05
7554,Henry Whisten,53,Female,Brazil,2038-09-06
7555,Elizabeth Adkins,19,Female,Canada,2038-09-07
7556,Donna McConnell,55,Female,Germany,2038-09-08
7557,Susan Papir,38,Female,UK,2038-09-09
7558,Affie Harmon,42,Male,Germany,2038-09-10
7559,Alvin Maddalena,50,Male,Germany,2038-09-11
7560,Tina Wood,55,Female,UK,2038-09-12
7561,Twanna Evans,39,Female,Canada,2038-09-13
7562,Carol Ann Rockne,44,Male,Brazil,2038-09-14
7563,Kendra Thompson,59,Male,Brazil,2038-09-15
7564,Peter Beaubien,29,Female,Germany,2038-09-16
7565,Gina Ciochon,29,Male,Brazil,2038-09-17
7566,Felix Kochle,62,Male,Brazil,2038-09-18
7567,Vince Fisher,53,Male,Germany,2038-09-19
7568,Gladys Pursley,34,Male,Brazil,2038-09-20
7569,Todd Little,55,Female,Brazil,2038-09-21
7570,Olive Magan,42,Male,Canada,2038-09-22
7571,Rebecca Taylor,34,Male,Canada,2038-09-23
7572,Efraim Ellis,62,Female,Canada,2038-09-24
7573,Monique Ryan,48,Male,India,2038-09-25
7574,James Fellows,43,Male,Brazil,2038-09-26
7575,Dee Fishburn,32,Male,US,2038-09-27
7576,Birdie Hatter,47,Male,Canada,2038-09-28
7577,Tina Yray,56,Female,Brazil,2038-09-29
7578,Casilda Walker,30,Female,UK,2038-09-30
7579,Myles Martinez,56,Male,US,2038-10-01
7580,Andy Schilleroff,52,Female,Brazil,2038-10-02
7581,Robert Bishop,21,Male,US,2038-10-03
7582,Richard Owens,19,Male,UK,2038-10-04
7583,Ken Rosemont,32,Female,Canada,2038-10-05
7584,Gayesandra Clark,26,Female,Canada,2038-10-06
7585,Barbara Hill,60,Male,US,2038-10-07
7586,Billilyn Whitmer,60,Male,UK,2038-10-08
7587,Katie Reder,60,Male,Canada,2038-10-09
7588,Cathy Norwood,54,Male,Canada,2038-10-10
7589,Peggy Aubrecht,21,Male,UK,2038-10-11
7590,Luann Crawford,18,Female,India,2038-10-12
7591,John Donovan,48,Female,Canada,2038-10-13
7592,Jolene Sukh,22,Male,UK,2038-10-14
7593,Kit Taylor,49,Male,US,2038-10-15
7594,Sharon Lynn,63,Male,Canada,2038-10-16
7595,Nancy Frost,39,Male,Brazil,2038-10-17
7596,Jeanne Corsentino,45,Male,Germany,2038-10-18
7597,David Salem,56,Male,India,2038-10-19
7598,Curtis Howard,35,Female,India,2038-10-20
7599,Monteze Bailey,31,Female,Germany,2038-10-21
7600,Carolyn Tancredy,63,Female,US,2038-10-22
7601,Dennis Burbige,24,Male,Canada,2038-10-23
7602,Wayne Sultani,48,Female,Canada,2038-10-24
7603,Julia Carver,57,Female,US,2038-10-25
7604,Jody Craft,31,Male,Brazil,2038-10-26
7605,Judith Smith,37,Male,Germany,2038-10-27
7606,Marlene Bolden,33,Female,Germany,2038-10-28
7607,Joseph Anderson,64,Male,UK,2038-10-29
7608,Donald Abston,29,Male,US,2038-10-30
7609,Elaine Martinez,26,Male,UK,2038-10-31
7610,Colene Greenly,20,Female,UK,2038-11-01
7611,Florentius Bass,62,Male,India,2038-11-02
7612,Tara Pfotenhauer,29,Female,Germany,2038-11-03
7613,Glen Alexander,28,Male,Canada,2038-11-04
7614,Mary Rouke,45,Female,Brazil,2038-11-05
7615,J. Ewing,30,Female,Brazil,2038-11-06
7616,Connie Cammon,40,Male,Germany,2038-11-07
7617,Doris Gettler,20,Female,Canada,2038-11-08
7618,Elizabeth Horne,23,Female,UK,2038-11-09
7619,Cassandra Yazdani,26,Male,UK,2038-11-10
7620,Melvin Mendoza,42,Male,Germany,2038-11-11
7621,Lee Millet,61,Female,Canada,2038-11-12
7622,Bernard Thompson,55,Female,India,2038-11-13
7623,Stanley Boston,23,Male,Brazil,2038-11-14
7624,Daniel Boriskin,28,Male,US,2038-11-15
7625,Dorothy Baird,50,Male,Canada,2038-11-16
7626,Melissa Wheeler,58,Male,US,2038-11-17
7627,Kathleen Henderson,63,Female,Brazil,2038-11-18
7628,Christine Wilson,40,Male,India,2038-11-19
7629,David Brinkd,58,Female,US,2038-11-20
7630,Sheila Garcia,25,Male,Germany,2038-11-21
7631,Melissa Colby,19,Female,UK,2038-11-22
7632,Janice Sondag,59,Male,India,2038-11-23
7633,Ellen Martino,34,Male,India,2038-11-24
7634,Nadine Moon,24,Female,Germany,2038-11-25
7635,Marilyn Stroup,49,Male,Canada,2038-11-26
7636,Kyndra Wilkinson,46,Female,Germany,2038-11-27
7637,Ella Worth,33,Male,Brazil,2038-11-28
7638,Julia Kramer,48,Female,India,2038-11-29
7639,Marjory Mcgee,21,Female,Brazil,2038-11-30
7640,Barbara Hilliard,52,Female,US,2038-12-01
7641,Margaret Browning,55,Female,Canada,2038-12-02
7642,Connie Shoemaker,48,Female,US,2038-12-03
7643,Samuel Tatarowicz,64,Male,US,2038-12-04
7644,C. James Gillespie,50,Male,India,2038-12-05
7645,Susan Schulze,18,Male,India,2038-12-06
7646,James Roybal,40,Female,Germany,2038-12-07
7647,April Gleason,20,Female,Germany,2038-12-08
7648,Sara Trachtenberg,34,Male,US,2038-12-09
7649,Anita Greer,41,Male,UK,2038-12-10
7650,Clifford Lesturgeon,51,Female,Brazil,2038-12-11
7651,Paul Mills,21,Male,US,2038-12-12
7652,Edna Benson,63,Female,US,2038-12-13
7653,Sheryl Wolters,24,Female,UK,2038-12-14
7654,Sean Valdez,41,Male,US,2038-12-15
7655,Nicky Chesnut,27,Female,India,2038-12-16
7656,Shany Starr,57,Male,Canada,2038-12-17
7657,Kathryn Anaya,18,Female,UK,2038-12-18
7658,Megan Myers,63,Male,US,2038-12-19
7659,Deborah Leyba,29,Male,India,2038-12-20
7660,Margret Perez,35,Female,Germany,2038-12-21
7661,Jerome Clyne,32,Female,UK,2038-12-22
7662,Ann Pearce,34,Female,Germany,2038-12-23
7663,Christine Waddle,57,Male,US,2038-12-24
7664,Mary Carroll,18,Female,Brazil,2038-12-25
7665,Claudia Jost,25,Male,Canada,2038-12-26
7666,Gery Scott,28,Male,India,2038-12-27
7667,Pete Roberts,32,Male,UK,2038-12-28
7668,David Stockham,60,Female,Canada,2038-12-29
7669,Kimberly Ketchum,58,Male,Canada,2038-12-30
7670,Gloria Wilson,39,Male,Brazil,2038-12-31
7671,Daricia Almasie,60,Male,India,2039-01-01
7672,Dolores Preston,56,Female,Brazil,2039-01-02
7673,Rachel Tatom,33,Female,UK,2039-01-03
7674,Robert Bains,57,Male,UK,2039-01-04
7675,Marguerite Hunt,35,Male,India,2039-01-05
7676,Jeffrey Strauch,54,Male,Germany,2039-01-06
7677,Zettie Anderson,28,Male,Canada,2039-01-07
7678,Cindy Dodd,33,Male,UK,2039-01-08
7679,David Quintana,51,Female,US,2039-01-09
7680,Bertram Klopfer,27,Male,US,2039-01-10
7681,Charles Flick,56,Female,India,2039-01-11
7682,Michele Zocchi,27,Female,UK,2039-01-12
7683,Jesse Carpio,45,Female,Brazil,2039-01-13
7684,Courtney Dolzanie,21,Male,Brazil,2039-01-14
7685,Kerri Mondragon,40,Female,US,2039-01-15
7686,Crystal Gimblin,27,Male,Canada,2039-01-16
7687,Louis Boydstun,23,Female,Germany,2039-01-17
7688,Particia Whitehead,20,Male,UK,2039-01-18
7689,Margaret Holobaugh,32,Female,UK,2039-01-19
7690,Gary Todd,34,Male,Canada,2039-01-20
7691,Kay Burch,37,Male,India,2039-01-21
7692,Anne Manolis,31,Male,Brazil,2039-01-22
7693,Inez Martinez,27,Female,Canada,2039-01-23
7694,Kim Chan,35,Female,US,2039-01-24
7695,Roland Aguilar,55,Male,Canada,2039-01-25
7696,Mary Burmeister,42,Male,Canada,2039-01-26
7697,Tracy Carvello,35,Male,Canada,2039-01-27
7698,Vivian Mendoza,52,Female,Germany,2039-01-28
7699,Monika Elliott,46,Male,US,2039-01-29
7700,Foster Detwiler,23,Female,India,2039-01-30
7701,Beverly Baker,45,Female,Germany,2039-01-31
7702,Alvin Maddalena,39,Female,UK,2039-02-01
7703,Karen Lujan,48,Male,UK,2039-02-02
7704,Kenneth Bolles,22,Male,India,2039-02-03
7705,Virginia Stanford,34,Female,UK,2039-02-04
7706,Doug Thruman,54,Male,Germany,2039-02-05
7707,Judy Owens,48,Male,US,2039-02-06
7708,Sanford Lutz,56,Male,Germany,2039-02-07
7709,Robert Grabow,44,Female,US,2039-02-08
7710,Rebecca Ujdur,64,Male,India,2039-02-09
7711,Donna Weisinger,44,Female,India,2039-02-10
7712,Gary Gonzales,51,Male,Germany,2039-02-11
7713,Martha Mapes,36,Male,Germany,2039-02-12
7714,Joanne Atkinson,52,Female,US,2039-02-13
7715,Paula Taylor,49,Female,US,2039-02-14
7716,Mary Hurley,27,Male,Brazil,2039-02-15
7717,Marilyn Jarratt,45,Male,Canada,2039-02-16
7718,Patti Zimmerman,61,Female,India,2039-02-17
7719,Karen Beltrame,32,Male,Brazil,2039-02-18
7720,Annette Woodward,35,Male,Canada,2039-02-19
7721,Thomas Price,47,Male,India,2039-02-20
7722,Margaret Allison,25,Male,US,2039-02-21
7723,Jean Jersin,19,Male,US,2039-02-22
7724,Michael Trujillo,33,Female,UK,2039-02-23
7725,Janet Gilliat,29,Male,UK,2039-02-24
7726,Lester Bowman,41,Female,Germany,2039-02-25
7727,Elsie Maggart,49,Male,UK,2039-02-26
7728,Denise Maccietto,54,Male,UK,2039-02-27
7729,Beth Waskey,46,Female,UK,2039-02-28
7730,Frank Verdugo,61,Female,Brazil,2039-03-01
7731,Richard Fox,51,Female,Canada,2039-03-02
7732,Brenda Coniglio,23,Female,India,2039-03-03
7733,Linda Wall,48,Male,Brazil,2039-03-04
7734,Dorothy Serna,41,Female,US,2039-03-05
7735,Maryan Purcell,28,Male,Canada,2039-03-06
7736,Joyce Marez,51,Female,Brazil,2039-03-07
7737,Sean Leri,29,Female,Brazil,2039-03-08
7738,Dorothy Lay,63,Female,Germany,2039-03-09
7739,Raymond Sondag,33,Male,Canada,2039-03-10
7740,Diana Axtell,33,Female,UK,2039-03-11
7741,Joan Eddy,62,Male,Brazil,2039-03-12
7742,Bonnie Brinton,63,Male,US,2039-03-13
7743,Rochelle Herman,30,Female,US,2039-03-14
7744,Son Vanover,62,Male,Brazil,2039-03-15
7745,Vicki Carstensen,38,Male,UK,2039-03-16
7746,Dale Kartus,29,Male,Germany,2039-03-17
7747,Gerald Baber,42,Male,India,2039-03-18
7748,Allison Ehrens,31,Female,Brazil,2039-03-19
7749,Warren Leslie,51,Female,UK,2039-03-20
7750,Frank Angella,33,Female,India,2039-03-21
7751,Norma Stuart,36,Female,US,2039-03-22
7752,Mary Treadwell,18,Male,Brazil,2039-03-23
7753,Michelle Allenbach,56,Female,UK,2039-03-24
7754,Angela Evans,56,Male,Germany,2039-03-25
7755,Richard Runyon,31,Female,Germany,2039-03-26
7756,Jennifer Basile,36,Female,US,2039-03-27
7757,Ann Hass,59,Female,Brazil,2039-03-28
7758,Carmen Bowers,41,Male,Germany,2039-03-29
7759,Tracy Classen,41,Male,Canada,2039-03-30
7760,Rebecca Barley,39,Female,India,2039-03-31
7761,Leon Bobik,38,Female,UK,2039-04-01
7762,Roger Brush,58,Female,Germany,2039-04-02
7763,Vicki Lind,39,Female,India,2039-04-03
7764,George Zinov,22,Female,UK,2039-04-04
7765,Beatrice Barney,44,Female,US,2039-04-05
7766,Faye Gulick,41,Male,Germany,2039-04-06
7767,Barbara Hamilton,27,Male,India,2039-04-07
7768,Guillermo Gann,61,Female,UK,2039-04-08
7769,Jose Thiessen,54,Male,India,2039-04-09
7770,Libby Allen,34,Female,India,2039-04-10
7771,Elsie Lewin,23,Female,US,2039-04-11
7772,Heidi Weber,56,Female,India,2039-04-12
7773,Judith Fitzi,57,Male,India,2039-04-13
7774,Freda Velasco,32,Male,UK,2039-04-14
7775,Clinton Curry,57,Female,India,2039-04-15
7776,Jody Parker,49,Male,UK,2039-04-16
7777,John Wallin,59,Male,India,2039-04-17
7778,Robert Wilkinson,48,Female,Brazil,2039-04-18
7779,Robert Tatarowicz,25,Male,India,2039-04-19
7780,Donna Blair,45,Male,India,2039-04-20
7781,Amanda Maegoldo,34,Male,UK,2039-04-21
7782,Pamela Trubin,23,Female,Canada,2039-04-22
7783,Lori Anderson,28,Male,US,2039-04-23
7784,Coy Chamberlain,33,Female,US,2039-04-24
7785,Lauretta De Carlo,61,Female,Germany,2039-04-25
7786,Mary Mignogna,29,Female,Canada,2039-04-26
7787,Gary Voss,43,Male,UK,2039-04-27
7788,Donald Abston,18,Female,Brazil,2039-04-28
7789,Frank Johnston,60,Female,Brazil,2039-04-29
7790,Ryan Jones,42,Male,Germany,2039-04-30
7791,Paul Lamothe,61,Male,Canada,2039-05-01
7792,Damon Vela,52,Female,UK,2039-05-02
7793,Michael Carpenter,21,Female,US,2039-05-03
7794,Frank Brink,40,Male,UK,2039-05-04
7795,Debra Gonzales,33,Female,Germany,2039-05-05
7796,Robert Dutton,52,Female,US,2039-05-06
7797,Martin Schwalm,50,Male,US,2039-05-07
7798,Gay Rushworth,21,Male,US,2039-05-08
7799,Clint Hancock,18,Male,India,2039-05-09
7800,Lori Green,36,Female,Germany,2039-05-10
7801,Opal Jacobs,64,Male,Germany,2039-05-11
7802,Mike Bledsoe,38,Male,US,2039-05-12
7803,Pilar Pontius,49,Female,India,2039-05-13
7804,Maryann Blake,42,Female,Germany,2039-05-14
7805,John Hayes,39,Female,Germany,2039-05-15
7806,Robin Pals,42,Female,India,2039-05-16
7807,Everett Vandermey,60,Female,US,2039-05-17
7808,Lance Caijem,31,Female,India,2039-05-18
7809,Eric Carroll,29,Male,Germany,2039-05-19
7810,Glenn Haddock,33,Male,India,2039-05-20
7811,Jerry Christiansen,43,Male,Canada,2039-05-21
7812,Frank Ross,52,Male,Germany,2039-05-22
7813,Michael Carter,31,Female,UK,2039-05-23
7814,Lawrence Lechter,46,Male,US,2039-05-24
7815,James Gregerson,57,Male,UK,2039-05-25
7816,Emilia Stacks,56,Female,India,2039-05-26
7817,Shelley Crow,24,Female,UK,2039-05-27
7818,Frances Kelly,44,Male,US,2039-05-28
7819,Claudette Cabrera,46,Female,UK,2039-05-29
7820,Christine Rodriguez,34,Male,UK,2039-05-30
7821,Judy Weverstad,41,Male,India,2039-05-31
7822,Aida Stewart,41,Female,Brazil,2039-06-01
7823,Sara Smith,63,Male,India,2039-06-02
7824,Stacy Fisher,58,Female,UK,2039-06-03
7825,Willard Fornall,52,Male,India,2039-06-04
7826,Inez Carlson,52,Male,UK,2039-06-05
7827,Mike Taylor,48,Male,Brazil,2039-06-06
7828,Linda Kaplan,63,Female,US,2039-06-07
7829,Robert Allen,60,Male,Canada,2039-06-08
7830,Mari Lane,32,Female,UK,2039-06-09
7831,Roberto Smith,63,Female,India,2039-06-10
7832,Kerry Doyle,62,Female,Canada,2039-06-11
7833,Julia Cahling,36,Male,India,2039-06-12
7834,Lori Bryington,23,Female,US,2039-06-13
7835,Sondra Kerns,25,Male,UK,2039-06-14
7836,Sandra Lopez,24,Male,Germany,2039-06-15
7837,Fred Bolla,51,Female,Germany,2039-06-16
7838,Wonnell Wu,30,Female,Germany,2039-06-17
7839,Wayne Saunar,18,Male,UK,2039-06-18
7840,Joshua Ardell,40,Female,Brazil,2039-06-19
7841,Erin Smith,49,Female,Brazil,2039-06-20
7842,Hazel Mixon,59,Male,Germany,2039-06-21
7843,David Stead,18,Male,Canada,2039-06-22
7844,Martha Carrier,50,Female,India,2039-06-23
7845,Morgan Cronin,22,Male,Brazil,2039-06-24
7846,Harriet Cabezzaslacayo,26,Male,Germany,2039-06-25
7847,Mark Velasquez,20,Female,Canada,2039-06-26
7848,Leonard Childs,48,Female,Germany,2039-06-27
7849,Ella Worth,40,Male,UK,2039-06-28
7850,Pamela Messmer,39,Female,US,2039-06-29
7851,Laura Fritz,62,Female,Canada,2039-06-30
7852,Kim Azari,59,Female,UK,2039-07-01
7853,Roland Boone,31,Female,UK,2039-07-02
7854,Randall Stephens,42,Female,Germany,2039-07-03
7855,Audrene Sweeney,44,Male,India,2039-07-04
7856,Bertha Jameson,22,Male,Canada,2039-07-05
7857,Monica Beeler,60,Male,UK,2039-07-06
7858,Mary Wang,44,Male,India,2039-07-07
7859,Raymond Ford,48,Male,Canada,2039-07-08
7860,Neal Fritz,41,Male,UK,2039-07-09
7861,Maryann Clark,18,Male,Canada,2039-07-10
7862,Robert Stephenson,64,Female,Canada,2039-07-11
7863,Lauern Stedman,60,Male,Brazil,2039-07-12
7864,John Weibert,25,Female,UK,2039-07-13
7865,Elaine Young,22,Male,Germany,2039-07-14
7866,Heather Bachicha,27,Female,India,2039-07-15
7867,Rudolf Wheeler,53,Male,US,2039-07-16
7868,Dorothy Gennaro,52,Male,India,2039-07-17
7869,Cynthia Troyer,31,Male,UK,2039-07-18
7870,Benny Wilsey,34,Female,Brazil,2039-07-19
7871,Shane Solari,56,Female,Brazil,2039-07-20
7872,Lisa Stallings,60,Female,India,2039-07-21
7873,Michelle Noble,59,Female,India,2039-07-22
7874,Shirley Furst,60,Female,US,2039-07-23
7875,Rhonda Brumback,26,Female,US,2039-07-24
7876,Patricia Vedar,34,Male,Canada,2039-07-25
7877,Kathryn Roberson,19,Female,Germany,2039-07-26
7878,Kathy Tran,36,Female,India,2039-07-27
7879,Jacqueline Wessels,19,Female,India,2039-07-28
7880,Alvin Smith,41,Male,UK,2039-07-29
7881,Vannessa Melle,63,Female,Brazil,2039-07-30
7882,Myrtle Kulkriwes,61,Male,US,2039-07-31
7883,Mabel Carzino,50,Female,Canada,2039-08-01
7884,Virginia Bobbitt,63,Female,Canada,2039-08-02
7885,Karen Beltrame,35,Female,Germany,2039-08-03
7886,James Dremel,28,Female,UK,2039-08-04
7887,Gloria Allaire,37,Male,UK,2039-08-05
7888,Judith Kent,56,Male,Brazil,2039-08-06
7889,Ann Duran,19,Female,Canada,2039-08-07
7890,Margaret Young,26,Female,India,2039-08-08
7891,Dea Rosendo,54,Female,India,2039-08-09
7892,Beatrice Heath,52,Male,Brazil,2039-08-10
7893,Myra Cartmell,49,Male,UK,2039-08-11
7894,Linda Fike,54,Male,Germany,2039-08-12
7895,Melissa Colby,30,Female,Canada,2039-08-13
7896,Peggy Keller,52,Male,India,2039-08-14
7897,Patrick Taylor,27,Female,US,2039-08-15
7898,August Isaacs,64,Male,UK,2039-08-16
7899,Judith Brookshire,50,Male,US,2039-08-17
7900,Teresa Blanc,59,Male,Brazil,2039-08-18
7901,Sherry Carter,44,Female,Germany,2039-08-19
7902,Carroll Abbate,52,Male,Brazil,2039-08-20
7903,Vangie Perry,39,Male,UK,2039-08-21
7904,Vivian Whipple,23,Male,India,2039-08-22
7905,Nancy Alencastre,39,Male,UK,2039-08-23
7906,Sarah Bihl,22,Male,US,2039-08-24
7907,Janet Carl,40,Male,Germany,2039-08-25
7908,Veda Collins,32,Male,Canada,2039-08-26
7909,Lora Silvester,44,Female,US,2039-08-27
7910,Deborah Roberts,38,Female,Canada,2039-08-28
7911,William Willliams,32,Female,India,2039-08-29
7912,Edie Vandyke,22,Male,UK,2039-08-30
7913,William Murphy,29,Female,Germany,2039-08-31
7914,Lisa Estes,27,Female,Canada,2039-09-01
7915,Susan Higgins,28,Male,Brazil,2039-09-02
7916,Tamara Trubin,36,Female,Brazil,2039-09-03
7917,Margaret Martucci,25,Male,India,2039-09-04
7918,Dirk Allison,31,Female,Brazil,2039-09-05
7919,Brian Nakauchi,23,Male,Brazil,2039-09-06
7920,Adienne Bjork,31,Male,US,2039-09-07
7921,Marcella Isaacs,46,Female,US,2039-09-08
7922,Kimberly Carter,61,Female,India,2039-09-09
7923,Nellie Jean Davi,54,Female,US,2039-09-10
7924,Catherine Meagher,39,Female,Germany,2039-09-11
7925,Ricardo Dittemore,26,Male,Canada,2039-09-12
7926,Steve Clark,64,Male,US,2039-09-13
7927,Dale Chilcott,29,Female,Brazil,2039-09-14
7928,Betty Caldara,63,Male,US,2039-09-15
7929,Gloria Greenhood,64,Female,Germany,2039-09-16
7930,Richard Parsley,61,Male,US,2039-09-17
7931,Rosella Valdez,56,Male,Germany,2039-09-18
7932,Don Smith,40,Female,US,2039-09-19
7933,Goble Perry,36,Male,US,2039-09-20
7934,Theresa Mcevoy,61,Female,US,2039-09-21
7935,Antone Caldwell,50,Male,Brazil,2039-09-22
7936,Michael Judnich,27,Male,UK,2039-09-23
7937,Allison Ehrens,49,Female,US,2039-09-24
7938,Billie Moncivaiz,56,Female,Brazil,2039-09-25
7939,Deborah Conti,59,Male,Germany,2039-09-26
7940,Jean Holcomb,59,Female,UK,2039-09-27
7941,Debra Kelley,40,Male,US,2039-09-28
7942,Jean Holloway,51,Male,Canada,2039-09-29
7943,Randy Qualieri,44,Male,India,2039-09-30
7944,Edwin Fraysur,56,Male,UK,2039-10-01
7945,Peter Ciccone,25,Male,US,2039-10-02
7946,Audrene Sweeney,59,Female,Brazil,2039-10-03
7947,Judy Whitney,29,Male,India,2039-10-04
7948,Betty Rollins,46,Female,UK,2039-10-05
7949,Lawrence Bacon,28,Female,India,2039-10-06
7950,Gladys Nardini,50,Male,UK,2039-10-07
7951,William Lee,24,Female,UK,2039-10-08
7952,Connie Adez,61,Male,Canada,2039-10-09
7953,Marion Smith,52,Male,US,2039-10-10
7954,Millard Heintz,29,Male,Germany,2039-10-11
7955,Tony Butler,40,Female,Germany,2039-10-12
7956,Tauni Waltman,48,Male,Canada,2039-10-13
7957,Raul Lewis,58,Male,India,2039-10-14
7958,Diana Alexander,28,Male,Germany,2039-10-15
7959,James Huber,30,Female,India,2039-10-16
7960,Elizabeth Wescott,40,Male,UK,2039-10-17
7961,Betty Aragon,59,Male,Germany,2039-10-18
7962,Trent Wood,19,Male,Brazil,2039-10-19
7963,Shauneen Springate,19,Female,Germany,2039-10-20
7964,Georgia Colian,54,Male,Canada,2039-10-21
7965,Thomas Vielmetti,42,Male,US,2039-10-22
7966,Elizabeth Mason,37,Male,Brazil,2039-10-23
7967,Donald Brown,47,Male,Canada,2039-10-24
7968,Marylou Valladao,33,Male,Germany,2039-10-25
7969,Phyllis Golberg,41,Male,Germany,2039-10-26
7970,Sam Sims,33,Female,Germany,2039-10-27
7971,Stella Luna,58,Female,India,2039-10-28
7972,Theresa Griffin,38,Male,US,2039-10-29
7973,Brenda Proctor,48,Female,India,2039-10-30
7974,Paul Purcell,23,Male,US,2039-10-31
7975,Frank Sanchez,36,Female,Canada,2039-11-01
7976,Mari Caldwell,57,Female,Germany,2039-11-02
7977,Greg Trontell,50,Male,Germany,2039-11-03
7978,Grace Vallis,53,Female,US,2039-11-04
7979,Carol Runck,51,Female,Brazil,2039-11-05
7980,James Straub,19,Male,UK,2039-11-06
7981,Audie Rincon,62,Male,Brazil,2039-11-07
7982,William Walker,44,Female,Germany,2039-11-08
7983,Carole Graham,64,Male,India,2039-11-09
7984,Bethe Habern,63,Male,Canada,2039-11-10
7985,Roy Baer,60,Male,US,2039-11-11
7986,Thelma Molley,26,Male,Brazil,2039-11-12
7987,Joan Wood,33,Male,US,2039-11-13
7988,Robert Rasonina,48,Female,UK,2039-11-14
7989,Neal Fritz,64,Female,US,2039-11-15
7990,Philip Ambrosino,22,Male,Germany,2039-11-16
7991,Monica Ardon,56,Male,Germany,2039-11-17
7992,Ellen Gray,60,Female,US,2039-11-18
7993,Anita Barton,35,Male,Germany,2039-11-19
7994,Andrew Grosvenor,40,Male,US,2039-11-20
7995,Emory Telfer,18,Female,Brazil,2039-11-21
7996,Debby Wise,55,Male,Brazil,2039-11-22
7997,Ramona Galvin,18,Male,Brazil,2039-11-23
7998,Bertha Jameson,35,Male,Germany,2039-11-24
7999,Juan Bradley,25,Female,US,2039-11-25
8000,Brenda Marshall,52,Male,Canada,2039-11-26
8001,Christine Lorenzen,20,Female,India,2039-11-27
8002,Anna Sarber,57,Male,UK,2039-11-28
8003,Carl Morris,45,Female,UK,2039-11-29
8004,Jason Germ,31,Female,UK,2039-11-30
8005,Garnis Cooper,34,Female,Brazil,2039-12-01
8006,Patricia Bustamante,37,Female,UK,2039-12-02
8007,Norma Avila,32,Male,UK,2039-12-03
8008,Michael Coyne,46,Male,US,2039-12-04
8009,Raliegh Hild,28,Male,US,2039-12-05
8010,Lanette Carrillo,29,Female,Germany,2039-12-06
8011,Kathryn Goff,57,Male,UK,2039-12-07
8012,Cathey Quintana,41,Male,Germany,2039-12-08
8013,Brian Moore,50,Male,US,2039-12-09
8014,Mari Paulsen,57,Female,Brazil,2039-12-10
8015,Earl Burris,38,Male,Brazil,2039-12-11
8016,Phyllis White,30,Female,Germany,2039-12-12
8017,Joan Mathew,46,Male,Brazil,2039-12-13
8018,Joy McCormick,31,Male,Germany,2039-12-14
8019,Stephen Brewer,51,Female,UK,2039-12-15
8020,Janice Nelson,22,Female,India,2039-12-16
8021,Glenn Aguilar,24,Male,US,2039-12-17
8022,Janine Bieri,57,Male,UK,2039-12-18
8023,Joyce Minjarez,23,Female,Germany,2039-12-19
8024,Paulette Pantell,59,Female,Germany,2039-12-20
8025,Dorothy Warren,32,Female,UK,2039-12-21
8026,Dana Chappell,60,Male,India,2039-12-22
8027,Donald Langoni,53,Female,Germany,2039-12-23
8028,Megan Browning,49,Male,Germany,2039-12-24
8029,Roland Boone,44,Male,Germany,2039-12-25
8030,Barnett Barnette,27,Male,Brazil,2039-12-26
8031,Robert Visperas,19,Male,Germany,2039-12-27
8032,Holly Leland,52,Female,India,2039-12-28
8033,Robert Yengich,53,Male,Canada,2039-12-29
8034,Laurence Archer,33,Male,US,2039-12-30
8035,Jeanne McDill,19,Male,US,2039-12-31
8036,Dixie Good,42,Female,UK,2040-01-01
8037,Louanna Brown,49,Male,Brazil,2040-01-02
8038,Margaret Adams,34,Male,India,2040-01-03
8039,Eunice Wolf,39,Male,Brazil,2040-01-04
8040,June Ladd,52,Female,UK,2040-01-05
8041,Reeda Cooper,62,Male,UK,2040-01-06
8042,John Gersick,29,Male,Brazil,2040-01-07
8043,Lee Chapla,22,Female,Germany,2040-01-08
8044,Bobbie Blackburn,48,Female,Canada,2040-01-09
8045,Richard Blalock,23,Female,Canada,2040-01-10
8046,Nic Carothers,43,Female,Brazil,2040-01-11
8047,Jeanne Corsentino,64,Female,Germany,2040-01-12
8048,Roshini Hoffman,45,Female,Brazil,2040-01-13
8049,Vera Vargas,53,Male,Canada,2040-01-14
8050,Catherine Whitney,41,Male,India,2040-01-15
8051,Jackie Brandolino,29,Female,India,2040-01-16
8052,Kathleen Garza,23,Female,UK,2040-01-17
8053,Richard Hanna,61,Female,US,2040-01-18
8054,Jackie Arellano,40,Female,UK,2040-01-19
8055,Betty Damore,19,Male,US,2040-01-20
8056,Shirley Bishop,23,Male,US,2040-01-21
8057,Jackie Bush,42,Male,Canada,2040-01-22
8058,Dan Beerbaum,44,Male,US,2040-01-23
8059,Alma Poorbaugh,55,Female,UK,2040-01-24
8060,Joseph Brazelton,22,Female,Brazil,2040-01-25
8061,Bill Tracy,25,Female,Germany,2040-01-26
8062,Donald Abston,55,Male,UK,2040-01-27
8063,Robert Boettcher,33,Female,India,2040-01-28
8064,Thomas Sanchez,63,Female,India,2040-01-29
8065,Shenna Skonnard,24,Female,India,2040-01-30
8066,Roger Brantome,18,Female,UK,2040-01-31
8067,Joseph Kettenring,53,Female,Germany,2040-02-01
8068,Claudette Cabrera,27,Female,Germany,2040-02-02
8069,David Travierso,22,Female,Germany,2040-02-03
8070,Rachel Filler,46,Male,UK,2040-02-04
8071,Laura Rhoads,45,Male,Germany,2040-02-05
8072,Lloyd Simpson,42,Male,Germany,2040-02-06
8073,Linda Martinez,56,Male,Germany,2040-02-07
8074,Wendi Hancock,51,Female,Canada,2040-02-08
8075,Clair Stuart,49,Male,Germany,2040-02-09
8076,Shayla Vandergaag,48,Male,India,2040-02-10
8077,Ryan Soto,50,Female,Germany,2040-02-11
8078,Susan Davis,53,Male,India,2040-02-12
8079,Evelyn Thomas,62,Male,UK,2040-02-13
8080,Betty Boggs,56,Male,India,2040-02-14
8081,Eric Oberheide,30,Male,US,2040-02-15
8082,David Raye,58,Female,Canada,2040-02-16
8083,Salima Hale,50,Male,Germany,2040-02-17
8084,Jacqueline Wessels,31,Female,India,2040-02-18
8085,Nadine Smith,55,Male,UK,2040-02-19
8086,Terry Sowa,42,Male,Germany,2040-02-20
8087,Elizabeth Wescott,46,Female,Canada,2040-02-21
8088,Christine Avila,63,Male,India,2040-02-22
8089,Ruby Tomlinson,24,Female,India,2040-02-23
8090,Sherrie Schoedel,43,Male,US,2040-02-24
8091,Delores Wensler,51,Female,Germany,2040-02-25
8092,Kara Vanderlinden,49,Male,US,2040-02-26
8093,Judith Stein,32,Male,Germany,2040-02-27
8094,Mark Barr,37,Male,Canada,2040-02-28
8095,Theresa Payne,50,Female,Brazil,2040-02-29
8096,Donald Barrier,55,Female,Germany,2040-03-01
8097,Ruth Tezak,54,Female,Germany,2040-03-02
8098,Stuart McClintock,26,Female,Brazil,2040-03-03
8099,Joan Norton,46,Female,Canada,2040-03-04
8100,Deborah Campbell,36,Male,UK,2040-03-05
8101,Trevor Vanover,30,Female,India,2040-03-06
8102,Natalie Zuerner,59,Female,Germany,2040-03-07
8103,Yvette Eckley,28,Male,India,2040-03-08
8104,Deborah Diack,50,Female,India,2040-03-09
8105,Corrina Thompson,56,Male,India,2040-03-10
8106,James Cavallo,29,Female,India,2040-03-11
8107,Donnyale This,26,Female,Canada,2040-03-12
8108,William Clevenger,24,Male,India,2040-03-13
8109,Matthew Petullo,61,Female,US,2040-03-14
8110,Enid Fleming,23,Male,Germany,2040-03-15
8111,Reade Hall,49,Male,Canada,2040-03-16
8112,Portia Velasquez,62,Male,India,2040-03-17
8113,Ted Kottenstette,54,Female,UK,2040-03-18
8114,Janet Carl,28,Male,UK,2040-03-19
8115,Jennifer Spindler,29,Female,India,2040-03-20
8116,Carmen Wagner,22,Male,Brazil,2040-03-21
8117,Cindy Willner,51,Male,India,2040-03-22
8118,Ralph Borrillo,63,Male,India,2040-03-23
8119,Marybeth Morgan,33,Male,US,2040-03-24
8120,Matthew Castro,22,Female,US,2040-03-25
8121,Lisa Smith,37,Male,Germany,2040-03-26
8122,Mack Hammerland,57,Female,Brazil,2040-03-27
8123,Bruce Papetti,53,Female,Canada,2040-03-28
8124,Gobel Buss,58,Female,Brazil,2040-03-29
8125,Doris Shoemaker,48,Male,Germany,2040-03-30
8126,Ole Weldon,22,Female,UK,2040-03-31
8127,Marjorie Lee,32,Female,Brazil,2040-04-01
8128,Donald Bertholic,46,Male,US,2040-04-02
8129,Michael Houser,42,Female,India,2040-04-03
8130,Jalexis Martin,37,Male,India,2040-04-04
8131,Dora Horton,62,Female,Germany,2040-04-05
8132,Zachery Flores,48,Male,Brazil,2040-04-06
8133,Eric Tuszynski,19,Male,India,2040-04-07
8134,Noreen Vazquez,32,Male,US,2040-04-08
8135,Janice Monitor,55,Male,Canada,2040-04-09
8136,Craig Van Zandt,31,Female,India,2040-04-10
8137,Shanieadin Ramsey,35,Female,Germany,2040-04-11
8138,Timothy Campbell,23,Male,US,2040-04-12
8139,Joan Anderson,29,Male,Germany,2040-04-13
8140,Carolyn Leon,52,Male,Germany,2040-04-14
8141,Eduardo Munoz,41,Male,Brazil,2040-04-15
8142,Anthony Planck,18,Male,US,2040-04-16
8143,Vicki Lind,45,Male,UK,2040-04-17
8144,Lupe Buclatin,38,Female,Brazil,2040-04-18
8145,Ermias Fowler,59,Male,US,2040-04-19
8146,Darren Williams,39,Male,Germany,2040-04-20
8147,Michael Blankenship,41,Male,India,2040-04-21
8148,Constance Posner,31,Male,India,2040-04-22
8149,Clyde Reynolds,48,Male,UK,2040-04-23
8150,Sumner Howard,53,Female,US,2040-04-24
8151,Raeann Sugiyama,47,Female,Germany,2040-04-25
8152,Joyce Steffen,29,Male,US,2040-04-26
8153,Emily Barela,18,Male,UK,2040-04-27
8154,Kristina Benigar,58,Male,US,2040-04-28
8155,John Thistleton,45,Male,UK,2040-04-29
8156,Bruce Turner,36,Male,Germany,2040-04-30
8157,Cindy Pilotte,52,Female,Germany,2040-05-01
8158,Donald Moore,34,Female,Canada,2040-05-02
8159,Peter Swaim,29,Male,Canada,2040-05-03
8160,Harold Aldaridge,41,Male,Brazil,2040-05-04
8161,Larry Carrington,38,Female,Canada,2040-05-05
8162,Jared Adams,46,Male,India,2040-05-06
8163,Leona Bourret,46,Male,Canada,2040-05-07
8164,David Andrade,40,Male,US,2040-05-08
8165,Narvelle Commareri,54,Male,Brazil,2040-05-09
8166,Sandra Cook,61,Female,UK,2040-05-10
8167,Clara Morris,23,Male,Germany,2040-05-11
8168,Yolanda Lundin,24,Male,India,2040-05-12
8169,Shirley Esquivel,22,Male,Brazil,2040-05-13
8170,Joyce Snyder,28,Female,UK,2040-05-14
8171,Pamela Anton,43,Male,Brazil,2040-05-15
8172,Lee Barrientos,46,Male,Canada,2040-05-16
8173,Kathy Nolen,51,Female,UK,2040-05-17
8174,Robert Remine,56,Male,Canada,2040-05-18
8175,Diane Anderson,55,Male,Brazil,2040-05-19
8176,Pamela Trubin,46,Female,India,2040-05-20
8177,Thelma Ellyson,22,Male,Canada,2040-05-21
8178,Kathleen Winter,55,Male,Brazil,2040-05-22
8179,Jean Martinez,28,Male,UK,2040-05-23
8180,Frances Bennett,42,Male,Brazil,2040-05-24
8181,Judith Fitzi,37,Male,UK,2040-05-25
8182,Susan Martin,59,Male,US,2040-05-26
8183,H. Wilson,34,Male,US,2040-05-27
8184,John Herrington,52,Male,India,2040-05-28
8185,William Buxton,37,Female,India,2040-05-29
8186,Irma Johnson,45,Male,India,2040-05-30
8187,Ron Clark,41,Female,India,2040-05-31
8188,Toni McFerrin,51,Male,US,2040-06-01
8189,Byron Johnson,23,Female,UK,2040-06-02
8190,Sue Wedekind,20,Female,Canada,2040-06-03
8191,Wendy Jenkins,61,Female,Brazil,2040-06-04
8192,Van Ketcham,30,Female,Brazil,2040-06-05
8193,Verna Jankura,31,Male,Canada,2040-06-06
8194,Catherine Castorena,23,Male,Germany,2040-06-07
8195,Joyce Marez,57,Male,Canada,2040-06-08
8196,Cherie Dagnillo,61,Male,India,2040-06-09
8197,Rita Jones,20,Female,Canada,2040-06-10
8198,Nora Schrock,44,Male,Brazil,2040-06-11
8199,Howard Schlund,23,Male,Canada,2040-06-12
8200,Alfredo Wood,28,Male,India,2040-06-13
8201,Beverly Young,42,Male,US,2040-06-14
8202,Alexandra Wellington,61,Female,India,2040-06-15
8203,Matthew Basham,59,Male,Canada,2040-06-16
8204,George Blanchard,36,Female,Germany,2040-06-17
8205,Laura Frankmore,26,Female,Canada,2040-06-18
8206,Kathi McManus,64,Female,Brazil,2040-06-19
8207,Coy Chamberlain,21,Female,Canada,2040-06-20
8208,Karen Horan,61,Male,US,2040-06-21
8209,Eleanore Schiro,53,Female,UK,2040-06-22
8210,Thomas Okane,50,Female,India,2040-06-23
8211,Tandy Ice,51,Male,Brazil,2040-06-24
8212,William Stubbs,53,Female,Germany,2040-06-25
8213,Sandra Cartwright,58,Female,UK,2040-06-26
8214,Theresa McFarren,35,Male,UK,2040-06-27
8215,Alma Bradbrook,20,Male,India,2040-06-28
8216,Sherry Baugh,54,Male,India,2040-06-29
8217,Shalatha Dowd,19,Female,US,2040-06-30
8218,Stephen Guardamondo,35,Male,Germany,2040-07-01
8219,Cheri Ellis,47,Male,UK,2040-07-02
8220,Maria Stansfield,30,Female,UK,2040-07-03
8221,Rae Yarrington,47,Male,India,2040-07-04
8222,Mary Smith,28,Female,Germany,2040-07-05
8223,Yolanda Bowers,26,Male,UK,2040-07-06
8224,Mary Antypas,60,Female,US,2040-07-07
8225,Emily Beman,58,Female,Germany,2040-07-08
8226,Abi Spencer,40,Female,India,2040-07-09
8227,Polly Lira,24,Female,US,2040-07-10
8228,Dolores Trahan,64,Female,Brazil,2040-07-11
8229,Darroll Loomer,40,Female,Canada,2040-07-12
8230,Ben Blunt,37,Male,Canada,2040-07-13
8231,Lynn Norris,19,Male,Canada,2040-07-14
8232,Rebecca Alvarez,27,Male,US,2040-07-15
8233,Tom Ritter,30,Female,Canada,2040-07-16
8234,Robert Sims,34,Female,Germany,2040-07-17
8235,Betty Wansink,44,Female,Brazil,2040-07-18
8236,Pat Pinkston,40,Male,Brazil,2040-07-19
8237,Michael Sloper,42,Male,Germany,2040-07-20
8238,Mark Velasquez,31,Male,Canada,2040-07-21
8239,Rosemary Sutter,25,Male,US,2040-07-22
8240,Paul Luke,28,Male,Brazil,2040-07-23
8241,Colleen Moncrieff,36,Female,Canada,2040-07-24
8242,Ron Carbone,30,Male,US,2040-07-25
8243,Teresa Tate,62,Female,Canada,2040-07-26
8244,Michael Bass,23,Male,Brazil,2040-07-27
8245,Patrick Gunnison,35,Female,Canada,2040-07-28
8246,Wesley Healy,38,Male,Germany,2040-07-29
8247,Katerina Oneill,48,Male,UK,2040-07-30
8248,Robert Bell,23,Female,Canada,2040-07-31
8249,Jessica Farley,53,Male,India,2040-08-01
8250,Margaret Senter,34,Female,Canada,2040-08-02
8251,Marion Smith,60,Female,US,2040-08-03
8252,Polly Lira,28,Male,Brazil,2040-08-04
8253,Katherine Hester,18,Male,India,2040-08-05
8254,Daniel Salka,37,Male,UK,2040-08-06
8255,Reina Geyer,64,Female,Canada,2040-08-07
8256,Julia Hutchings,18,Female,India,2040-08-08
8257,Richard Davis,52,Male,India,2040-08-09
8258,Allen Brewer,28,Female,Brazil,2040-08-10
8259,Kristine Wikey,42,Male,UK,2040-08-11
8260,Kathy Vigil,45,Female,UK,2040-08-12
8261,Margaret Adams,52,Female,UK,2040-08-13
8262,Dora Castro,40,Male,UK,2040-08-14
8263,Coy Chamberlain,62,Female,Germany,2040-08-15
8264,Alfred Romero,43,Female,US,2040-08-16
8265,Martin Austin,62,Male,India,2040-08-17
8266,Isabella Palumbo,27,Male,UK,2040-08-18
8267,Paula Moberly,27,Female,US,2040-08-19
8268,Consuelo Benson,25,Male,UK,2040-08-20
8269,Thomas Levy,43,Female,US,2040-08-21
8270,Robert Helberg,20,Male,Germany,2040-08-22
8271,M. Carol Carter,39,Female,Germany,2040-08-23
8272,Leeann Masser,58,Male,Canada,2040-08-24
8273,Dawn Van Buren,43,Male,Germany,2040-08-25
8274,Ernest Kiser,34,Male,Germany,2040-08-26
8275,Leah Hawkins,50,Female,India,2040-08-27
8276,Michael St. Peter,62,Female,US,2040-08-28
8277,Stacy Fisher,31,Male,UK,2040-08-29
8278,Mary Sullivan,28,Female,Canada,2040-08-30
8279,Howard King,37,Male,US,2040-08-31
8280,Melissa Pyle,21,Female,UK,2040-09-01
8281,Jackie Blackwell,42,Male,US,2040-09-02
8282,Margaret Earley,23,Male,Brazil,2040-09-03
8283,Sam Wheeler,28,Male,Brazil,2040-09-04
8284,Joan Norton,25,Male,India,2040-09-05
8285,Vicki Hills,45,Female,Brazil,2040-09-06
8286,Lisa Smith,46,Female,India,2040-09-07
8287,Steven Davis,64,Female,Germany,2040-09-08
8288,Dave Garner,29,Female,UK,2040-09-09
8289,Michael Kochevar,33,Female,UK,2040-09-10
8290,Margaret Trujillo,58,Male,Germany,2040-09-11
8291,John Dephillipo,22,Female,Germany,2040-09-12
8292,Nancy Platt,23,Male,Canada,2040-09-13
8293,Jacqueline Martinez,49,Female,US,2040-09-14
8294,Janice Widman,59,Female,Germany,2040-09-15
8295,Connie Wethor,23,Male,US,2040-09-16
8296,Cynthia Troyer,21,Female,UK,2040-09-17
8297,Jennifer Spars,34,Male,Germany,2040-09-18
8298,Charles Pirraglia,55,Female,US,2040-09-19
8299,Russell Schuh,30,Female,Canada,2040-09-20
8300,Shirley Dawson,48,Female,US,2040-09-21
8301,Stacey Tearpak,42,Male,Germany,2040-09-22
8302,Amanda Peterson,37,Female,US,2040-09-23
8303,Adele Snyder,27,Male,Canada,2040-09-24
8304,Jason Dille,25,Male,Canada,2040-09-25
8305,Martin Cameron,29,Female,Brazil,2040-09-26
8306,Jean Zimmerman,19,Male,Brazil,2040-09-27
8307,Laura Collins,55,Male,Germany,2040-09-28
8308,Freda Brown,35,Female,Germany,2040-09-29
8309,Sheila Stallings,57,Female,Germany,2040-09-30
8310,Helen Weiss,32,Male,UK,2040-10-01
8311,Gail Sullivan,35,Female,Canada,2040-10-02
8312,Eleanor Wachterman,47,Female,Brazil,2040-10-03
8313,Scott Baker,32,Female,India,2040-10-04
8314,Louis Phillips,38,Male,US,2040-10-05
8315,Hazel Souza,21,Male,Canada,2040-10-06
8316,Raymond Hoskins,51,Female,Germany,2040-10-07
8317,Josephine Conner,21,Male,India,2040-10-08
8318,Carl Robinson,58,Female,Germany,2040-10-09
8319,Elza Topp,22,Male,UK,2040-10-10
8320,Joyce Stephens,60,Female,India,2040-10-11
8321,Lois Knobel,48,Female,Germany,2040-10-12
8322,Alice Worster,50,Female,Germany,2040-10-13
8323,Rosalina Zancanaros,44,Female,Germany,2040-10-14
8324,Paisal Smith,56,Female,UK,2040-10-15
8325,Harold Barone,24,Male,US,2040-10-16
8326,Carol Wynn,37,Male,Germany,2040-10-17
8327,William Anderson,52,Female,Canada,2040-10-18
8328,Mary Corsi,53,Male,US,2040-10-19
8329,Wayne Tucker,59,Female,UK,2040-10-20
8330,Carrie Wiley,46,Female,Germany,2040-10-21
8331,Susana Cunningham,20,Male,Brazil,2040-10-22
8332,Joan Johnson,27,Male,Canada,2040-10-23
8333,Shawn Albenberg,30,Male,Germany,2040-10-24
8334,Joan Faucette,18,Female,UK,2040-10-25
8335,Marilyn Giron,33,Male,Canada,2040-10-26
8336,Alice Shintani,52,Female,UK,2040-10-27
8337,Francis Woods,61,Female,Brazil,2040-10-28
8338,Mark Stewart,22,Female,India,2040-10-29
8339,Clint Hancock,63,Female,US,2040-10-30
8340,Gilbert Kinsner,22,Male,Brazil,2040-10-31
8341,Edward Payne,38,Male,India,2040-11-01
8342,John Lindsay,39,Female,UK,2040-11-02
8343,Alexis Vukelich,31,Male,Germany,2040-11-03
8344,David Tuller,34,Male,Germany,2040-11-04
8345,George Bakkie,41,Female,Brazil,2040-11-05
8346,Nordyn Beecher,42,Female,UK,2040-11-06
8347,Jesse Johnson,23,Male,UK,2040-11-07
8348,Terri Pifko,62,Male,Brazil,2040-11-08
8349,Rubie Leona Bowers,45,Female,Brazil,2040-11-09
8350,Brian Raya,31,Female,US,2040-11-10
8351,Shannon Brooks,47,Female,India,2040-11-11
8352,Lily Espinoza,19,Female,Brazil,2040-11-12
8353,John Anderson,38,Male,Canada,2040-11-13
8354,Carmen Schmidt,36,Male,India,2040-11-14
8355,Verdeen Smith,37,Male,Brazil,2040-11-15
8356,Robert Bongirno,55,Female,India,2040-11-16
8357,Jeffrey Baker,46,Female,UK,2040-11-17
8358,Eileen Miller,27,Female,Germany,2040-11-18
8359,Tish Duff,23,Female,UK,2040-11-19
8360,Elizabeth Smith,48,Male,Canada,2040-11-20
8361,Shay Kamp,33,Male,Brazil,2040-11-21
8362,Gene Jahn,60,Female,Brazil,2040-11-22
8363,Ethel Bree,34,Female,UK,2040-11-23
8364,Romeo Clark,46,Female,US,2040-11-24
8365,Keith Koukis,43,Male,UK,2040-11-25
8366,Steve Staggs,30,Male,Canada,2040-11-26
8367,Dinah Tysor,20,Male,UK,2040-11-27
8368,Wiley Reynolds,21,Female,Brazil,2040-11-28
8369,Irma Sherwood,22,Female,US,2040-11-29
8370,Robert Adalat,30,Male,UK,2040-11-30
8371,Maryfrances Bhachu,18,Female,Brazil,2040-12-01
8372,Judy Brescia,45,Male,UK,2040-12-02
8373,Frances Schultz,49,Female,US,2040-12-03
8374,Sandra Brunner,36,Female,US,2040-12-04
8375,Joyce Salkind,18,Female,UK,2040-12-05
8376,Erryn Shellberg,60,Male,US,2040-12-06
8377,John Bonilla,36,Female,US,2040-12-07
8378,Sharon Bartolomei,60,Male,US,2040-12-08
8379,Peggy Obermiller,38,Male,US,2040-12-09
8380,Julie Liliestedt,63,Female,Canada,2040-12-10
8381,Kathy Reynolds,19,Male,US,2040-12-11
8382,David Zimmerman,57,Female,India,2040-12-12
8383,Thomas Swenson,49,Female,Brazil,2040-12-13
8384,Gloria Watner,37,Female,Canada,2040-12-14
8385,Diana Kimball,20,Female,UK,2040-12-15
8386,Anne Silva,33,Male,UK,2040-12-16
8387,Danielle Breslin,23,Male,UK,2040-12-17
8388,Pauline Ballard,32,Female,Germany,2040-12-18
8389,Virgie Wang,23,Male,US,2040-12-19
8390,Ruth Wallach,63,Female,Brazil,2040-12-20
8391,Verdeen Smith,21,Male,Germany,2040-12-21
8392,Helen Van Fleet,23,Female,UK,2040-12-22
8393,Adam Reynolds,39,Female,Germany,2040-12-23
8394,Ronald Tkachenko,25,Male,Canada,2040-12-24
8395,Sarah Hicks,21,Female,Germany,2040-12-25
8396,Christine Avila,32,Female,US,2040-12-26
8397,Sharon Parcher,23,Male,US,2040-12-27
8398,Jenny Sammons,32,Male,Germany,2040-12-28
8399,Margaret Willich,42,Male,India,2040-12-29
8400,Connie Lewis,43,Male,India,2040-12-30
8401,Gail Gutirerrez,37,Male,UK,2040-12-31
8402,Ray Crump,60,Male,Brazil,2041-01-01
8403,Melody McClelland,18,Female,Brazil,2041-01-02
8404,Anna-lee Pope,54,Female,Brazil,2041-01-03
8405,Andrea Thomsen,25,Male,Canada,2041-01-04
8406,Elvira Valderrama,26,Male,Germany,2041-01-05
8407,Mary Taylor,61,Female,Germany,2041-01-06
8408,Nancy Wyatt,55,Female,India,2041-01-07
8409,Cynthia Vanscoy,33,Female,Brazil,2041-01-08
8410,Wilbert Larger,54,Male,US,2041-01-09
8411,Dorothy Weimer,27,Male,Canada,2041-01-10
8412,Sheila Rupert,56,Male,Germany,2041-01-11
8413,T. E. Mahoney,43,Female,US,2041-01-12
8414,Marilyn Raigoza,58,Female,UK,2041-01-13
8415,Betty Garretson,42,Female,UK,2041-01-14
8416,Ella Worth,25,Female,Canada,2041-01-15
8417,Shawn Brennen,46,Female,US,2041-01-16
8418,Maxine Watts,21,Male,Germany,2041-01-17
8419,James Bartolomei,53,Male,US,2041-01-18
8420,Anne Manolis,34,Female,UK,2041-01-19
8421,Doreen Burbank,53,Male,India,2041-01-20
8422,Maureen Okane,22,Female,UK,2041-01-21
8423,Bettie Allen,36,Female,Brazil,2041-01-22
8424,Lynn Cornett,27,Male,Brazil,2041-01-23
8425,Renee Castro,19,Male,UK,2041-01-24
8426,Celia Haug,56,Female,Canada,2041-01-25
8427,Sandra Mishler,57,Female,Brazil,2041-01-26
8428,Susan Crane,63,Female,Germany,2041-01-27
8429,Brian Cocanougher,47,Male,India,2041-01-28
8430,John Batouche,29,Female,US,2041-01-29
8431,Wayne Kulesa,38,Female,India,2041-01-30
8432,Laura Gutierrez,22,Male,Canada,2041-01-31
8433,Linda Bettinger,42,Female,Brazil,2041-02-01
8434,Lori Fenster,23,Male,UK,2041-02-02
8435,David Ashoo,44,Female,Canada,2041-02-03
8436,Christy Vukelich,36,Male,US,2041-02-04
8437,Helen Meyer,53,Female,Brazil,2041-02-05
8438,Evelyn Wilson,22,Female,India,2041-02-06
8439,Deborah Brouillard,62,Female,US,2041-02-07
8440,Harold Montoya,20,Female,Germany,2041-02-08
8441,Patricia Andie Wanlass,29,Male,US,2041-02-09
8442,Margaret Allison,57,Male,Brazil,2041-02-10
8443,Steve Rovere,53,Female,Germany,2041-02-11
8444,Ronald Taylor,52,Male,Canada,2041-02-12
8445,Jimmy Warren,64,Male,Brazil,2041-02-13
8446,Edward Roth,35,Female,UK,2041-02-14
8447,Frederick Caldara,47,Male,Germany,2041-02-15
8448,Daricia Almasie,61,Male,Germany,2041-02-16
8449,Hazel Terbush,40,Male,UK,2041-02-17
8450,Linda Mohs,35,Female,Germany,2041-02-18
8451,Martha Cozart,48,Male,US,2041-02-19
8452,Leda Witte,30,Male,India,2041-02-20
8453,Paula Bodnar,20,Female,UK,2041-02-21
8454,Dora Castro,57,Female,Canada,2041-02-22
8455,Lena Newman,44,Male,US,2041-02-23
8456,Connor Travierso,51,Female,UK,2041-02-24
8457,Michael Butcher,46,Female,India,2041-02-25
8458,Mahasti Grant,59,Female,Canada,2041-02-26
8459,Jeanie Glenn,25,Male,Germany,2041-02-27
8460,Elisabeth Duncan,45,Female,Canada,2041-02-28
8461,Stephen Fischer,32,Male,Brazil,2041-03-01
8462,Denise Tracy,18,Female,India,2041-03-02
8463,Barry Derespini,20,Male,Germany,2041-03-03
8464,Bonnie Aiello,49,Male,Germany,2041-03-04
8465,Michael Elliott,45,Female,Germany,2041-03-05
8466,Jay Cancilla,29,Female,Germany,2041-03-06
8467,Anthony Williams,63,Male,UK,2041-03-07
8468,Terri Sweazey,32,Female,India,2041-03-08
8469,Karen Holliday,41,Male,UK,2041-03-09
8470,Jean Coy,55,Male,UK,2041-03-10
8471,Harlis Dutton,54,Male,India,2041-03-11
8472,Don Cruz,24,Female,UK,2041-03-12
8473,Alex Urioste,49,Female,US,2041-03-13
8474,Mary Solimena,28,Male,Brazil,2041-03-14
8475,Ann Perez,53,Male,US,2041-03-15
8476,Edith Wisner,48,Male,Germany,2041-03-16
8477,Curt Weaver,22,Female,Germany,2041-03-17
8478,Kristina Benigar,18,Male,US,2041-03-18
8479,Peter Sargent,51,Male,UK,2041-03-19
8480,Trinnette Vorndam,31,Female,Germany,2041-03-20
8481,Brian Jones,57,Male,US,2041-03-21
8482,Mark Manakoff,30,Female,India,2041-03-22
8483,Dale Pilot,55,Male,UK,2041-03-23
8484,Rebecca Ferguson,43,Male,UK,2041-03-24
8485,Jack Fuller,40,Male,US,2041-03-25
8486,Darren Brook,52,Male,UK,2041-03-26
8487,Joyce Zak,19,Male,Canada,2041-03-27
8488,Betty Burgin,47,Female,Brazil,2041-03-28
8489,Valerie Carzino,54,Male,US,2041-03-29
8490,Vivian Mendoza,30,Female,UK,2041-03-30
8491,James Bihl,33,Female,Canada,2041-03-31
8492,Helen Eades,31,Female,Germany,2041-04-01
8493,Stacey Tearpak,51,Male,US,2041-04-02
8494,Janet Smith,38,Male,Canada,2041-04-03
8495,Karen June,43,Male,Germany,2041-04-04
8496,Michelle Bailey,35,Male,Brazil,2041-04-05
8497,Charlene Hunter,42,Female,Germany,2041-04-06
8498,Lenore Yasi,34,Female,Canada,2041-04-07
8499,Joe Rebhun,59,Female,Brazil,2041-04-08
8500,Margaret Davis,55,Male,UK,2041-04-09
8501,Dolores Rodgers,64,Male,US,2041-04-10
8502,John Gannon,62,Male,Germany,2041-04-11
8503,Paul Wolfson,57,Male,Canada,2041-04-12
8504,Daricia Almasie,28,Female,India,2041-04-13
8505,David Santos,62,Male,Canada,2041-04-14
8506,Maryjo Budig,37,Female,Germany,2041-04-15
8507,Allen Forbes,39,Female,UK,2041-04-16
8508,Frank Hughey,18,Female,Canada,2041-04-17
8509,Beverly Verduzco,30,Male,Germany,2041-04-18
8510,Darwin Leuer,46,Male,UK,2041-04-19
8511,Long Byrge,26,Female,Canada,2041-04-20
8512,Keith Smith,55,Female,Brazil,2041-04-21
8513,George Dunlap,26,Female,Germany,2041-04-22
8514,Annamarie Baldwin,60,Male,US,2041-04-23
8515,Stephen Young,47,Male,Canada,2041-04-24
8516,Christopher Groome,51,Male,Canada,2041-04-25
8517,Lori Lightfoot,37,Male,US,2041-04-26
8518,Shirley Colvin,32,Male,US,2041-04-27
8519,Lupe Blackburn,47,Male,India,2041-04-28
8520,John Sexauer,25,Male,Germany,2041-04-29
8521,Verdeen Smith,62,Female,India,2041-04-30
8522,John Pearson,63,Male,US,2041-05-01
8523,Wendell Miller,33,Female,Canada,2041-05-02
8524,Frank Roman,36,Male,US,2041-05-03
8525,Tracy Brown,44,Male,Canada,2041-05-04
8526,Willie Zamora,61,Female,India,2041-05-05
8527,Misty Maria,47,Female,Brazil,2041-05-06
8528,Rachel Tatom,34,Female,Canada,2041-05-07
8529,Elizabeth Brubaker,39,Female,India,2041-05-08
8530,Robert None,50,Male,Germany,2041-05-09
8531,Clinton Primavera,34,Male,UK,2041-05-10
8532,Joy Rivkin,62,Female,India,2041-05-11
8533,Ricky Jischke,26,Female,UK,2041-05-12
8534,Sandra Coe,41,Male,Brazil,2041-05-13
8535,Paul Spence,33,Male,Brazil,2041-05-14
8536,Sharon Bishop,41,Male,India,2041-05-15
8537,Wildon Cameron,51,Male,Brazil,2041-05-16
8538,Michele Zocchi,20,Male,Germany,2041-05-17
8539,Darlene Renfro,60,Female,Brazil,2041-05-18
8540,Bonnie Afana,57,Male,Germany,2041-05-19
8541,Esther Cipolla,51,Female,Germany,2041-05-20
8542,Bruce Papetti,60,Male,Brazil,2041-05-21
8543,Lemoyne Lucas,31,Female,UK,2041-05-22
8544,Brittney Valdez,44,Female,UK,2041-05-23
8545,Betty Pacino,20,Male,Brazil,2041-05-24
8546,Shirley J Wilbert,24,Female,Canada,2041-05-25
8547,Kimberly Bidinost,58,Male,Canada,2041-05-26
8548,Frank Bush,33,Male,Brazil,2041-05-27
8549,Bridgette Wiles,37,Male,India,2041-05-28
8550,Sheila Lewis,35,Male,Canada,2041-05-29
8551,Josh Mullins,59,Female,Canada,2041-05-30
8552,Nicholas Cline,48,Male,Germany,2041-05-31
8553,Heysel Stratton,35,Female,Canada,2041-06-01
8554,Pat Pinkston,31,Female,India,2041-06-02
8555,Sharon Snodgrass,28,Female,UK,2041-06-03
8556,Linda Chavira,64,Male,Brazil,2041-06-04
8557,Paul Fitzmorris,25,Female,US,2041-06-05
8558,Maria Wheeler,26,Male,Canada,2041-06-06
8559,Edward Melomed,62,Female,UK,2041-06-07
8560,Emerald Fuller,46,Male,UK,2041-06-08
8561,Shelly Birmingham,26,Female,UK,2041-06-09
8562,Carol Whipple,31,Female,India,2041-06-10
8563,Terry Monitor,43,Female,US,2041-06-11
8564,Clare Lopez,40,Female,UK,2041-06-12
8565,Rita Jones,45,Male,Canada,2041-06-13
8566,Nadya Borg,47,Male,India,2041-06-14
8567,Alexandra Meyer,39,Male,US,2041-06-15
8568,Emanuel Coleman,56,Female,Canada,2041-06-16
8569,Marjorie Amador,34,Male,Canada,2041-06-17
8570,Ben Avis,48,Female,UK,2041-06-18
8571,Barry Slominski,22,Female,US,2041-06-19
8572,Shelly McGhee,58,Male,Germany,2041-06-20
8573,Geneva Thatcher,21,Male,Germany,2041-06-21
8574,Elva Dunlap,25,Male,Brazil,2041-06-22
8575,Mark Wortman,44,Male,Brazil,2041-06-23
8576,Jordan Estep,53,Female,India,2041-06-24
8577,Stanley Spoonamore,58,Female,Canada,2041-06-25
8578,Paul Shane,19,Female,India,2041-06-26
8579,Lanna Slaven,23,Female,Brazil,2041-06-27
8580,Julie Womack,32,Male,Canada,2041-06-28
8581,Darren Williams,49,Female,UK,2041-06-29
8582,Jessie Davis,57,Male,Canada,2041-06-30
8583,Kathleen Blakely,57,Male,UK,2041-07-01
8584,Margaret Allison,52,Female,UK,2041-07-02
8585,Aleah Ruybalid,45,Female,US,2041-07-03
8586,Mary Beers,49,Female,Germany,2041-07-04
8587,Beata Hood,50,Female,Brazil,2041-07-05
8588,Kimberly Lundy,59,Female,US,2041-07-06
8589,Mary Treadwell,18,Male,India,2041-07-07
8590,Adam Tschann,47,Female,India,2041-07-08
8591,James Perry,59,Female,US,2041-07-09
8592,Barbara Sparks,37,Male,UK,2041-07-10
8593,Amir Netz,22,Male,US,2041-07-11
8594,Karen Schuster,56,Female,Germany,2041-07-12
8595,Kenton Sichler,49,Male,India,2041-07-13
8596,Carrie Stensvold,50,Female,Canada,2041-07-14
8597,Kevin Blackwell,54,Female,US,2041-07-15
8598,Denise Baldwin,54,Female,Germany,2041-07-16
8599,Jonathan Hayes,64,Male,UK,2041-07-17
8600,Herbert Bomar,53,Female,Canada,2041-07-18
8601,Maxine Larkins,22,Male,US,2041-07-19
8602,Martha Cozart,42,Female,Brazil,2041-07-20
8603,Bobby Hodge,56,Male,Canada,2041-07-21
8604,Mario Coleman,62,Female,US,2041-07-22
8605,Carroll Abbate,39,Female,UK,2041-07-23
8606,Jon Scarbrough,26,Female,Brazil,2041-07-24
8607,Marjorie Chapham,49,Male,India,2041-07-25
8608,Geri Farrell,31,Male,India,2041-07-26
8609,Berniece Beltran,47,Female,India,2041-07-27
8610,Martha Parker,63,Male,UK,2041-07-28
8611,Ben Blunt,63,Female,India,2041-07-29
8612,Terry Daniel,21,Female,UK,2041-07-30
8613,Rosalinda Miller,45,Male,Canada,2041-07-31
8614,Robert Remine,25,Male,UK,2041-08-01
8615,Daniel Bates,49,Female,US,2041-08-02
8616,Marilyn Gilbreath,39,Female,Germany,2041-08-03
8617,Jim Velasquez,49,Male,UK,2041-08-04
8618,Walter Ryno,38,Female,Brazil,2041-08-05
8619,Tammy Ehrler,53,Male,Germany,2041-08-06
8620,Joseph Yanoff,43,Male,Germany,2041-08-07
8621,Judith Kent,37,Male,US,2041-08-08
8622,Brandon Burton,57,Female,Germany,2041-08-09
8623,Claire Huff,48,Male,Germany,2041-08-10
8624,Ryan Crouch,56,Male,India,2041-08-11
8625,Tina Tallman,62,Female,UK,2041-08-12
8626,Helen Tapia,52,Female,US,2041-08-13
8627,Chris Fitzgerald,62,Female,India,2041-08-14
8628,Grace Wiseman,60,Male,US,2041-08-15
8629,Judith Hardin,32,Female,US,2041-08-16
8630,Benjamin Morris,26,Male,Brazil,2041-08-17
8631,Evelyn Thompson,58,Male,Canada,2041-08-18
8632,Robrt Armistead,25,Female,UK,2041-08-19
8633,Alberto Baltazar,27,Female,India,2041-08-20
8634,Margaret Prutch,60,Male,UK,2041-08-21
8635,Eddie Brierley,49,Male,UK,2041-08-22
8636,Aaron Compton,57,Female,India,2041-08-23
8637,Kathy Lopez,53,Female,US,2041-08-24
8638,Derrick Whelply,31,Female,Brazil,2041-08-25
8639,David Jillie,36,Female,Germany,2041-08-26
8640,Julia Baxamusa,20,Male,Brazil,2041-08-27
8641,H. Patrick Vanzwol,34,Male,Brazil,2041-08-28
8642,Anna Britton,45,Male,US,2041-08-29
8643,Justin Tofield,30,Female,US,2041-08-30
8644,Liliana Mitchell,23,Male,UK,2041-08-31
8645,Linda Blaine,37,Female,Germany,2041-09-01
8646,Roberto Wilcox,20,Female,Brazil,2041-09-02
8647,Kathleen Oliver,61,Male,Germany,2041-09-03
8648,Phillip Stanifer,57,Female,Brazil,2041-09-04
8649,Nancy Wyatt,53,Female,Canada,2041-09-05
8650,Carolyn Carlson,51,Male,Canada,2041-09-06
8651,Kenneth Dubois,57,Male,Canada,2041-09-07
8652,Denise Spencer,63,Male,US,2041-09-08
8653,Daniel Baccus,28,Female,Brazil,2041-09-09
8654,Jack Wood,31,Female,Brazil,2041-09-10
8655,Alice Bautista,24,Female,Germany,2041-09-11
8656,Fred Lopez,19,Female,UK,2041-09-12
8657,Mary Ruth Pina,49,Male,India,2041-09-13
8658,Michelle Gottier,25,Male,Germany,2041-09-14
8659,Bettie Allen,53,Male,India,2041-09-15
8660,Richard Johnson,55,Female,India,2041-09-16
8661,Jennifer Craver,44,Female,UK,2041-09-17
8662,Sherena Torres,49,Female,Canada,2041-09-18
8663,James Zanet,26,Female,UK,2041-09-19
8664,Peter Ananos,47,Female,Germany,2041-09-20
8665,Michael Robertson,62,Female,India,2041-09-21
8666,Merceades Laudenslager,43,Female,US,2041-09-22
8667,Al Bell,33,Female,India,2041-09-23
8668,Steve White,62,Male,Brazil,2041-09-24
8669,Mary Borden,64,Female,Canada,2041-09-25
8670,David Carrillo,63,Female,Germany,2041-09-26
8671,Ryan Borum,29,Male,Canada,2041-09-27
8672,Kathy Ashton,61,Male,UK,2041-09-28
8673,Sheila Rupert,43,Female,Germany,2041-09-29
8674,James Bartolomei,63,Male,UK,2041-09-30
8675,Lynn Seamans,31,Female,UK,2041-10-01
8676,Lorraine Yee,55,Female,Canada,2041-10-02
8677,Z . T.  Milton Albury,21,Female,Canada,2041-10-03
8678,Jamie Spencer,21,Female,India,2041-10-04
8679,Terri Pifko,57,Male,Canada,2041-10-05
8680,Sherry Wilkerson,48,Male,UK,2041-10-06
8681,Aurelia Olguin,25,Female,Canada,2041-10-07
8682,Thadeus Emory,60,Female,UK,2041-10-08
8683,Tuyen Breaux,39,Female,UK,2041-10-09
8684,Marion Compton,60,Male,US,2041-10-10
8685,Ethel Hardin,46,Male,UK,2041-10-11
8686,Regina Albritton,41,Male,US,2041-10-12
8687,Dorothy Rydzewski,56,Male,UK,2041-10-13
8688,Delia Cody,38,Male,Brazil,2041-10-14
8689,Warren Prather,54,Male,Canada,2041-10-15
8690,Christy Fiedler,23,Male,Germany,2041-10-16
8691,Steven Weldon,41,Female,Germany,2041-10-17
8692,Ana Novas,33,Male,India,2041-10-18
8693,Karla Holcomb,46,Male,India,2041-10-19
8694,Anne-Marie Wood,47,Female,Germany,2041-10-20
8695,Brian Heiser,43,Male,India,2041-10-21
8696,Walter Ryno,30,Female,Germany,2041-10-22
8697,Elizabeth Bunn,25,Female,India,2041-10-23
8698,Heather Almeida,40,Male,Canada,2041-10-24
8699,James Bayol,43,Female,India,2041-10-25
8700,Robert Barrera,42,Female,US,2041-10-26
8701,Lisa Risner,37,Male,Brazil,2041-10-27
8702,Kristine Aldred,41,Female,US,2041-10-28
8703,Amelia Munoz,42,Female,US,2041-10-29
8704,Margurite Bonilla,27,Male,UK,2041-10-30
8705,Kellie Belcher,30,Male,Canada,2041-10-31
8706,Mary Cramer,48,Male,Brazil,2041-11-01
8707,Fred Tam,20,Female,UK,2041-11-02
8708,Mary Johnson,50,Female,US,2041-11-03
8709,Pamela Smith,30,Female,US,2041-11-04
8710,Janel Smith,21,Female,US,2041-11-05
8711,William Wade,18,Male,UK,2041-11-06
8712,Robert Weiss,55,Female,Brazil,2041-11-07
8713,Judy Cartwright,46,Male,US,2041-11-08
8714,Jay Edwards,50,Female,India,2041-11-09
8715,Robert Ahlering,60,Female,Brazil,2041-11-10
8716,Geraldine Collins,53,Female,UK,2041-11-11
8717,Barbara Wisnewski,28,Female,Brazil,2041-11-12
8718,Rethel Lange,33,Male,India,2041-11-13
8719,Catherine Hammond,46,Female,Brazil,2041-11-14
8720,Raymond Lippman,27,Female,India,2041-11-15
8721,Jamie Shaddy,49,Male,Brazil,2041-11-16
8722,Glenda Freedberg,41,Male,Germany,2041-11-17
8723,Jennifer Kiley,26,Male,Germany,2041-11-18
8724,Vicki Hills,23,Male,India,2041-11-19
8725,Richard Dean,52,Female,Germany,2041-11-20
8726,Robert Yengich,30,Male,Germany,2041-11-21
8727,Virginia Bowman,52,Female,Germany,2041-11-22
8728,Debi Sorensen,31,Male,US,2041-11-23
8729,Jennie Reeves,30,Female,India,2041-11-24
8730,Anita Greer,34,Female,India,2041-11-25
8731,Victoria Barukh,40,Male,Brazil,2041-11-26
8732,James Gold,23,Female,India,2041-11-27
8733,Roberto Wilcox,62,Female,Germany,2041-11-28
8734,Susan Pomerleau,57,Female,US,2041-11-29
8735,Allison Ehrens,44,Female,Brazil,2041-11-30
8736,Tom Apodaca,44,Male,Canada,2041-12-01
8737,David Dixon,52,Female,Germany,2041-12-02
8738,Jill Shopneck,23,Male,Germany,2041-12-03
8739,Barbara Butcher,22,Male,UK,2041-12-04
8740,Bernard Bruner,56,Male,Brazil,2041-12-05
8741,Gary Drew,56,Female,US,2041-12-06
8742,Carlos Tackett,36,Female,Brazil,2041-12-07
8743,Chad Biederman,20,Female,Canada,2041-12-08
8744,Marilyn Schaidt,54,Male,US,2041-12-09
8745,Wanda Denecia,23,Female,US,2041-12-10
8746,Stacey Rowland,48,Female,Canada,2041-12-11
8747,William Woods,61,Male,US,2041-12-12
8748,Marilyn Smith,46,Female,Germany,2041-12-13
8749,Susan Jasper,35,Female,Germany,2041-12-14
8750,Kathleen Garza,55,Male,India,2041-12-15
8751,Ruth Sands,32,Female,Germany,2041-12-16
8752,William Lindahl,54,Male,Germany,2041-12-17
8753,Gary Hurt,25,Female,Canada,2041-12-18
8754,Norma Beeby,64,Male,Brazil,2041-12-19
8755,Thomas Martin,53,Female,Brazil,2041-12-20
8756,Robert Ross,49,Female,US,2041-12-21
8757,Elizabeth Carter,43,Male,Canada,2041-12-22
8758,Dee Brickell,57,Female,Canada,2041-12-23
8759,Cheri Voeltz,58,Female,India,2041-12-24
8760,Jody Pryor,49,Male,Germany,2041-12-25
8761,Morrie Ace,52,Female,Germany,2041-12-26
8762,John Bates,40,Female,India,2041-12-27
8763,Aaron Van Ness,55,Male,UK,2041-12-28
8764,Charles Drake,32,Male,Canada,2041-12-29
8765,Dauna Barton,28,Male,Brazil,2041-12-30
8766,Corrie Steger,58,Female,UK,2041-12-31
8767,Kathryn Roberson,47,Female,UK,2042-01-01
8768,Kris Stand,60,Male,Canada,2042-01-02
8769,L. Marilyn Powers,49,Female,US,2042-01-03
8770,Georgia Landrum,19,Female,Germany,2042-01-04
8771,Mosha Pasumansky,20,Female,Canada,2042-01-05
8772,Sherry Nally,46,Male,US,2042-01-06
8773,Thomas Duran,61,Male,US,2042-01-07
8774,William Benzler,56,Male,UK,2042-01-08
8775,Debra Wilkinson,31,Male,US,2042-01-09
8776,James Stanford,55,Male,UK,2042-01-10
8777,Sandra Stephens,42,Female,India,2042-01-11
8778,Joseph Schofield,32,Female,US,2042-01-12
8779,Cynthia Schanker,22,Male,Brazil,2042-01-13
8780,Leila Carlisle,23,Female,Canada,2042-01-14
8781,Olga Plutt,22,Male,Canada,2042-01-15
8782,Mike Ridolf,50,Male,Brazil,2042-01-16
8783,Sterling Crowe,44,Female,UK,2042-01-17
8784,Cathy Garcia,44,Female,India,2042-01-18
8785,Silvio Watkins,46,Male,Canada,2042-01-19
8786,Nina Metz,45,Female,US,2042-01-20
8787,Margaret Stephens,23,Female,US,2042-01-21
8788,Justin Woodward,20,Female,UK,2042-01-22
8789,Rodley Blotzer,59,Female,US,2042-01-23
8790,Paul Shields,30,Male,Germany,2042-01-24
8791,Frederick Ambriz,31,Male,Germany,2042-01-25
8792,Clay Yee,31,Male,Canada,2042-01-26
8793,Maria Terry,55,Male,US,2042-01-27
8794,Melvin Aitkenhead,64,Male,UK,2042-01-28
8795,V. Diane Leaverton,56,Male,Germany,2042-01-29
8796,Matthew Durocher,51,Female,Canada,2042-01-30
8797,Elizabeth Moss,36,Male,US,2042-01-31
8798,Danny Corsi,50,Female,UK,2042-02-01
8799,Dana Chappell,61,Female,India,2042-02-02
8800,Russell Reed,25,Female,Canada,2042-02-03
8801,M. Barajas,63,Male,Canada,2042-02-04
8802,Shirley Springer,58,Female,UK,2042-02-05
8803,Jason Messicci,52,Male,Canada,2042-02-06
8804,Frank Deluca,60,Male,US,2042-02-07
8805,James Bartolomei,48,Female,UK,2042-02-08
8806,Vera Emenhiser,40,Male,Germany,2042-02-09
8807,Steve Votta,53,Male,India,2042-02-10
8808,Ashley Witt,33,Female,UK,2042-02-11
8809,Michael Andrews,45,Male,UK,2042-02-12
8810,Rory Wren,36,Female,UK,2042-02-13
8811,Maria Duran,22,Female,US,2042-02-14
8812,Margaret Lewis,46,Male,US,2042-02-15
8813,Robert Dutton,64,Male,Canada,2042-02-16
8814,Mike Stevenson,27,Male,Canada,2042-02-17
8815,Misty Busby,28,Male,US,2042-02-18
8816,Sam Zeller,48,Male,Brazil,2042-02-19
8817,Benjamin Becker,37,Female,India,2042-02-20
8818,Jason Ryan Bozeman,24,Male,US,2042-02-21
8819,Gary Buerry,21,Male,Canada,2042-02-22
8820,Jane Vergara,25,Male,UK,2042-02-23
8821,Richard Strescino,61,Male,Germany,2042-02-24
8822,Gloria Greenhood,36,Female,India,2042-02-25
8823,Kenton Orner,57,Male,US,2042-02-26
8824,Theresa Campbell,63,Female,India,2042-02-27
8825,Robert Pool,28,Male,UK,2042-02-28
8826,Martha Benefiel,49,Female,UK,2042-03-01
8827,Lisa Williams,63,Female,India,2042-03-02
8828,Carol Wacklin,62,Female,Germany,2042-03-03
8829,Bradley Doman,42,Female,UK,2042-03-04
8830,Penny Hatton,59,Male,Germany,2042-03-05
8831,Lori Fenster,64,Male,India,2042-03-06
8832,Thomas Waller,20,Female,Canada,2042-03-07
8833,Wayne Gough,35,Female,India,2042-03-08
8834,Doris Rohar,38,Male,Canada,2042-03-09
8835,Arthur Deubel,51,Female,Canada,2042-03-10
8836,Dolores Landsaw,31,Female,UK,2042-03-11
8837,Eli Waterhouse,27,Female,US,2042-03-12
8838,Jenaro Sandoval,32,Male,India,2042-03-13
8839,Brenda Riley,57,Female,Canada,2042-03-14
8840,Kathleen Roybal,58,Male,Brazil,2042-03-15
8841,Jordan Estep,58,Male,UK,2042-03-16
8842,Shirley Bruner,26,Male,Canada,2042-03-17
8843,Karen Walhe,34,Female,Germany,2042-03-18
8844,Donald Moore,32,Female,Germany,2042-03-19
8845,Carlos Weir,24,Male,Brazil,2042-03-20
8846,Dolores Green,20,Female,India,2042-03-21
8847,Nick Bruce,39,Female,US,2042-03-22
8848,Gloria Freiberg,41,Female,India,2042-03-23
8849,Marylou Valladao,54,Female,Germany,2042-03-24
8850,Barbara Arbeck,22,Female,India,2042-03-25
8851,Nicolas Suleiman,55,Male,Brazil,2042-03-26
8852,Robert Kochevar,50,Female,Brazil,2042-03-27
8853,John Stone,36,Female,Canada,2042-03-28
8854,William Cathey,40,Female,Brazil,2042-03-29
8855,Son Vanover,40,Male,UK,2042-03-30
8856,Howard King,42,Male,India,2042-03-31
8857,Lisa Gill,37,Male,Brazil,2042-04-01
8858,Barbara Obaugh,24,Female,Brazil,2042-04-02
8859,Lynn ODonahue,42,Male,Brazil,2042-04-03
8860,Trent Wood,37,Male,US,2042-04-04
8861,Tina Baca,60,Male,Germany,2042-04-05
8862,Leah Stephanos,18,Male,Brazil,2042-04-06
8863,Robert Young,30,Female,India,2042-04-07
8864,William Horne,55,Female,Brazil,2042-04-08
8865,Lois Conneally,22,Male,Brazil,2042-04-09
8866,Toni Brown,59,Female,Canada,2042-04-10
8867,Evelynn McNay,23,Male,US,2042-04-11
8868,John Kelliher,55,Male,Canada,2042-04-12
8869,Steven Vigil,56,Male,India,2042-04-13
8870,Sharon Nelson,46,Female,Brazil,2042-04-14
8871,Adrian Torrez,26,Female,Brazil,2042-04-15
8872,Ashley Mitchell,33,Female,India,2042-04-16
8873,Mike Ramer,31,Female,Canada,2042-04-17
8874,Paisal Smith,47,Female,Germany,2042-04-18
8875,Julia Cahling,38,Female,India,2042-04-19
8876,Marina Erwin,55,Female,US,2042-04-20
8877,Wanda Vernon,51,Female,Brazil,2042-04-21
8878,Dona Nichols,31,Male,India,2042-04-22
8879,Ann Blomster,27,Female,UK,2042-04-23
8880,John David,32,Male,UK,2042-04-24
8881,Glenn Chenault,26,Female,UK,2042-04-25
8882,Peffy Byron,61,Male,US,2042-04-26
8883,Tina Zugar,39,Male,India,2042-04-27
8884,Janet Byrnes,51,Male,UK,2042-04-28
8885,Jerry Kolosso,49,Female,India,2042-04-29
8886,Dennis Bullington,36,Female,Brazil,2042-04-30
8887,Mike Takaki,50,Male,Brazil,2042-05-01
8888,Shirley Lease,43,Female,India,2042-05-02
8889,Zina Ingles,46,Male,UK,2042-05-03
8890,Cheryl Taylor,41,Female,India,2042-05-04
8891,Tom McKee,39,Female,India,2042-05-05
8892,Hazel Souza,37,Male,Brazil,2042-05-06
8893,Robin Arthur,64,Female,UK,2042-05-07
8894,Miranda Zimmerman,55,Female,Canada,2042-05-08
8895,Biju Jones,39,Male,UK,2042-05-09
8896,Leigha Van Buskirk,39,Male,Germany,2042-05-10
8897,Kendra Poirier,40,Female,India,2042-05-11
8898,Veronika Rose,31,Male,Germany,2042-05-12
8899,Robert James,43,Female,Canada,2042-05-13
8900,Ramiro Leck,26,Female,Brazil,2042-05-14
8901,Wade Yates,60,Female,Canada,2042-05-15
8902,James Moyal,46,Male,US,2042-05-16
8903,Parmer Kille,62,Female,UK,2042-05-17
8904,Wallace Jones,36,Male,Germany,2042-05-18
8905,Debbie Teranen,32,Male,Germany,2042-05-19
8906,Russell Randall,62,Female,UK,2042-05-20
8907,Dora Castro,54,Male,US,2042-05-21
8908,Gregory Odenthal,32,Female,Germany,2042-05-22
8909,Brian Enrico,28,Female,UK,2042-05-23
8910,Betty Lou Lunt,43,Female,UK,2042-05-24
8911,Debra Thompson,45,Male,US,2042-05-25
8912,Alvin Simpson,33,Female,Germany,2042-05-26
8913,Gabriel Walton,52,Male,Germany,2042-05-27
8914,Terri Daroca,46,Female,UK,2042-05-28
8915,Phil Munoz,50,Male,India,2042-05-29
8916,Michael Bruha,36,Male,Brazil,2042-05-30
8917,Harold Sparks,49,Male,US,2042-05-31
8918,Shane Vacondias,58,Male,UK,2042-06-01
8919,Betty Devalois,64,Female,UK,2042-06-02
8920,Susan Ramos,50,Male,Canada,2042-06-03
8921,Bettie Pooler,27,Female,Germany,2042-06-04
8922,Dale Kartus,44,Male,Brazil,2042-06-05
8923,Bryndis Foster,52,Female,Canada,2042-06-06
8924,Karen Theriault,32,Male,UK,2042-06-07
8925,Doris Cabral,61,Female,Canada,2042-06-08
8926,Ellen Newland,26,Male,India,2042-06-09
8927,Elaine Mceahern,62,Female,India,2042-06-10
8928,Kathleen Cameron,53,Male,Brazil,2042-06-11
8929,Martha Mapes,59,Male,Germany,2042-06-12
8930,Catherine Rhea,34,Female,Germany,2042-06-13
8931,Marvin Carter,30,Male,US,2042-06-14
8932,Virginia Stuart,43,Male,Brazil,2042-06-15
8933,Fernando Suresy,27,Male,Germany,2042-06-16
8934,Paula Stevens,53,Male,Brazil,2042-06-17
8935,Eloise Currier,46,Male,Canada,2042-06-18
8936,Eunice Taylor,51,Male,India,2042-06-19
8937,Margaret Snedeker,58,Female,Canada,2042-06-20
8938,David Ortiz,59,Female,US,2042-06-21
8939,Maxwell Amland,63,Female,US,2042-06-22
8940,Bradley Divelbiss,42,Female,India,2042-06-23
8941,Hazel Baker,29,Female,US,2042-06-24
8942,Angela Preece,42,Female,India,2042-06-25
8943,John Styles,26,Female,Canada,2042-06-26
8944,Frank Burke,64,Male,UK,2042-06-27
8945,George Quick,28,Female,US,2042-06-28
8946,Mary Allen,36,Male,Germany,2042-06-29
8947,Sarah Rohrs,25,Male,Germany,2042-06-30
8948,Mary Annunciation,51,Female,UK,2042-07-01
8949,Darren Ward,58,Female,Germany,2042-07-02
8950,Jacqueline Canfield,57,Female,Brazil,2042-07-03
8951,Diane Barajas,30,Male,Germany,2042-07-04
8952,Nancy Miller,34,Male,Brazil,2042-07-05
8953,John Zocchi,45,Male,Germany,2042-07-06
8954,Sandra Merrick,58,Male,Germany,2042-07-07
8955,John Beret,51,Female,India,2042-07-08
8956,Crystal Truxel,33,Female,UK,2042-07-09
8957,Darroll Loomer,33,Male,India,2042-07-10
8958,Kristy Maloney,39,Female,Brazil,2042-07-11
8959,Tina Yray,53,Female,Canada,2042-07-12
8960,Elaina Anderson,23,Male,India,2042-07-13
8961,Darleen Schranz,51,Female,Brazil,2042-07-14
8962,Donna Kneipple,28,Male,US,2042-07-15
8963,Gary Suess,22,Female,US,2042-07-16
8964,Patricia Martin,24,Female,US,2042-07-17
8965,Phyllis Coenen,29,Female,US,2042-07-18
8966,Mary Wittels,56,Male,US,2042-07-19
8967,Karen Dahlberg,43,Female,India,2042-07-20
8968,Debi Munn,26,Male,Brazil,2042-07-21
8969,Darla Myers,52,Male,US,2042-07-22
8970,Alan Augustus,31,Male,US,2042-07-23
8971,Louis Dawson,26,Male,US,2042-07-24
8972,Dee Brickell,45,Female,UK,2042-07-25
8973,Paul Robbins,61,Male,Canada,2042-07-26
8974,Thomas Atencio,37,Male,India,2042-07-27
8975,Clark Peters,47,Female,US,2042-07-28
8976,William Abravaya,36,Female,UK,2042-07-29
8977,Gery Scott,52,Male,Germany,2042-07-30
8978,Joan Pilkenton,54,Male,Germany,2042-07-31
8979,Chris Sturdevant,43,Female,India,2042-08-01
8980,Rachel Johnson,54,Male,India,2042-08-02
8981,Robert Raney,45,Female,Germany,2042-08-03
8982,Micheline Brasselero,53,Female,US,2042-08-04
8983,Thomas Martin,20,Male,Germany,2042-08-05
8984,Ole Weldon,26,Male,Germany,2042-08-06
8985,Emanuel Doidge,49,Male,Brazil,2042-08-07
8986,Fred Kelley,31,Male,Brazil,2042-08-08
8987,David Dreskin,43,Female,Brazil,2042-08-09
8988,Marilyn Schaidt,23,Male,Brazil,2042-08-10
8989,Susie Battle,32,Female,UK,2042-08-11
8990,Margaret Trujillo,24,Male,US,2042-08-12
8991,Joanne Woodruff,63,Female,India,2042-08-13
8992,Charles Adams,56,Male,UK,2042-08-14
8993,Russell Reed,56,Male,US,2042-08-15
8994,Ian Skarr,31,Female,Canada,2042-08-16
8995,Aaron Compton,57,Male,Canada,2042-08-17
8996,Lois OConner,28,Male,UK,2042-08-18
8997,Joshua Clark,34,Male,Germany,2042-08-19
8998,Owen Barbarelli,44,Female,Germany,2042-08-20
8999,Richard Young,32,Female,UK,2042-08-21
9000,Andre Thompson,30,Female,Brazil,2042-08-22
9001,Joan Bermudez,21,Female,US,2042-08-23
9002,Kathy Wood,64,Male,India,2042-08-24
9003,James Goudreau,42,Female,Germany,2042-08-25
9004,Pam Mendez,46,Male,UK,2042-08-26
9005,Catherine Meagher,24,Male,US,2042-08-27
9006,Dewey Rhea,21,Female,US,2042-08-28
9007,Rae Yarrington,30,Male,Brazil,2042-08-29
9008,Edward Ahillas,41,Female,Germany,2042-08-30
9009,Jane Vergara,62,Female,US,2042-08-31
9010,Donna Michaluk,20,Male,Germany,2042-09-01
9011,Derwin Sanchez,54,Female,Brazil,2042-09-02
9012,Joseph Henderson,64,Female,Germany,2042-09-03
9013,Herb Montano,52,Male,Canada,2042-09-04
9014,Bertie Cogburn,34,Male,US,2042-09-05
9015,Kelly Buford,30,Male,US,2042-09-06
9016,Gary Crasky,22,Male,Brazil,2042-09-07
9017,Scott Yandell,54,Female,Brazil,2042-09-08
9018,Sarah Moore,55,Male,India,2042-09-09
9019,Joan Terry,61,Female,Germany,2042-09-10
9020,Mary McCormick,27,Female,Germany,2042-09-11
9021,Jamie Merritt,52,Female,Canada,2042-09-12
9022,Andrew Stewart,18,Male,India,2042-09-13
9023,Michael Stanley,63,Male,Germany,2042-09-14
9024,Richard Sosine,21,Female,Canada,2042-09-15
9025,Sharon Zikria,49,Female,UK,2042-09-16
9026,Calvin Carpenter,30,Male,Canada,2042-09-17
9027,Douglas Clark,49,Male,India,2042-09-18
9028,Maria Hamilton,41,Female,Germany,2042-09-19
9029,Judy Anderson,30,Female,Canada,2042-09-20
9030,Bradley Varadi,56,Male,Canada,2042-09-21
9031,Christopher Valdez,36,Male,Canada,2042-09-22
9032,Sam Hill,18,Female,UK,2042-09-23
9033,Robert Allen,61,Female,Canada,2042-09-24
9034,Gerald Morris,29,Male,Brazil,2042-09-25
9035,Sara Brown,25,Female,Germany,2042-09-26
9036,Silvia Walker,43,Male,US,2042-09-27
9037,Linda Ruybol,52,Male,Canada,2042-09-28
9038,Mary Steen,34,Female,Canada,2042-09-29
9039,Alberto Baltazar,26,Male,Germany,2042-09-30
9040,Nina Medina,22,Male,Brazil,2042-10-01
9041,Sue Daugherty,40,Female,US,2042-10-02
9042,Theresa Castillo,27,Female,Germany,2042-10-03
9043,Paul Beatty,64,Male,India,2042-10-04
9044,Jean Thorpe,45,Female,Canada,2042-10-05
9045,Alan Bradley,18,Male,Canada,2042-10-06
9046,Edwin Fraysur,43,Female,UK,2042-10-07
9047,Ernest Staton,19,Female,US,2042-10-08
9048,Tracey Henriques,40,Male,UK,2042-10-09
9049,Karen Snyder,64,Female,Canada,2042-10-10
9050,Aurelia Olguin,20,Female,US,2042-10-11
9051,Wathalee Steuber,58,Female,Canada,2042-10-12
9052,Karen Thurlow,60,Female,US,2042-10-13
9053,Thomas Rickhoff,34,Female,India,2042-10-14
9054,Dawn Woods,49,Male,Germany,2042-10-15
9055,Robert Jecman,19,Male,Brazil,2042-10-16
9056,Frank Ross,27,Female,Germany,2042-10-17
9057,Shelly Busby,44,Female,US,2042-10-18
9058,Lorraine Dills,23,Female,India,2042-10-19
9059,Lisa Salka,39,Male,UK,2042-10-20
9060,Patt Tiutin,55,Female,India,2042-10-21
9061,Berniece Beltran,50,Male,Brazil,2042-10-22
9062,Olga Plutt,26,Female,Brazil,2042-10-23
9063,Rose Browning,59,Male,Germany,2042-10-24
9064,Theresa Campbell,49,Male,US,2042-10-25
9065,Terri Burke,37,Female,Germany,2042-10-26
9066,Patricia Gulledge,29,Female,Canada,2042-10-27
9067,Linda Hall,18,Male,India,2042-10-28
9068,Everett Putt,61,Male,UK,2042-10-29
9069,Rosa Keller,52,Female,US,2042-10-30
9070,Greg Wood,30,Female,Canada,2042-10-31
9071,Catherine Budd,29,Male,Brazil,2042-11-01
9072,Glenda Freedberg,44,Female,US,2042-11-02
9073,Lemoyne Lucas,42,Female,US,2042-11-03
9074,Erin Potter,41,Female,US,2042-11-04
9075,Patricia Morrone,41,Female,Germany,2042-11-05
9076,Kendra Hartling,51,Female,US,2042-11-06
9077,Mary Antypas,58,Female,US,2042-11-07
9078,Bernadette Rosania,33,Male,UK,2042-11-08
9079,John Prescott,22,Female,Brazil,2042-11-09
9080,Emily Cayo,24,Female,Canada,2042-11-10
9081,Gladys Nardini,51,Female,UK,2042-11-11
9082,Larry Chambers,53,Male,Germany,2042-11-12
9083,Luella Day,51,Male,Germany,2042-11-13
9084,Diana Dodge,19,Male,UK,2042-11-14
9085,Mary Hayes,64,Male,India,2042-11-15
9086,Shirley Vargas,26,Male,US,2042-11-16
9087,Mary Jane Clark,36,Male,US,2042-11-17
9088,Sherri Thomas,47,Male,India,2042-11-18
9089,Jack Tapin,35,Male,US,2042-11-19
9090,Joyce Peak,27,Female,Canada,2042-11-20
9091,Velma Wright,61,Female,UK,2042-11-21
9092,Tracey Tadeo,46,Male,UK,2042-11-22
9093,Marcella Barnes,31,Male,UK,2042-11-23
9094,Thomas Price,57,Female,UK,2042-11-24
9095,Peter Sargent,55,Male,UK,2042-11-25
9096,Norman Smith,55,Female,Germany,2042-11-26
9097,Harold Gray,36,Female,Brazil,2042-11-27
9098,Glenda Bauer,39,Female,Brazil,2042-11-28
9099,Susie Repicky,34,Female,India,2042-11-29
9100,Ted Baugh,41,Male,US,2042-11-30
9101,Hazel Souza,64,Female,UK,2042-12-01
9102,Velma Lykes,34,Male,Canada,2042-12-02
9103,Richard Smith,48,Male,India,2042-12-03
9104,John Ace,40,Male,US,2042-12-04
9105,Z . T.  Milton Albury,32,Male,Canada,2042-12-05
9106,Rochelle Smith,54,Male,UK,2042-12-06
9107,Jeanne Ibarra,50,Male,Canada,2042-12-07
9108,Earl Roth,48,Female,India,2042-12-08
9109,Sareena Cook,44,Female,Brazil,2042-12-09
9110,Cordelia Wolfe,39,Female,US,2042-12-10
9111,Mike Fernandez,49,Male,Brazil,2042-12-11
9112,Norman Troxell,46,Male,Germany,2042-12-12
9113,Mary Wells,48,Female,UK,2042-12-13
9114,Frank Cortez,27,Male,Germany,2042-12-14
9115,John Brunton,28,Female,Brazil,2042-12-15
9116,Norman Cabezzas,43,Female,Brazil,2042-12-16
9117,Regina Renner,27,Male,Brazil,2042-12-17
9118,Miggs Gutirrez,53,Male,India,2042-12-18
9119,Susan Vigil,60,Male,US,2042-12-19
9120,Luz Whalen,63,Female,UK,2042-12-20
9121,Troy Finch,56,Female,Canada,2042-12-21
9122,Frances Whiting,53,Female,Brazil,2042-12-22
9123,Lawrence Hale,45,Male,Canada,2042-12-23
9124,Mary Katherine Sloan,54,Male,Canada,2042-12-24
9125,Elmer Villaluz,53,Female,Canada,2042-12-25
9126,Marilyn Paulson,26,Male,Canada,2042-12-26
9127,Anne Trujillo,48,Female,India,2042-12-27
9128,Kerry Doyle,24,Male,Canada,2042-12-28
9129,James Knerich,49,Female,Germany,2042-12-29
9130,Jessamyn Carter,48,Female,Canada,2042-12-30
9131,Patrick Espinoza,46,Male,Canada,2042-12-31
9132,Kristin Miller,63,Female,UK,2043-01-01
9133,Willard Fornall,49,Female,India,2043-01-02
9134,Kathryn Chitwood,41,Female,Canada,2043-01-03
9135,Coy Chamberlain,29,Female,UK,2043-01-04
9136,Chris Longo,64,Female,US,2043-01-05
9137,Richard Wauldon,52,Female,Canada,2043-01-06
9138,Joe Tran,33,Female,Canada,2043-01-07
9139,Derwin Sanchez,27,Male,Canada,2043-01-08
9140,Eleanor Burns,45,Male,Germany,2043-01-09
9141,Edward Campbell,44,Male,Brazil,2043-01-10
9142,Barbara Bowling,60,Female,India,2043-01-11
9143,Judith Martinez,39,Male,Canada,2043-01-12
9144,William Buxton,62,Male,Brazil,2043-01-13
9145,Michelle Bailey,25,Male,UK,2043-01-14
9146,Sherry Nally,43,Male,Brazil,2043-01-15
9147,Debra Wilmoth,63,Male,US,2043-01-16
9148,Lianna Zamora,36,Male,Canada,2043-01-17
9149,Michelle Cochran,31,Female,Brazil,2043-01-18
9150,Pamela Summers,31,Male,Brazil,2043-01-19
9151,Fred Parker,33,Female,Canada,2043-01-20
9152,Donna Wilson,34,Male,US,2043-01-21
9153,Robert Adalat,18,Female,India,2043-01-22
9154,Lynda Conway,30,Female,Canada,2043-01-23
9155,Tokio Stobber,44,Male,Canada,2043-01-24
9156,Cathy Sipsy,59,Female,India,2043-01-25
9157,Florence Solari,57,Male,India,2043-01-26
9158,Tom Smith,56,Male,UK,2043-01-27
9159,Ted Yaniz,45,Male,UK,2043-01-28
9160,Susan Vecera,38,Male,UK,2043-01-29
9161,Daniel Edwards,44,Female,Canada,2043-01-30
9162,Ed Howlett,43,Female,UK,2043-01-31
9163,Evelyn Noone,22,Male,Brazil,2043-02-01
9164,Katherine Cholewa,41,Male,Germany,2043-02-02
9165,Johnny Stratton,32,Male,Brazil,2043-02-03
9166,Albert Sullivan,41,Female,UK,2043-02-04
9167,Ida Holmes,41,Female,India,2043-02-05
9168,Beverly Avila,40,Male,Brazil,2043-02-06
9169,Charles Weidman,21,Male,Germany,2043-02-07
9170,Linda Gonzales,43,Male,India,2043-02-08
9171,Allison Degraaf,41,Female,Canada,2043-02-09
9172,Margaret Head,38,Female,Brazil,2043-02-10
9173,Norm Mighaud,25,Female,US,2043-02-11
9174,Susan Casey,36,Male,Brazil,2043-02-12
9175,Betty Devalois,61,Male,US,2043-02-13
9176,Sheila Addante,37,Female,India,2043-02-14
9177,Susan Belcher,50,Male,India,2043-02-15
9178,Mike Gonzales,61,Female,India,2043-02-16
9179,Kevin Zubal,35,Female,Canada,2043-02-17
9180,William Randolph,57,Female,Germany,2043-02-18
9181,Connie Clark,21,Male,India,2043-02-19
9182,Charles Strange,26,Male,Canada,2043-02-20
9183,Cheryl Pompa,58,Female,India,2043-02-21
9184,Branna Seul,46,Male,Germany,2043-02-22
9185,Brian Jones,56,Female,Germany,2043-02-23
9186,Robert Irvin,45,Male,US,2043-02-24
9187,Nathan Eddy,52,Female,UK,2043-02-25
9188,Charles Krassowski,62,Female,Germany,2043-02-26
9189,Theresa McFarren,64,Female,Canada,2043-02-27
9190,Claud Spicer,24,Male,India,2043-02-28
9191,Leah Stephanos,56,Female,Canada,2043-03-01
9192,Leslie Estes,56,Female,US,2043-03-02
9193,Bertha Verhaus,24,Male,India,2043-03-03
9194,Doshie Gutierrez,40,Male,India,2043-03-04
9195,Ora Wilson,23,Male,US,2043-03-05
9196,Eric Belleci,44,Male,India,2043-03-06
9197,Dave Ysmael,52,Female,Canada,2043-03-07
9198,Brian Raya,29,Female,US,2043-03-08
9199,Sean Hays,34,Female,Canada,2043-03-09
9200,Karla Von Waldegg,27,Male,Germany,2043-03-10
9201,Phyllis Carter,51,Female,US,2043-03-11
9202,Deanna Buskirk,50,Male,India,2043-03-12
9203,Robert Bennett,62,Female,Germany,2043-03-13
9204,Eric Abbott,28,Female,Canada,2043-03-14
9205,Richard Carter,38,Male,Germany,2043-03-15
9206,Nick Skapinok,58,Female,UK,2043-03-16
9207,Wendy Jenkins,48,Male,US,2043-03-17
9208,Susana Stearns,33,Female,UK,2043-03-18
9209,Patsy Misiaszek,29,Female,US,2043-03-19
9210,Jill Bonham,31,Male,UK,2043-03-20
9211,Robert Ross,40,Male,India,2043-03-21
9212,Nancy Johnston,19,Female,Brazil,2043-03-22
9213,Dianne Viger,20,Female,US,2043-03-23
9214,Bradley Doman,39,Male,US,2043-03-24
9215,Mary Phillips,32,Male,US,2043-03-25
9216,Thelma Veregas,41,Male,Brazil,2043-03-26
9217,Frances Stovall,42,Male,Canada,2043-03-27
9218,Marilyn Tobias,34,Female,India,2043-03-28
9219,Judith Karavites,62,Male,Germany,2043-03-29
9220,Reva Cornell,42,Female,Canada,2043-03-30
9221,Graciela Konig,56,Female,India,2043-03-31
9222,Edie Stuart,57,Male,Canada,2043-04-01
9223,Christy Vukelich,21,Female,UK,2043-04-02
9224,Pamela Cox,52,Female,India,2043-04-03
9225,Bernard Voerge,52,Male,UK,2043-04-04
9226,Mary Tate,39,Male,Brazil,2043-04-05
9227,Abi Spencer,44,Male,Germany,2043-04-06
9228,Sharla Soffa,61,Female,UK,2043-04-07
9229,Donna Carreras,56,Male,Germany,2043-04-08
9230,Gary Valeska,62,Male,Brazil,2043-04-09
9231,Necia Spence,59,Female,US,2043-04-10
9232,Brenda Zagar,35,Male,India,2043-04-11
9233,Bruce Weber,54,Male,Germany,2043-04-12
9234,Robert Ellis,41,Female,US,2043-04-13
9235,Phyllis Huntsman,37,Male,US,2043-04-14
9236,Shawn Trujillo,47,Male,UK,2043-04-15
9237,Evelyn Lopez,37,Female,UK,2043-04-16
9238,Patty Thompson,40,Male,Canada,2043-04-17
9239,Patrick Hambright,42,Male,Brazil,2043-04-18
9240,Victoria Occhipinti,33,Female,US,2043-04-19
9241,Debra Harris,33,Male,Brazil,2043-04-20
9242,Kristin Watts,50,Female,Germany,2043-04-21
9243,Tricia Hopkins,49,Male,Germany,2043-04-22
9244,Beverly Dittmar,43,Female,Germany,2043-04-23
9245,April Latham,27,Male,Canada,2043-04-24
9246,Mary Fields,60,Female,Canada,2043-04-25
9247,Christian Snowdall,49,Male,Brazil,2043-04-26
9248,Christina Amaro,22,Male,US,2043-04-27
9249,Virginia Whitney,41,Male,India,2043-04-28
9250,Mary Browne,55,Female,UK,2043-04-29
9251,Virginia Kriete,19,Female,US,2043-04-30
9252,Rachel Zimmerman,60,Male,Canada,2043-05-01
9253,Wynona Nichols,40,Female,US,2043-05-02
9254,William Bowman,23,Male,UK,2043-05-03
9255,Tom Wheeler,30,Female,Brazil,2043-05-04
9256,Dan Beerbaum,42,Male,Germany,2043-05-05
9257,Ashley Witt,29,Female,Brazil,2043-05-06
9258,Ebony Allen,46,Female,Germany,2043-05-07
9259,Thomas Colarelli,62,Male,US,2043-05-08
9260,Elizabeth Huff,44,Female,Germany,2043-05-09
9261,Gregory Odenthal,43,Male,India,2043-05-10
9262,Robert Catlin,64,Female,Canada,2043-05-11
9263,Debbie Taro,59,Female,UK,2043-05-12
9264,Janine Davis,21,Female,Brazil,2043-05-13
9265,Robert Stotka,40,Male,Germany,2043-05-14
9266,Christine Wilson,51,Female,Brazil,2043-05-15
9267,Eric Callahan,28,Male,US,2043-05-16
9268,Julia Welge,35,Male,US,2043-05-17
9269,Tamara Shub,26,Male,Canada,2043-05-18
9270,Virginia Daily,64,Male,Germany,2043-05-19
9271,Roxanne Brydum,44,Female,Brazil,2043-05-20
9272,Harold Trujillo,53,Female,US,2043-05-21
9273,Christine Mccall,62,Female,US,2043-05-22
9274,Irvin Setzer,38,Female,Canada,2043-05-23
9275,Alberto Baltazar,48,Female,UK,2043-05-24
9276,Helen Huck,33,Male,US,2043-05-25
9277,James Thompson,21,Female,Germany,2043-05-26
9278,Laurona Sousa,56,Female,Canada,2043-05-27
9279,Otilia Spiros,20,Male,Brazil,2043-05-28
9280,Ronald Vierthaler,63,Male,Germany,2043-05-29
9281,Alma Adams,41,Female,UK,2043-05-30
9282,Sandy Spaulding,21,Male,Brazil,2043-05-31
9283,Catherine Wharton,46,Male,Germany,2043-06-01
9284,Erin Angelbeck,55,Female,UK,2043-06-02
9285,Diane Bennett,59,Female,India,2043-06-03
9286,June Williams,46,Male,India,2043-06-04
9287,Rebecca Lindsey,62,Male,US,2043-06-05
9288,Wayne Hsieh,54,Male,Canada,2043-06-06
9289,Diana Smith,55,Male,US,2043-06-07
9290,Ann Gaines,41,Male,India,2043-06-08
9291,Lynn Seamans,63,Female,US,2043-06-09
9292,Catherine Day,35,Female,Canada,2043-06-10
9293,Barbara Adams,37,Male,Germany,2043-06-11
9294,Sara Groves,57,Female,Brazil,2043-06-12
9295,Renee Trujillo,64,Male,India,2043-06-13
9296,Emanuel Coleman,43,Female,US,2043-06-14
9297,Davida Young,24,Male,Germany,2043-06-15
9298,Brenda Spicer,26,Female,Germany,2043-06-16
9299,Mary Hirschboeck,50,Female,Brazil,2043-06-17
9300,John Walker,50,Female,Canada,2043-06-18
9301,Fern Ploeger,22,Male,India,2043-06-19
9302,George Reichert,58,Female,India,2043-06-20
9303,Christy Vukelich,62,Female,Germany,2043-06-21
9304,Kathryn Goff,58,Male,Canada,2043-06-22
9305,Maureen Turnbloom,40,Female,UK,2043-06-23
9306,Florianne Helton,20,Male,Germany,2043-06-24
9307,Geraldine Molina,53,Female,Brazil,2043-06-25
9308,Susan York,20,Male,India,2043-06-26
9309,William Lile,22,Male,India,2043-06-27
9310,Donald Goldsmith,35,Male,Germany,2043-06-28
9311,Angelita Gibbs,49,Female,Canada,2043-06-29
9312,Stan Klein,59,Female,India,2043-06-30
9313,Casey Stonehocker,36,Male,Brazil,2043-07-01
9314,Patricia Ketterman,49,Male,Canada,2043-07-02
9315,Tish Duff,34,Female,US,2043-07-03
9316,Peter Contreras,20,Male,Germany,2043-07-04
9317,Susan Crane,18,Male,UK,2043-07-05
9318,James Struck,55,Male,Germany,2043-07-06
9319,Doris Stogner,22,Female,US,2043-07-07
9320,Marilyn Lorenzo,19,Female,UK,2043-07-08
9321,Shakoala Martinez,44,Male,Brazil,2043-07-09
9322,Tom Barajas,36,Male,US,2043-07-10
9323,Daisy Watanuki,64,Male,Germany,2043-07-11
9324,John Welsh,35,Female,UK,2043-07-12
9325,Jay Singleton,22,Female,Canada,2043-07-13
9326,Karen Schultz,25,Male,India,2043-07-14
9327,Michael Swartwood,46,Male,Canada,2043-07-15
9328,Aleah Elmore,48,Male,US,2043-07-16
9329,Carroll Pressnitz,52,Male,Brazil,2043-07-17
9330,Harold Shepherd,47,Male,India,2043-07-18
9331,Ryan Ward,35,Male,Canada,2043-07-19
9332,Michael Stamison,28,Female,India,2043-07-20
9333,Sheila Lewis,38,Female,Germany,2043-07-21
9334,Linda Larson,44,Female,Germany,2043-07-22
9335,Mary Wehmhoff,48,Female,Germany,2043-07-23
9336,Joseph Schilke,62,Male,US,2043-07-24
9337,Adele Snyder,55,Female,Germany,2043-07-25
9338,George McCane,27,Male,Brazil,2043-07-26
9339,Jennings Smith,27,Female,Canada,2043-07-27
9340,Michael Harris,45,Female,Brazil,2043-07-28
9341,Mary Topel,63,Male,US,2043-07-29
9342,Anne Sims,24,Female,Brazil,2043-07-30
9343,Ellen Allen,53,Male,US,2043-07-31
9344,James Lewis,50,Female,UK,2043-08-01
9345,Margaret Stephens,51,Male,Germany,2043-08-02
9346,Garnis Cooper,38,Female,Canada,2043-08-03
9347,Marvin Neely,54,Male,US,2043-08-04
9348,David Guariente,34,Male,India,2043-08-05
9349,Cecil Mayfield,20,Male,US,2043-08-06
9350,Virginia Speck,23,Male,Germany,2043-08-07
9351,Mary Thornton,63,Female,US,2043-08-08
9352,Leonard Burnett,20,Male,US,2043-08-09
9353,John Hurst,46,Male,Germany,2043-08-10
9354,Jhanadu Krah,56,Female,India,2043-08-11
9355,Margaret Allison,37,Female,Canada,2043-08-12
9356,Teong Monitor,60,Female,Germany,2043-08-13
9357,Charles Barrier,41,Female,US,2043-08-14
9358,Karen Snyder,22,Female,Canada,2043-08-15
9359,Dave Ratcliff,61,Female,India,2043-08-16
9360,Fahim Watson,46,Male,Brazil,2043-08-17
9361,Rosemarie Ulibarri,61,Male,Germany,2043-08-18
9362,Jason Covel,49,Male,Germany,2043-08-19
9363,Anne Marie Waggoner,41,Female,Germany,2043-08-20
9364,Meladie Johnson,40,Female,Germany,2043-08-21
9365,Harold Trujillo,26,Female,Brazil,2043-08-22
9366,Lillian Martensen,56,Male,Brazil,2043-08-23
9367,Michael Thayer,58,Female,Brazil,2043-08-24
9368,Dorothy DeVita,28,Female,UK,2043-08-25
9369,Marwan Gieger,63,Male,India,2043-08-26
9370,William Giles,27,Female,India,2043-08-27
9371,Deanna Buskirk,54,Female,UK,2043-08-28
9372,Jeanne Eurich,40,Male,Brazil,2043-08-29
9373,Bo Chaney,43,Female,India,2043-08-30
9374,Cindy Golden,63,Male,Canada,2043-08-31
9375,Wilfred Ceballos,47,Female,Brazil,2043-09-01
9376,Daphne OMalley,44,Female,India,2043-09-02
9377,Jenna Thys,49,Female,Canada,2043-09-03
9378,Aranda Bussell,18,Male,India,2043-09-04
9379,Louis Gomez,63,Female,Brazil,2043-09-05
9380,Bob Sullivan,48,Female,US,2043-09-06
9381,Elaine Avancena,33,Female,India,2043-09-07
9382,Shelley Melville,23,Male,Germany,2043-09-08
9383,Shirley Lang,35,Male,India,2043-09-09
9384,Frank Johnston,41,Male,UK,2043-09-10
9385,Catherine Korber,45,Male,India,2043-09-11
9386,John Walker,34,Male,Canada,2043-09-12
9387,Nannie Neloms,30,Male,US,2043-09-13
9388,Lyalia Howard,50,Male,Canada,2043-09-14
9389,Lynda Conway,29,Female,Canada,2043-09-15
9390,Lillian Smith,41,Female,US,2043-09-16
9391,Evelyn Tang,43,Female,India,2043-09-17
9392,Johann Winternitz,48,Male,UK,2043-09-18
9393,Robert Brink,63,Male,US,2043-09-19
9394,Fred Breuner,20,Female,Canada,2043-09-20
9395,John Nova,48,Female,Germany,2043-09-21
9396,Lawanda Cardinal,46,Male,India,2043-09-22
9397,Allen Dutton,64,Female,US,2043-09-23
9398,Jason Cabling,26,Female,UK,2043-09-24
9399,Carlos Carter,40,Female,Brazil,2043-09-25
9400,Leslie Estes,29,Male,India,2043-09-26
9401,Marsha Clinard,18,Female,US,2043-09-27
9402,Richard Sheeder,36,Female,US,2043-09-28
9403,Rodney Antonioni,38,Female,India,2043-09-29
9404,Alice Stewart,32,Male,Germany,2043-09-30
9405,Jared Kidd,49,Male,UK,2043-10-01
9406,Charlie Worthington,26,Female,US,2043-10-02
9407,Robert Jecman,19,Male,Germany,2043-10-03
9408,Rhoda Rustay,42,Male,UK,2043-10-04
9409,Julia Welge,39,Male,US,2043-10-05
9410,Joseph Abrahamian,44,Male,Germany,2043-10-06
9411,Jhanadu Krah,34,Female,US,2043-10-07
9412,Gloria Orona,27,Female,UK,2043-10-08
9413,Linda Tubis,36,Female,Germany,2043-10-09
9414,Ruth Brashears,51,Male,UK,2043-10-10
9415,Bob Dabit,41,Male,Germany,2043-10-11
9416,Grace McLaughlin,60,Female,Canada,2043-10-12
9417,Vincent Hartman,63,Female,Germany,2043-10-13
9418,Johnny Stratton,63,Female,UK,2043-10-14
9419,Alice Newsome,45,Male,Brazil,2043-10-15
9420,John Johnson,44,Female,US,2043-10-16
9421,William Wade,48,Male,UK,2043-10-17
9422,Jennifer Harrison,22,Male,India,2043-10-18
9423,Raymond Bolender,39,Female,India,2043-10-19
9424,Lois Wood,42,Female,India,2043-10-20
9425,Lee Millet,29,Female,India,2043-10-21
9426,Wreatha West,18,Female,Brazil,2043-10-22
9427,Mary Jane Schnell,57,Male,Brazil,2043-10-23
9428,Anna Hill,37,Male,Canada,2043-10-24
9429,Robert Dale,23,Male,US,2043-10-25
9430,Shawn Mccall,64,Male,Germany,2043-10-26
9431,James Allred,64,Female,Canada,2043-10-27
9432,Renato Huff,61,Female,US,2043-10-28
9433,Angela Bowers,59,Female,India,2043-10-29
9434,Mary Alexander,50,Female,Brazil,2043-10-30
9435,Linda Stidham,31,Female,India,2043-10-31
9436,Beulah Sowards,55,Male,Germany,2043-11-01
9437,Randy Hopkins,50,Female,US,2043-11-02
9438,Rebecca Kanagaki,59,Male,UK,2043-11-03
9439,Joann Hanas,46,Male,India,2043-11-04
9440,Andrew Stetler,30,Female,UK,2043-11-05
9441,Walter Winkley,21,Male,UK,2043-11-06
9442,Dale Pilot,38,Male,Germany,2043-11-07
9443,Gertrude Fults,21,Female,Brazil,2043-11-08
9444,Donna Brooks,20,Female,Brazil,2043-11-09
9445,John Tucker,61,Male,UK,2043-11-10
9446,Daniel Sanders,51,Male,Germany,2043-11-11
9447,Cindy Pilotte,19,Male,Germany,2043-11-12
9448,Jeffrey Evoy,40,Male,Canada,2043-11-13
9449,Pam Young,28,Female,Germany,2043-11-14
9450,Bruce Chacon,44,Female,India,2043-11-15
9451,Sharon Torres,37,Male,Germany,2043-11-16
9452,Shaharia Cosby,47,Female,India,2043-11-17
9453,Richard Morrison,30,Female,Brazil,2043-11-18
9454,Vicki Lind,38,Male,UK,2043-11-19
9455,Marvin Confetti,18,Female,India,2043-11-20
9456,Thomas Medina,59,Female,Germany,2043-11-21
9457,Tim Riffe,51,Male,US,2043-11-22
9458,Clinton Curry,59,Female,UK,2043-11-23
9459,David Tenney,33,Male,Brazil,2043-11-24
9460,Robert Bains,44,Female,India,2043-11-25
9461,David White,32,Male,India,2043-11-26
9462,Ralph Jones,25,Male,Germany,2043-11-27
9463,Daniel Thompson,62,Female,Germany,2043-11-28
9464,Barton Barros,58,Female,UK,2043-11-29
9465,Rebecca Barley,56,Male,UK,2043-11-30
9466,Julie Vij,29,Male,US,2043-12-01
9467,Nadine Lujan,46,Male,Germany,2043-12-02
9468,Timothy Burnett,56,Male,Brazil,2043-12-03
9469,Herman Pack,55,Male,US,2043-12-04
9470,Chauncey Schaub,51,Male,Brazil,2043-12-05
9471,Thomas Baldwin,51,Male,Brazil,2043-12-06
9472,Shawn Vissers,62,Female,Brazil,2043-12-07
9473,Adienne Bjork,26,Male,UK,2043-12-08
9474,Matthew Miller,28,Female,Brazil,2043-12-09
9475,Bonnie Crawford,38,Male,UK,2043-12-10
9476,Gary Mcclure,52,Female,US,2043-12-11
9477,Joshua Anderson,29,Female,India,2043-12-12
9478,Ronny Panepinto,25,Female,Brazil,2043-12-13
9479,Pauline Cesena,52,Male,Germany,2043-12-14
9480,Lynn Bradley,23,Female,India,2043-12-15
9481,Stefanie Almanzor,60,Male,Canada,2043-12-16
9482,Mary Fidler,38,Female,Brazil,2043-12-17
9483,Roman Saller,22,Female,India,2043-12-18
9484,Stephanie Borelli,37,Female,Germany,2043-12-19
9485,Chris King,31,Male,Canada,2043-12-20
9486,Maria Briganti,61,Female,Brazil,2043-12-21
9487,Mary Hirschboeck,49,Female,Germany,2043-12-22
9488,Gary Berglund,40,Male,US,2043-12-23
9489,Virginia Woods,24,Female,Brazil,2043-12-24
9490,Ann Barr,50,Male,Germany,2043-12-25
9491,Charlotte Yonce,63,Male,Brazil,2043-12-26
9492,Leslie Fedak,22,Female,Brazil,2043-12-27
9493,Heather Smith,27,Female,Canada,2043-12-28
9494,Mitch Meece,31,Female,Germany,2043-12-29
9495,Stephanie Wilson,54,Female,Brazil,2043-12-30
9496,Tim Trujillo,45,Male,Canada,2043-12-31
9497,Sam Castro,25,Male,Brazil,2044-01-01
9498,La Wanda Grenemyer,56,Female,US,2044-01-02
9499,Cathy Filson,36,Female,UK,2044-01-03
9500,John Koshis,58,Female,Canada,2044-01-04
9501,Mabel Powers,39,Male,Brazil,2044-01-05
9502,Jamie Spencer,44,Male,Brazil,2044-01-06
9503,Betsy Chan,34,Male,UK,2044-01-07
9504,Ruth Minniear,63,Female,Canada,2044-01-08
9505,Donald Reasoner,25,Male,US,2044-01-09
9506,Danielle Hurtado,34,Male,Canada,2044-01-10
9507,Michael Cavagnaro,23,Female,India,2044-01-11
9508,William Carson,37,Male,India,2044-01-12
9509,Richard Davis,39,Female,Brazil,2044-01-13
9510,Andrew Radford,51,Male,UK,2044-01-14
9511,Marilyn Smith,30,Female,UK,2044-01-15
9512,Bobby Waksdale,52,Female,India,2044-01-16
9513,Antamine Veregas,40,Female,Brazil,2044-01-17
9514,Lillian Chandler,62,Female,Germany,2044-01-18
9515,Opal Kesler,30,Male,US,2044-01-19
9516,Dave Ysmael,37,Female,Germany,2044-01-20
9517,Bernadette Marschang,49,Female,India,2044-01-21
9518,Ana Wristen,35,Female,Canada,2044-01-22
9519,Sharron Mauro,54,Female,Germany,2044-01-23
9520,Sharon Piccola,34,Female,UK,2044-01-24
9521,Aldeen Gallagher,32,Female,Brazil,2044-01-25
9522,Ted Yaniz,23,Female,India,2044-01-26
9523,Blanche Griffin,43,Male,UK,2044-01-27
9524,Linda Stam,19,Male,Brazil,2044-01-28
9525,Dianne Abreu,23,Female,Canada,2044-01-29
9526,Elizabeth Moss,64,Female,Brazil,2044-01-30
9527,Shawn Turner,50,Male,US,2044-01-31
9528,Gregory Quinones,21,Female,India,2044-02-01
9529,Pilar Portus,41,Male,US,2044-02-02
9530,Dave Lay,38,Female,UK,2044-02-03
9531,Grace Drake,64,Female,UK,2044-02-04
9532,Christopher Tribble,52,Male,Brazil,2044-02-05
9533,Robert Lowe,50,Female,Brazil,2044-02-06
9534,Rose Scott,64,Female,India,2044-02-07
9535,Frances Martinez,33,Male,Germany,2044-02-08
9536,William Lohr,55,Male,UK,2044-02-09
9537,Cynthia McLaughlin,62,Male,US,2044-02-10
9538,Bruce Wood,30,Male,Brazil,2044-02-11
9539,Robert Conrad,50,Male,US,2044-02-12
9540,Ed Weaber,63,Male,UK,2044-02-13
9541,Gery Scott,46,Female,UK,2044-02-14
9542,Diane Ulibarri,62,Male,Brazil,2044-02-15
9543,Lawanda Cardinal,34,Male,Canada,2044-02-16
9544,Denise Clark,64,Female,Germany,2044-02-17
9545,Franklin Castillo,37,Male,India,2044-02-18
9546,John Batouche,63,Female,Germany,2044-02-19
9547,Patti Ives,28,Male,Brazil,2044-02-20
9548,Joe Rebhun,50,Male,Canada,2044-02-21
9549,Kathryn Agard,56,Female,Germany,2044-02-22
9550,Aaron Zimmerman,36,Male,US,2044-02-23
9551,Nancy Cole,50,Male,Germany,2044-02-24
9552,Frank Henry,59,Male,India,2044-02-25
9553,Linda Moreno,39,Male,India,2044-02-26
9554,Joy Turner,46,Female,UK,2044-02-27
9555,Andrew Stewart,57,Female,Brazil,2044-02-28
9556,Stephen Zape,22,Male,India,2044-02-29
9557,Myrtle Kulkriwes,56,Male,UK,2044-03-01
9558,Fraidon Morris,46,Male,Canada,2044-03-02
9559,James Bond,35,Male,Germany,2044-03-03
9560,Debra Plasner,38,Male,Germany,2044-03-04
9561,Diana Kimball,31,Female,India,2044-03-05
9562,Christine Cristantiello,30,Female,UK,2044-03-06
9563,Ellis Owens,48,Female,Germany,2044-03-07
9564,William Kolisch,60,Female,India,2044-03-08
9565,Barbara Stone,31,Female,Brazil,2044-03-09
9566,Alma Osborne,23,Male,Brazil,2044-03-10
9567,David Barnemam,34,Male,Canada,2044-03-11
9568,Herve Spencer,34,Male,Canada,2044-03-12
9569,Dennis Passig,47,Male,UK,2044-03-13
9570,Gail Wojik,62,Female,Brazil,2044-03-14
9571,Susan Higgins,57,Male,UK,2044-03-15
9572,La Wanda Grenemyer,64,Male,Germany,2044-03-16
9573,Harold Givens,48,Female,Brazil,2044-03-17
9574,Norma Chambers,42,Female,US,2044-03-18
9575,Terry Monitor,49,Female,Brazil,2044-03-19
9576,Dawn Haug,54,Male,Germany,2044-03-20
9577,Ingrid Burkhardt,63,Female,UK,2044-03-21
9578,Edwin Kovacs,45,Male,Canada,2044-03-22
9579,Bernard Voerge,32,Male,UK,2044-03-23
9580,Betty Ramirez,55,Male,US,2044-03-24
9581,James Mc Coy,48,Male,Brazil,2044-03-25
9582,Lauern Stedman,46,Female,Canada,2044-03-26
9583,Catherine Park,20,Male,Brazil,2044-03-27
9584,Sherry Campanile,47,Male,India,2044-03-28
9585,Elizabeth Martin,60,Female,India,2044-03-29
9586,Jonathan Saeedi,30,Male,India,2044-03-30
9587,Richard Duncan,52,Female,UK,2044-03-31
9588,George Dunlap,33,Male,Brazil,2044-04-01
9589,Melvin Hogg,27,Female,Canada,2044-04-02
9590,Anthony Wiggins,63,Male,Brazil,2044-04-03
9591,Theresa Hargis,18,Male,Germany,2044-04-04
9592,Donna Smith,31,Male,Canada,2044-04-05
9593,George Bakkie,25,Female,Brazil,2044-04-06
9594,Steve Berger,43,Female,Canada,2044-04-07
9595,Charity Blue,52,Male,US,2044-04-08
9596,Mabel Oreskovich,57,Male,US,2044-04-09
9597,Bonnie Trubow,29,Male,US,2044-04-10
9598,Paul Shields,46,Female,Brazil,2044-04-11
9599,Linda Carter,25,Male,UK,2044-04-12
9600,Ron Montgomery,33,Female,Brazil,2044-04-13
9601,Eric Waggoner,33,Male,Brazil,2044-04-14
9602,Parker Abo,49,Male,Germany,2044-04-15
9603,Greg Ponce,39,Male,Brazil,2044-04-16
9604,Patrice Kight,34,Male,UK,2044-04-17
9605,Elsie Maggart,45,Male,Brazil,2044-04-18
9606,Jay Singleton,59,Female,Germany,2044-04-19
9607,Scott Bubb,57,Male,US,2044-04-20
9608,Agnes Pfanz,25,Female,India,2044-04-21
9609,Nick Skapinok,28,Male,Brazil,2044-04-22
9610,Catherine Waterhouse,63,Male,UK,2044-04-23
9611,Luke Blanton,26,Female,Canada,2044-04-24
9612,Sue Thayer,21,Female,Brazil,2044-04-25
9613,William Sotelo,18,Female,Canada,2044-04-26
9614,Joyce Hijar,54,Female,Canada,2044-04-27
9615,Matt Carroll,48,Female,Canada,2044-04-28
9616,Rachel Johnson,42,Female,US,2044-04-29
9617,Kathleen Smith,46,Female,US,2044-04-30
9618,Rene Hernandez,24,Female,India,2044-05-01
9619,Sandra Christensen,24,Female,India,2044-05-02
9620,Michael Cellini,44,Male,Germany,2044-05-03
9621,Evelyn Brown,43,Female,UK,2044-05-04
9622,George Collins,37,Male,India,2044-05-05
9623,Teri Bishara,32,Male,UK,2044-05-06
9624,Kenneth Flint,29,Female,Germany,2044-05-07
9625,Frank Kessler,51,Male,Canada,2044-05-08
9626,Elizabeth Mason,45,Male,India,2044-05-09
9627,Susan Medina,48,Male,UK,2044-05-10
9628,Greg Gilliland,45,Female,UK,2044-05-11
9629,Pam Aitken,23,Female,India,2044-05-12
9630,Sean Souleyrette,43,Male,Brazil,2044-05-13
9631,Karen Horan,41,Female,US,2044-05-14
9632,Teresa Bradshaw,51,Male,UK,2044-05-15
9633,Emanuel Grundmann,58,Female,UK,2044-05-16
9634,Danette Allison,24,Female,Brazil,2044-05-17
9635,Anne Farley,53,Female,UK,2044-05-18
9636,Geneva Emmons,34,Female,Brazil,2044-05-19
9637,Marjorie Marlowe,58,Male,US,2044-05-20
9638,Melissa Ames,30,Female,US,2044-05-21
9639,Marlene Bolden,27,Male,US,2044-05-22
9640,Doris Stogner,50,Male,Brazil,2044-05-23
9641,Lona Kahawai,45,Female,Canada,2044-05-24
9642,Jean Bell,31,Female,Germany,2044-05-25
9643,Richard Runyon,46,Male,Canada,2044-05-26
9644,Nestor Carpoff,37,Female,India,2044-05-27
9645,Sharon Crow,27,Female,Germany,2044-05-28
9646,David Travierso,26,Female,Brazil,2044-05-29
9647,Evelyn Wright,20,Female,UK,2044-05-30
9648,Shirley Capella,60,Female,Canada,2044-05-31
9649,Helen Huck,59,Male,Brazil,2044-06-01
9650,Abigail Foster,44,Female,Brazil,2044-06-02
9651,Ronald Telleria,26,Male,Germany,2044-06-03
9652,John Mc Clane,55,Female,Brazil,2044-06-04
9653,John Lane,57,Female,UK,2044-06-05
9654,Helen Plum,48,Male,Canada,2044-06-06
9655,Florence Pratt,37,Female,UK,2044-06-07
9656,Edith Daniel Johnson,33,Male,Canada,2044-06-08
9657,Julie St. Aubyn,27,Male,Germany,2044-06-09
9658,Barbara Bowling,20,Male,Germany,2044-06-10
9659,Michael Larson,35,Male,UK,2044-06-11
9660,Shelley Stumm,53,Female,Germany,2044-06-12
9661,Arthur Bohn,42,Male,Germany,2044-06-13
9662,Janet Carl,48,Female,Germany,2044-06-14
9663,Tobias Tuason,63,Male,Canada,2044-06-15
9664,Beatrix Stevens,36,Female,India,2044-06-16
9665,Ernestine Thomsen,23,Female,US,2044-06-17
9666,Doug Graham,57,Female,Germany,2044-06-18
9667,Margot Freeman,46,Female,Germany,2044-06-19
9668,James Velasquez,52,Female,US,2044-06-20
9669,Diana Zeller,61,Male,India,2044-06-21
9670,Diane Brown,26,Male,Germany,2044-06-22
9671,Zenin Sussman,18,Male,India,2044-06-23
9672,Cynthia Abramson,51,Female,Germany,2044-06-24
9673,Laurie Ayers,56,Male,Canada,2044-06-25
9674,David Dewitt,26,Male,India,2044-06-26
9675,Kenneth Richardson,48,Female,Brazil,2044-06-27
9676,Michael Andrews,36,Male,UK,2044-06-28
9677,Robert Raney,18,Male,India,2044-06-29
9678,Matthew Petullo,40,Female,Canada,2044-06-30
9679,Lori Breeze,28,Female,Brazil,2044-07-01
9680,Olga Reinboldt,49,Female,Germany,2044-07-02
9681,Diana Dodge,41,Male,Canada,2044-07-03
9682,Jean Maloney,39,Male,Germany,2044-07-04
9683,Gregory Westall,18,Male,India,2044-07-05
9684,Donna Ragland,43,Male,Germany,2044-07-06
9685,Reanel Adams,25,Male,Germany,2044-07-07
9686,Debra Thompson,48,Male,Brazil,2044-07-08
9687,Tyler Andrews,29,Male,Germany,2044-07-09
9688,Ruth Morrow,52,Female,Brazil,2044-07-10
9689,Jay Singleton,58,Male,Germany,2044-07-11
9690,Elizabeth French,37,Male,UK,2044-07-12
9691,Ellen Mallozzi,24,Female,Germany,2044-07-13
9692,Cory Barrett,32,Male,Germany,2044-07-14
9693,Brittany Durkee,30,Male,US,2044-07-15
9694,Sandra Young,45,Male,US,2044-07-16
9695,Linda Shifflet,23,Male,Canada,2044-07-17
9696,Patrick Carino,55,Male,India,2044-07-18
9697,Dorothy Ventura,23,Male,India,2044-07-19
9698,Anthony Baldwin,42,Male,US,2044-07-20
9699,Sergio Hensley,22,Female,India,2044-07-21
9700,Scot Bent,29,Male,Germany,2044-07-22
9701,Erica Raines,57,Female,Canada,2044-07-23
9702,Tom Souders,56,Male,Brazil,2044-07-24
9703,Paul Bonicelli,36,Female,India,2044-07-25
9704,Clifford Hibbits,55,Male,UK,2044-07-26
9705,Lonnie Cummings,38,Male,Germany,2044-07-27
9706,Nancy LaTulippe,57,Female,India,2044-07-28
9707,Walter Munhall,55,Male,Brazil,2044-07-29
9708,Arthur Trout,27,Female,Canada,2044-07-30
9709,Masaharu Ryan,56,Male,UK,2044-07-31
9710,Vera Oana,53,Male,US,2044-08-01
9711,Diane Anderson,50,Male,UK,2044-08-02
9712,James Tran,57,Female,UK,2044-08-03
9713,Ellis Richardson,45,Male,Germany,2044-08-04
9714,Oscar Pastor,31,Male,UK,2044-08-05
9715,Sharon Barber,24,Male,Canada,2044-08-06
9716,Sharon Lindall,20,Female,Germany,2044-08-07
9717,Percy Dissette,63,Male,Canada,2044-08-08
9718,Dolores Gillespie,52,Female,India,2044-08-09
9719,Dorothy McDonald,49,Female,Brazil,2044-08-10
9720,Raymond Hoskins,42,Male,Brazil,2044-08-11
9721,Shirley Colvin,55,Female,US,2044-08-12
9722,Clarence Thompson,47,Female,Germany,2044-08-13
9723,Margaret Moore,25,Female,Germany,2044-08-14
9724,Steven Corum,51,Male,US,2044-08-15
9725,Russ Aspinwall,35,Male,US,2044-08-16
9726,Karen Spiegel,45,Female,US,2044-08-17
9727,Gen Taylor,26,Female,US,2044-08-18
9728,Barbara Arbeck,37,Male,India,2044-08-19
9729,Donna Styles,45,Female,India,2044-08-20
9730,Alexander Calligan,38,Female,India,2044-08-21
9731,Holly Breder,63,Male,India,2044-08-22
9732,Thelma Molley,49,Female,Brazil,2044-08-23
9733,Shawn Turner,20,Female,US,2044-08-24
9734,Karen Schultz,18,Female,India,2044-08-25
9735,Mildred Klein,43,Female,Canada,2044-08-26
9736,Peggy Tresso,55,Male,Brazil,2044-08-27
9737,Mary Wehmhoff,41,Female,Canada,2044-08-28
9738,Rae Gould,46,Male,Germany,2044-08-29
9739,Rebecca Sparvoli,45,Male,Brazil,2044-08-30
9740,Py Bateman,42,Female,Brazil,2044-08-31
9741,Marleen Waddill,58,Male,Germany,2044-09-01
9742,Anita Stoddard,61,Male,India,2044-09-02
9743,Ruby Perkins,26,Female,Germany,2044-09-03
9744,Don Clay,23,Male,Brazil,2044-09-04
9745,Scott McCarthy,21,Male,Germany,2044-09-05
9746,Shirley Colvin,27,Female,UK,2044-09-06
9747,Patricia Morrone,44,Male,US,2044-09-07
9748,Dorothy Evans,61,Male,US,2044-09-08
9749,Kris Bergin,25,Male,Brazil,2044-09-09
9750,Peter Ciccone,62,Female,Canada,2044-09-10
9751,Janine Clare,23,Male,India,2044-09-11
9752,Merav Netz,42,Male,Brazil,2044-09-12
9753,Aaron Story,21,Female,UK,2044-09-13
9754,Judy Curd,43,Female,US,2044-09-14
9755,Jill Garner,57,Male,India,2044-09-15
9756,Ella Barrilleaux,36,Male,Germany,2044-09-16
9757,Dorothy Sullivan,19,Male,UK,2044-09-17
9758,John Koshis,52,Male,Germany,2044-09-18
9759,Emily Meek,27,Male,US,2044-09-19
9760,Lynn Campbell,23,Male,India,2044-09-20
9761,Karen Holliday,25,Male,Brazil,2044-09-21
9762,Leslie Leonard,53,Female,India,2044-09-22
9763,Kathy Mack,38,Male,Germany,2044-09-23
9764,Suzann Goodwin,25,Female,Brazil,2044-09-24
9765,Sara Brown,30,Male,UK,2044-09-25
9766,Mary Ketchum,26,Male,UK,2044-09-26
9767,Clayton Harris,35,Male,UK,2044-09-27
9768,Heath Lopez,23,Female,UK,2044-09-28
9769,Peter Swaim,59,Male,India,2044-09-29
9770,Mitch Anderson,47,Male,Brazil,2044-09-30
9771,Claud Spicer,42,Male,India,2044-10-01
9772,Kathaleen Cohen,64,Female,India,2044-10-02
9773,Deborah Stevenson,31,Male,US,2044-10-03
9774,Ricardo Dittemore,58,Male,India,2044-10-04
9775,Dolores Trahan,29,Male,UK,2044-10-05
9776,Antonia Eads,18,Female,Brazil,2044-10-06
9777,Robert Lazo,36,Female,Brazil,2044-10-07
9778,Erika Anderson,26,Female,Canada,2044-10-08
9779,Kenneth Musungu,50,Female,Germany,2044-10-09
9780,Jeannie Ross,41,Female,Brazil,2044-10-10
9781,Beverly Brush,62,Male,Germany,2044-10-11
9782,Helen Wright,36,Female,Brazil,2044-10-12
9783,Dolores Martin,32,Female,India,2044-10-13
9784,Luther Ulibarri,47,Female,US,2044-10-14
9785,James Solano,54,Male,Brazil,2044-10-15
9786,Nicholas Contreras,24,Female,India,2044-10-16
9787,Antone Caldwell,23,Female,Canada,2044-10-17
9788,Megan Tillman,54,Female,UK,2044-10-18
9789,Ramon Werts,35,Female,India,2044-10-19
9790,Doris Saurerveirn,54,Male,UK,2044-10-20
9791,Helen Valdivia,57,Male,UK,2044-10-21
9792,Donahue Steen,30,Male,Canada,2044-10-22
9793,Andrew McCurry,48,Female,UK,2044-10-23
9794,Elizabeth Maydew,24,Female,UK,2044-10-24
9795,Jason Castello,53,Male,Canada,2044-10-25
9796,Kendra Hartling,26,Female,Brazil,2044-10-26
9797,Douglas Hoffner,62,Male,Canada,2044-10-27
9798,Mary Pierson,45,Female,Canada,2044-10-28
9799,Darleen Purcell,32,Female,Canada,2044-10-29
9800,Brett Broce,45,Male,Germany,2044-10-30
9801,Christine Vanek,49,Female,Brazil,2044-10-31
9802,Paul Provencio,48,Male,Canada,2044-11-01
9803,Violetta Hill,36,Female,Canada,2044-11-02
9804,Carol Mitchell,60,Male,US,2044-11-03
9805,Timothy Cook,33,Male,Germany,2044-11-04
9806,Gina Kerbel,60,Male,UK,2044-11-05
9807,Dennis Ebers,21,Female,Germany,2044-11-06
9808,Billilyn Whitmer,59,Female,Brazil,2044-11-07
9809,Regina Simon,47,Female,Brazil,2044-11-08
9810,Kari Consers,18,Male,UK,2044-11-09
9811,Richard Witmer,38,Female,Germany,2044-11-10
9812,Patricia Briles,60,Male,US,2044-11-11
9813,Clifford Reeley,38,Female,Germany,2044-11-12
9814,Maryann Soderholm,43,Male,India,2044-11-13
9815,Douglas Conkel,59,Male,Canada,2044-11-14
9816,Pete Fisher,35,Male,India,2044-11-15
9817,Patricia Andie Wanlass,62,Female,Brazil,2044-11-16
9818,Jennifer Confetti,29,Female,Canada,2044-11-17
9819,Linda McCormick,40,Male,Brazil,2044-11-18
9820,Justine Ryan,25,Male,UK,2044-11-19
9821,Rebecca Ferguson,30,Female,India,2044-11-20
9822,Patrick Novelli,38,Male,India,2044-11-21
9823,Margaret Bean,52,Female,India,2044-11-22
9824,Mary Beth Rohlf,51,Female,Brazil,2044-11-23
9825,Tim Brice,37,Male,UK,2044-11-24
9826,Becky Perez,31,Female,Germany,2044-11-25
9827,Donahue Steen,34,Female,India,2044-11-26
9828,Theresa Sumbler,60,Female,UK,2044-11-27
9829,Joe Townes,46,Female,Germany,2044-11-28
9830,Victoria Arch,44,Male,UK,2044-11-29
9831,Carolyn Jenkins,31,Male,UK,2044-11-30
9832,Margaret Padzensky,61,Female,India,2044-12-01
9833,Maxine Larkins,21,Female,Germany,2044-12-02
9834,John Baber,56,Male,Germany,2044-12-03
9835,J. Thomas Stellini,47,Male,US,2044-12-04
9836,Roy Wolf,34,Male,UK,2044-12-05
9837,Vincent Hartman,33,Female,UK,2044-12-06
9838,William Barr,35,Female,Brazil,2044-12-07
9839,Lois Conneally,59,Male,Canada,2044-12-08
9840,Sheri West,63,Female,India,2044-12-09
9841,Hans Squires,40,Female,India,2044-12-10
9842,Christine Brubaker,34,Male,Brazil,2044-12-11
9843,Patricia Andie Wanlass,60,Female,India,2044-12-12
9844,Kenyatta Warren,41,Male,Brazil,2044-12-13
9845,Meris Snodgrass,58,Female,US,2044-12-14
9846,Doris Solorio,59,Male,US,2044-12-15
9847,Mildred Caporaletti,53,Male,Germany,2044-12-16
9848,Odin Stumpff,64,Female,Germany,2044-12-17
9849,Olive Magan,61,Male,India,2044-12-18
9850,Harvey Wightman,19,Female,Brazil,2044-12-19
9851,Andrew Gerlock,25,Male,India,2044-12-20
9852,Broadway Brewer,39,Female,US,2044-12-21
9853,Patricia Gulledge,63,Male,Canada,2044-12-22
9854,Earl Triemer,45,Female,Brazil,2044-12-23
9855,Joanne Klein,21,Male,Canada,2044-12-24
9856,John Koshis,29,Male,Germany,2044-12-25
9857,Javier Bauer,49,Male,Brazil,2044-12-26
9858,Pamela Ivner,48,Female,Canada,2044-12-27
9859,Harold Trujillo,30,Male,Canada,2044-12-28
9860,Edward Keith,32,Female,UK,2044-12-29
9861,Cecil Allison,55,Male,Brazil,2044-12-30
9862,Mabel Gwartney,28,Female,Germany,2044-12-31
9863,James Stevens,50,Male,Canada,2045-01-01
9864,Eunice Lunsford,44,Male,US,2045-01-02
9865,Irving Buck,20,Female,India,2045-01-03
9866,Marty Simpson,28,Female,Canada,2045-01-04
9867,Janice Mestas,63,Male,Brazil,2045-01-05
9868,Joseph Kropff,26,Female,Germany,2045-01-06
9869,Mark Watson,62,Male,UK,2045-01-07
9870,Mike Herman,42,Male,Canada,2045-01-08
9871,C. James Gillespie,56,Female,Germany,2045-01-09
9872,Jinous Gonzales,55,Male,UK,2045-01-10
9873,Oscar Roche,55,Male,US,2045-01-11
9874,David Guariente,54,Female,US,2045-01-12
9875,Rose Condrey,22,Female,UK,2045-01-13
9876,Brian Walmsley,53,Male,US,2045-01-14
9877,Adam Suggett,43,Male,Brazil,2045-01-15
9878,Nevlyn Shaw,38,Male,Germany,2045-01-16
9879,Geraldine Molina,27,Male,UK,2045-01-17
9880,Shirley Nichols,24,Male,India,2045-01-18
9881,Mathew Brener,51,Male,US,2045-01-19
9882,Gary Tucker,43,Male,Canada,2045-01-20
9883,Tamara Heritage,56,Male,India,2045-01-21
9884,Donald Torrez,55,Female,Germany,2045-01-22
9885,Bertie Cogburn,40,Female,UK,2045-01-23
9886,Fred Tam,45,Female,Germany,2045-01-24
9887,Lee Tucker,64,Male,US,2045-01-25
9888,Lillian Smith,37,Male,India,2045-01-26
9889,Deanne Vanderslice,49,Female,India,2045-01-27
9890,Tamara Trubin,37,Female,UK,2045-01-28
9891,Debbie Segura,42,Male,India,2045-01-29
9892,Jimmy King,20,Male,Brazil,2045-01-30
9893,A. Joyce Jarvis,48,Male,Brazil,2045-01-31
9894,Adria Trujillo,46,Female,Brazil,2045-02-01
9895,Janet Bury,21,Female,Brazil,2045-02-02
9896,Alberto Baltazar,22,Male,UK,2045-02-03
9897,Nadine Brehm,59,Female,Canada,2045-02-04
9898,Floyd Staples,24,Male,US,2045-02-05
9899,Lisa Vigil,59,Male,Canada,2045-02-06
9900,Robert Yengich,22,Female,Brazil,2045-02-07
9901,Ronald Arnold,49,Male,Germany,2045-02-08
9902,Tracy Carvello,47,Female,US,2045-02-09
9903,Gloria Allaire,31,Female,India,2045-02-10
9904,Michelle Turner,60,Male,UK,2045-02-11
9905,Lee Whitcomb,63,Female,Canada,2045-02-12
9906,Markeaus Jur,54,Male,UK,2045-02-13
9907,Marc Trager,27,Female,Germany,2045-02-14
9908,Donald Martinez,28,Male,Brazil,2045-02-15
9909,Carole Hoskins,24,Female,Brazil,2045-02-16
9910,Kittie Mills,62,Male,UK,2045-02-17
9911,Roy Colombana,60,Male,India,2045-02-18
9912,Gladys Mendiola,56,Male,India,2045-02-19
9913,Lucille Spangenberg,31,Male,UK,2045-02-20
9914,Kelly Ambrosine,20,Male,UK,2045-02-21
9915,Beverly Verduzco,41,Male,Germany,2045-02-22
9916,Christine McDonald,47,Male,Brazil,2045-02-23
9917,James Barnurn,47,Female,UK,2045-02-24
9918,Alice Berry,64,Male,UK,2045-02-25
9919,Peggy Denton,30,Male,Brazil,2045-02-26
9920,Ernest Kiser,24,Female,Canada,2045-02-27
9921,Amy Vogel,23,Male,Canada,2045-02-28
9922,Luke Blanton,57,Female,US,2045-03-01
9923,Roland Zumsteg,21,Male,UK,2045-03-02
9924,Barbara Stam,41,Female,US,2045-03-03
9925,Robert Lowe,36,Male,India,2045-03-04
9926,Paul Barrera,21,Male,UK,2045-03-05
9927,Maryann Begley,44,Male,Brazil,2045-03-06
9928,Christopher Nelson,30,Male,India,2045-03-07
9929,Michael Valdez,28,Female,UK,2045-03-08
9930,Isabella Palumbo,42,Male,UK,2045-03-09
9931,Carmen Wagner,25,Female,Germany,2045-03-10
9932,Elizabeth Kryway,33,Male,Brazil,2045-03-11
9933,Albert Jasdzewski,18,Male,Brazil,2045-03-12
9934,Andrew Swift,22,Female,US,2045-03-13
9935,Maria Wheeler,36,Female,Germany,2045-03-14
9936,Randy Carrigan,57,Male,Brazil,2045-03-15
9937,Agustin Roush,35,Male,UK,2045-03-16
9938,John Bowles,47,Female,Germany,2045-03-17
9939,Dawn Bergman,27,Male,Canada,2045-03-18
9940,Py Bateman,37,Male,India,2045-03-19
9941,Marilyn Cetnar,24,Female,US,2045-03-20
9942,Norma Velasquez,40,Male,US,2045-03-21
9943,Dee Fishburn,55,Male,US,2045-03-22
9944,Nancy Smith,23,Male,US,2045-03-23
9945,James Pearn,51,Female,Germany,2045-03-24
9946,Diana Redmer,33,Male,Germany,2045-03-25
9947,Gabriel Brennan,28,Female,UK,2045-03-26
9948,Crystal Gimblin,27,Female,Brazil,2045-03-27
9949,Sherman Sandusky,43,Female,Germany,2045-03-28
9950,Mike Bledsoe,37,Male,UK,2045-03-29
9951,Wanda Denecia,40,Female,Germany,2045-03-30
9952,Cynthia Brauch,38,Male,Brazil,2045-03-31
9953,Macario Robinson,50,Female,Germany,2045-04-01
9954,Juan Bradley,39,Male,India,2045-04-02
9955,James Blackburn,29,Male,UK,2045-04-03
9956,Raymond Morris,47,Female,Germany,2045-04-04
9957,Leslie Glasier,41,Male,US,2045-04-05
9958,Lorene Sayre,52,Male,US,2045-04-06
9959,John Aguilar,32,Male,Canada,2045-04-07
9960,Stephanie Beitler,24,Female,UK,2045-04-08
9961,Laureen Young,60,Female,UK,2045-04-09
9962,Kelvin McCarron,41,Female,India,2045-04-10
9963,Carole Hoskins,21,Male,Brazil,2045-04-11
9964,DeeDee Bennett,31,Male,Canada,2045-04-12
9965,Carolyn Herrera,50,Female,UK,2045-04-13
9966,Theodore Vance,40,Male,Canada,2045-04-14
9967,Joan Bermudez,39,Female,Brazil,2045-04-15
9968,William Wilkinson,27,Male,Germany,2045-04-16
9969,Margaret Hazlip,45,Female,India,2045-04-17
9970,Virgil Kactus,47,Male,India,2045-04-18
9971,Michael Owen,34,Male,UK,2045-04-19
9972,L. Paul Esquibel,61,Female,Brazil,2045-04-20
9973,Julia Hutchings,53,Male,Canada,2045-04-21
9974,Herman Roberson,50,Male,UK,2045-04-22
9975,Emily Bellamy,46,Female,UK,2045-04-23
9976,Dolores Landsaw,45,Male,US,2045-04-24
9977,Matthew Smith,18,Male,Germany,2045-04-25
9978,Richard McClain,37,Male,US,2045-04-26
9979,Edward Buensalido,31,Female,UK,2045-04-27
9980,Wanda Schmelzle,21,Female,UK,2045-04-28
9981,Nicholas Cline,33,Female,Germany,2045-04-29
9982,Nellie Orando,41,Male,India,2045-04-30
9983,Gerald McCombs,36,Female,Canada,2045-05-01
9984,Gerald Austin,25,Female,UK,2045-05-02
9985,Kevin Bidelman,53,Male,Germany,2045-05-03
9986,David Welge,29,Female,Canada,2045-05-04
9987,Laura Summers,50,Female,Brazil,2045-05-05
9988,Ceaser Krueger,37,Male,Brazil,2045-05-06
9989,Francis Brown,38,Female,UK,2045-05-07
9990,Victor Pigman,44,Female,Brazil,2045-05-08
9991,Frank Bush,51,Male,US,2045-05-09
9992,Steve DeBry,48,Female,India,2045-05-10
9993,Jonathan Hayes,59,Female,UK,2045-05-11
9994,Eduardo Godinez,31,Female,US,2045-05-12
9995,Paulette Pantell,48,Male,UK,2045-05-13
9996,Kristin Singh,33,Female,Canada,2045-05-14
9997,Benjamin Green,50,Male,UK,2045-05-15
9998,Peffy Byron,43,Female,India,2045-05-16
9999,William Moreschini,26,Male,India,2045-05-17
10000,Gerald Casey,55,Female,Brazil,2045-05-18
